review_id,sentence_idx,sentence,product_name,rating,pred_label_review,pred_label,pred_label_string,is_negative,prob_negative,prob_weak_negative,prob_weak_positive,prob_positive,cluster
820835950,0,박스가 다 구겨지고 뜯겨있음,iphone_17,1,0,1,weak_negative,True,0.31346327,0.5626464,0.118313365,0.0055769547,1
820835950,1,얼마나 박스를 발로 밟았는지 던졌는지 다 찌그러져 있고 심지어 박스 밀봉도 심하게 뜯겨 있어서 내용물이 다 보이네요,iphone_17,1,0,1,weak_negative,True,0.3024018,0.5951879,0.092969805,0.009440501,1
820835950,2,"심지어 아이폰 박스도 한면이 검게 떼타있음

뿐만 아니라 이런 고가 전자기기를 배송하는데 사전에 통화나 문자도 전혀 없었서 쿠팡앱 들어가서 사진 덩그러니 하나 있는거 보고 배송된줄 알았네요",iphone_17,1,0,0,negative,True,0.88378483,0.083069056,0.027062807,0.006083416,1
820835950,3,너무너무너무너무 실망 스러워서 반품 시켜야 하나 고민 중인데 반품 해도 중간에 누가 인터셉트 해가진 않을까 너무 우려되네요,iphone_17,1,0,0,negative,True,0.738267,0.16121745,0.076464094,0.024051497,1
820835950,4,이런 상태로 배송온 제품이 기기 결함이 없는게 더 이상할것 같아서 아이폰 매장가서 환불하거나 교환할 생각입니다,iphone_17,1,0,0,negative,True,0.7659766,0.16474357,0.058140125,0.01113971,1
820835950,5,이거 배송 업체 패널티 보상해주셔야 해요,iphone_17,1,0,0,negative,True,0.80267024,0.1024026,0.07813899,0.016788151,1
820835950,6,쿠팡에서 자급자제 아이폰 특히나 신형 구매하는것 엄청나게 후회하고 비추천합니다,iphone_17,1,0,0,negative,True,0.56956315,0.26851982,0.092070624,0.069846444,1
770511123,0,전자기기를 이렇게 포장하시면 어떡합니까  12프로도 쿠팡에서 구매했었고 이렇게까지 엉망으로 오진 않았는데 찌그러진 박스에 뽁뽁이 하나 안감싸진 아이폰 상자보고 너무 어이없었네요..........,iphone_17,1,0,0,negative,True,0.63055295,0.26367566,0.09135756,0.014413811,1
770511123,2,(제발...)  정말 속상하네요ㅠ,iphone_17,1,0,1,weak_negative,True,0.20849194,0.47198683,0.2519881,0.06753315,2
770511123,3,알아보니 몇년전부터 포장이 엉망인 상태로 배송되고 있는거 같은데 이거 개선하지 않으면 안될듯하네요,iphone_17,1,0,0,negative,True,0.5102609,0.40256268,0.07728005,0.009896386,1
864032593,0,아이폰 17 정말 실망입니다,iphone_17,1,0,1,weak_negative,True,0.24265459,0.5428324,0.15402338,0.060489673,3
864032593,2,"1,2년도 아니고 11에서 17이면 정말 갭이 크죠",iphone_17,1,0,0,negative,True,0.42505163,0.36989704,0.18101111,0.024040202,2
864032593,3,그래서 크게 뭔가 다른게 있겠지,iphone_17,1,0,1,weak_negative,True,0.220692,0.5126895,0.22201023,0.044608314,2
864032593,4,"나도 변한게 없내요


1. 디자인
언제까지 이 디자인 고집할건지 배짱 장사 지겹습니다
17프로 디자인은 도저히 아닌거 같아서 17 샀는데
디자인 혁신은 더이상 애플에게 기대하긴 어렵습니다",iphone_17,1,0,0,negative,True,0.42654043,0.3295206,0.16009772,0.08384127,3
864032593,5,"2. 성능
빨라지긴 했지만 그게 11에 비해서 놀랍도록
빨라졌냐고 물어보면 그건 전혀 아니에요",iphone_17,1,0,0,negative,True,0.3517794,0.25971425,0.31410885,0.07439754,2
864032593,6,일반사용자가 체감으로 느꼈을땐 그냥 그래요,iphone_17,1,0,1,weak_negative,True,0.06306641,0.66139656,0.25590608,0.01963097,2
864032593,10,"4. 카메라
카메라 빵점 드려요.",iphone_17,1,0,0,negative,True,0.701612,0.20610952,0.077768564,0.014509972,4
864032593,12,처음에 뽑기를 잘 못했나 고장인가 반품할까 몇주를 고민했어요,iphone_17,1,0,0,negative,True,0.41104287,0.3677837,0.20815545,0.013017968,1
864032593,15,"그럼에도 반품 안하고 그냥 쓰는 이유는 반품 교환하는 시간도
아깝고 카메라 고질병은 어떤걸 받아도 똑같을것 같아서이지",iphone_17,1,0,0,negative,True,0.5633999,0.26466733,0.14654261,0.02539011,1
864032593,16,"제품이 마음에 드는건 아니에요, 100 넘게 주고 사는데
불량 검수도 소비자가 해야된다는것도 신물나고 이 다음에
휴대폰 구매는 정말 삼성 브랜드로 가야겠단 생각이 굳어져요",iphone_17,1,0,0,negative,True,0.43328634,0.4053488,0.12085174,0.040513124,3
769978945,1,"진짜 문제는 쿠팡 배송
130만원 짜리 제품
배송 상태좀 보세요",iphone_17,1,0,0,negative,True,0.64493215,0.3162847,0.030629417,0.008153741,1
769978945,2,"광고만 할게 아니라
제대로 해야지",iphone_17,1,0,0,negative,True,0.71589416,0.16294423,0.10650751,0.014654047,1
787402789,1,근데 모서리쪽 상처는 또있음,iphone_17,1,2,0,negative,True,0.3892377,0.37007037,0.22978121,0.010910648,2
787402789,2,근데 포장이 맘에 들어서 넘어감,iphone_17,1,2,1,weak_negative,True,0.05840069,0.50792265,0.4073689,0.026307741,1
770776129,0,깨지기 쉬운제품을 뾱뾱이도 안해주고 박스에 덜렁 저렇게만 옴..,iphone_17,1,0,1,weak_negative,True,0.26679152,0.6309931,0.08996222,0.012253127,1
770776129,1,어떤분들은 뾱뾱이 포장 잘되서 왔는데 제껀 왜 이리 온건지..;,iphone_17,1,0,1,weak_negative,True,0.36918786,0.53142744,0.093641706,0.005742976,1
770776129,2,품절이라 교환도 안되고 반품만 된다고 하네요..,iphone_17,1,0,1,weak_negative,True,0.30135125,0.53932595,0.1415802,0.017742572,1
770776129,3,10월15일날에 오는건데 갑자기 오늘온다는게 이유가 있었네요..;,iphone_17,1,0,1,weak_negative,True,0.34856543,0.4995085,0.13168061,0.020245522,1
770776129,4,누가 반품한거 가져와서 파손주의 스티커만 달랑 붙혀서 배송시,iphone_17,1,0,1,weak_negative,True,0.44606373,0.49590048,0.052539073,0.0054967245,1
874707119,0,같은 집에서 동생이랑 같이 시켰는데 동생은 풍선에 취급주의라고 써져 왔고 제꺼는 뽁뽁이도 없고 박스도 찌그러지고 대충 포장돼서 왔네요,iphone_17,1,0,0,negative,True,0.51894015,0.38095555,0.08951994,0.010584361,1
874707119,2,첫 주문이고 공홈보다 싸서 주문한건데 다음부터는 전자기기 쿠팡에서 주문할 일 없습니다,iphone_17,1,0,0,negative,True,0.52730083,0.29184708,0.12301711,0.05783499,1
848774520,0,"랄 낫다 배송이야 바쁘고 물건 많아 그렇다 치는데
와우?",iphone_17,1,0,1,weak_negative,True,0.20282763,0.37877712,0.31513804,0.10325724,1
848774520,1,핸드폰을 아무런 완충없이 달랑보내?,iphone_17,1,0,0,negative,True,0.78398895,0.16492455,0.043030236,0.00805627,1
848774520,2,"반품해주니까 저 야랄인가 ㅋㅋㅋㅋ 
왠만하면 쓰겠는데 어떻게 하면 저렇게 박스가 으그러질까!?",iphone_17,1,0,0,negative,True,0.78917044,0.15680173,0.04833397,0.0056939283,1
833358215,2,근데 배송이 이 모든 장점을 다 망쳤네요,iphone_17,1,2,1,weak_negative,True,0.23212914,0.5255019,0.21716125,0.025207642,1
833358215,3,뽁뽁이(완충제)도 안싸여서 오고 무슨 장난감 산거마냥 던져주는거 같아 기분 나쁩니다,iphone_17,1,2,0,negative,True,0.6197272,0.31457663,0.057730336,0.0079658665,1
787010478,0,"쓰레기폰 패닉풀 현상 나타나서 교환 요청
쿠팡측 기사가 와서 새폰 배송하고 또 와서 회수",iphone_17,1,0,0,negative,True,0.843499,0.102559835,0.04657313,0.0073679904,1
787010478,1,난 새폰을 받은 적도 회수품을 내놓은 적도 없는데 교환 완료 떠있음,iphone_17,1,0,1,weak_negative,True,0.37346315,0.46989262,0.1446597,0.0119844675,1
787010478,2,"황당
10분 전에 가져갔다고 떠서 다시 가져와달라고 문의 넣으니 기사 연락처는 모르기때문에 불가능하다고 기다리라함",iphone_17,1,0,0,negative,True,0.8145505,0.12577848,0.052507777,0.0071632187,1
817500901,0,"폰만 보면 별점 5점인데
포장상태를 보면 별점 1점도 아까워요",iphone_17,1,0,1,weak_negative,True,0.41411984,0.45842817,0.11550849,0.0119434465,1
817500901,1,"하마텨면 분실 될뻔 했을정도로
박스가 파손되어 왔고
안에 폰 포장도 너무 성의 없게 되어 있네요",iphone_17,1,0,0,negative,True,0.49182394,0.4158572,0.08296205,0.009356803,1
817500901,2,"130만원이나 주고 산 폰을 이렇게 받으니
어이가 없네요",iphone_17,1,0,0,negative,True,0.7050719,0.2180513,0.06560734,0.011269359,1
770391402,0,알리에서 사도 이렇게 배송은 안 와요,iphone_17,1,0,0,negative,True,0.6535103,0.25103435,0.08665591,0.008799459,1
770391402,1,"뭔 뽁뽁이 하나 없이 개 허접하고 얇은 조그만 박스에
넣어서 보내는거지ㅋㅋㅋ",iphone_17,1,0,1,weak_negative,True,0.45895445,0.4720304,0.06310116,0.0059139784,1
770391402,2,"백만원 넘는 전자기기를 이렇게 배송하는 곳은
처음 봄.",iphone_17,1,0,1,weak_negative,True,0.253697,0.4338804,0.25156707,0.060855515,1
770391402,3,"아이폰12프로 살 때나 아이패드 살 때도
이 정돈 아니었던 것 같은데
심각하네요",iphone_17,1,0,0,negative,True,0.4587259,0.43091464,0.08890526,0.021454107,3
812780766,0,인터넷도 눈에띄게 딜레이가 자주 생기고 카카오톡 글자 쓰는칸이 간헐적으로 사라져서 안보일때도 있고..,iphone_17,1,0,1,weak_negative,True,0.37270984,0.4923279,0.117106415,0.017855838,0
812780766,1,"개선이 필요함
그리고, 최악은 어슈어런트코리아 쓰던폰 보상판매는 절대하면안됨, 휴댜",iphone_17,1,0,0,negative,True,0.68130994,0.26160663,0.048683643,0.008399699,1
812780766,2,폰 가격 책정도 엉망이고 취소 시 반품해줄때 포장도 허술하개 해줘서 폰에 생활기스 추가되어 반품옴,iphone_17,1,0,0,negative,True,0.7641358,0.19631302,0.034036223,0.0055150064,1
787095686,0,돌덩이 보내는 것도 아니고 130만원 짜리를 포장도 하나도 안 하고 덜렁 박스에 보내는 게 맞는건가요? ㅎㅎㅎㅎ,iphone_17,1,0,0,negative,True,0.8423573,0.11561236,0.036294933,0.0057354397,1
787095686,1,다신 쿠팡으로 안 시킵니다.,iphone_17,1,0,0,negative,True,0.4552901,0.45302242,0.072148055,0.019539412,1
787095686,2,초기불량 테스트 한다고 해도 내부까진 모르는건데..,iphone_17,1,0,1,weak_negative,True,0.34749115,0.5239693,0.11967838,0.0088611,2
856191094,0,배송 최악 최악 최악 입니다.,iphone_17,1,0,1,weak_negative,True,0.33860764,0.52401984,0.11923324,0.018139279,1
856191094,1,150만원되는 전자기계를 뽁뽁이도 제대로 안된 상태로 배송하는게 소비자 기만 아닙니까?,iphone_17,1,0,0,negative,True,0.82875896,0.12999631,0.034313355,0.0069313915,1
856191094,2,"파손되어있으면 교환해줄게, 환불해줄게, 그게 무슨 뚱딴지 같은 논리입니까?",iphone_17,1,0,0,negative,True,0.83060956,0.119198814,0.041918345,0.008273275,1
856191094,3,고객의 시간과 돈이 우스워보일까요?,iphone_17,1,0,0,negative,True,0.46521473,0.30587766,0.18142864,0.04747898,2
856191094,4,진짜 유통 1등 대기업이면 뭐합니까?,iphone_17,1,0,0,negative,True,0.8175083,0.13045031,0.04245952,0.009581865,1
856191094,5,"고객 서비스가 이모양인데.
작년부터 계속 언급되던 포장 문제는 개선할 생각이 없나보네요?",iphone_17,1,0,0,negative,True,0.68518543,0.25267294,0.05273229,0.009409351,1
856191094,6,"소비자불편이 이렇게 높으면, 저 같으면 돈을 더 써서라도 인원을 투입하고 제대로 포장하고 바꾸겠습니다.",iphone_17,1,0,0,negative,True,0.77920216,0.131954,0.07590018,0.012943626,1
856191094,7,개인 사업자분들도 포장할때 이렇게는 안합니다.,iphone_17,1,0,0,negative,True,0.45207348,0.38075474,0.15264574,0.014526058,1
856191094,8,소비자 기만 언제까지 계속 하실건가요?,iphone_17,1,0,0,negative,True,0.79814196,0.14071065,0.047084447,0.01406296,1
817383625,0,쿠팡캐시 쿠팡캐시 11월26일구매했는데 쿠팡캐시 적립안되서 고센에전화하니까 자기들책임아니라고 전화만 10통넘게했다,iphone_17,1,0,0,negative,True,0.8535448,0.09341254,0.044067845,0.008974882,1
817383625,1,그럼 누구한테전화해야되냐???,iphone_17,1,0,0,negative,True,0.5500186,0.3359706,0.09572198,0.018288702,1
817383625,2,"준다고하질말던가~~~
12월16일 서로 모른다고 떠넘김~",iphone_17,1,0,0,negative,True,0.5367136,0.3865601,0.06987013,0.006856162,1
817383625,3,난 누구한테 말해야돠냐!!!!,iphone_17,1,0,0,negative,True,0.43801194,0.412122,0.13250154,0.017364431,1
786867311,0,"이따위로옴..진품or가품인지식별해야함,IMEI노출됬나",iphone_17,1,0,0,negative,True,0.7646152,0.1923702,0.03810919,0.0049054516,1
873278721,0,며칠 사이로 금액이 내려가다니 너무하네요,iphone_17,1,0,0,negative,True,0.7090877,0.20360513,0.07639239,0.010914744,5
873278721,1,반품하고 다시 구매하고 싶어요,iphone_17,1,0,1,weak_negative,True,0.35124278,0.5229208,0.11067235,0.015164079,1
816606464,0,배송꼬라지 진찌 개열받네요 ㅋㅋ,iphone_17,1,1,0,negative,True,0.5544234,0.36862707,0.06899693,0.007952601,1
816606464,1,과자한봉지 시킨것보다 못하게 왔네 ㅋㅋㅋ,iphone_17,1,1,1,weak_negative,True,0.15659454,0.6741102,0.15460885,0.014686407,1
869481186,0,충전단자쪽에 기스가 있음 귀찮아서 걍 씀,iphone_17,1,1,1,weak_negative,True,0.09522126,0.6694488,0.22295958,0.012370406,2
791902107,0,캐시백 금액이 작아서 놀랬 ..,iphone_17,1,2,1,weak_negative,True,0.23394117,0.44829172,0.28494886,0.032818325,1
770463215,0,다른사람은 뾱뾱이 한장이라도 감싸서왔지,iphone_17,1,0,1,weak_negative,True,0.18495226,0.6899142,0.11728716,0.0078463005,1
791333778,0,셀룰러 이슈 및 블루투스 연결이 자주 끊김,iphone_17,1,1,1,weak_negative,True,0.33182693,0.4810347,0.17494483,0.01219355,3
805702283,0,카메라 줌 하니깐 이물질 보임 잘 확인하시길,iphone_17,1,0,0,negative,True,0.44420913,0.32183206,0.2098396,0.02411922,4
791337099,0,배송 최악이긴하다 핸드폰 쿠팡은 핸드폰 담긴 케이스 더럽고 스크래치나있습미다,iphone_17,1,0,0,negative,True,0.6280989,0.30533087,0.05943151,0.007138705,1
796350117,0,"배송이 레전드네 박스에 휴대폰하나만 덜렁 ㅋㅋㅋㅋㅋ 박스 모서리 다 구겨져있고
완충제하나를 안 처넣는 상식이 신기함",iphone_17,1,1,1,weak_negative,True,0.42119262,0.47344792,0.09585592,0.009503533,1
807252588,0,뽁뽁이도없이그냥상품을박스안에넣고보냇다니,iphone_17,1,0,1,weak_negative,True,0.26702765,0.6452575,0.08110228,0.0066125486,2
807252588,1,어이가없내요  너무실망스럽네요,iphone_17,1,0,0,negative,True,0.45689464,0.44331932,0.09069636,0.009089737,2
807252588,2,한두푼하는상품도아닌데 막그냥성의없이포장해서 ㅠㅠㅠㅠ,iphone_17,1,0,0,negative,True,0.5153409,0.43422812,0.044189014,0.0062419693,1
776331124,0,뽁뽁이 하나 없이 박스는 찌그러져 배송 왔는데 심각하네요.. ㅎ,iphone_17,1,1,1,weak_negative,True,0.10721488,0.5515722,0.32099545,0.020217428,1
791219584,0,뭔 140짜리 폰이 lte 레이턴시가 이모냥.. 이슈있으니 확인하고 구매하세요.,iphone_17,1,0,0,negative,True,0.6222715,0.2632966,0.09352264,0.020909293,3
848452340,0,배송완료라고 떠서 설레는 마음으로 열었더니 상품을 넣어주지도 않고 배송 보내셨네요 .,iphone_17,1,0,0,negative,True,0.6448929,0.27772546,0.06969538,0.007686309,1
848452340,1,고가 제품일수록 확인 제대로 하고 넣어주셨으면 좋았을텐데요 ㅠ,iphone_17,1,0,1,weak_negative,True,0.17301083,0.43663016,0.36571613,0.024642976,1
848452340,2,연휴라 환불도 오래걸리고 담당자 확인도 오래걸린다고 하시고 아쉽네요 .,iphone_17,1,0,1,weak_negative,True,0.11345512,0.6305433,0.22961445,0.026387153,1
848452340,3,끝까지 환불 처리 제대로 해주시고 다음엔 제대로 확인 좀 해주세요,iphone_17,1,0,0,negative,True,0.5711379,0.30815554,0.1014958,0.01921085,1
858355513,3,쿠팡에서 예전에도 자급제 주문해서 썼다가 만족해서 이번에도 산건데 갈수록 퇴화 하시네요~,iphone_17,1,0,1,weak_negative,True,0.15954192,0.6394969,0.16690467,0.034056462,1
857200376,0,고가의 휴대폰 포장이 이게 뭡니까?,iphone_17,1,0,0,negative,True,0.7845834,0.15248252,0.05124745,0.011686679,1
857200376,1,같이 주문한 오빠의 블랙 휴대폰은 보호비닐로 감싸져라도 왔던데 ~ 박스에 취급주의 스티커도 붙여놓았던데 이폰은 작은박스 달랑 취급주의도 없고 부실하기 짝이 없네~~,iphone_17,1,0,0,negative,True,0.4633857,0.37123862,0.15341996,0.011955708,1
857200376,2,"쓰레기 보냈나 ~~ 
반품할까 생각중 ~~ 
사용할 맛이 안나네 ~~  
판매하는데만 급급하지말자 ~~
돈독만 올라가지고 !",iphone_17,1,0,0,negative,True,0.7110582,0.22855096,0.052547865,0.00784296,1
852915416,1,근데 음성사서함에 25년꺼가 있는게 전에 누가 사용했던건가요..?,iphone_17,1,1,0,negative,True,0.6521974,0.26261467,0.07579171,0.00939621,3
852915416,2,찝찝함은 있는데 개통해서 그냥 씁니다,iphone_17,1,1,1,weak_negative,True,0.18897888,0.46008217,0.32876354,0.02217536,1
852915416,3,다른 분들은 잘 알아보고 사세요ㅠㅠㅠㅠ,iphone_17,1,1,1,weak_negative,True,0.21556582,0.38713172,0.3634683,0.033834264,5
832485017,0,뽁뽁이 하나없이 집앞에 던져놓고 갑니다 .,iphone_17,1,0,0,negative,True,0.58295035,0.33144355,0.07583902,0.0097670425,1
868448851,0,"배송빠름
하지만 박스를 얼마나 던져된건지 감도 안옴",iphone_17,1,1,1,weak_negative,True,0.21174812,0.6706921,0.10958267,0.00797712,1
868448851,1,"나름 고가라고 생각해서 꺼내봤더니
약간 두꺼운 완충제하나로만 포장되어있음
그럴일은 없겠지만 제품 이상있을시
바로 환불하고 재구매는 절대 없음",iphone_17,1,1,0,negative,True,0.64181834,0.28014392,0.07046524,0.007572554,1
854931987,0,박스에 덩그러니 15만원도 아니고 150만원짜리 에어캡 하나 해주는게 그리 아까운지???????,iphone_17,1,0,0,negative,True,0.7472569,0.19774447,0.046688415,0.00831014,1
847856843,0,볼륨 높이기/낮추기 버튼이 사용하자마자 고장났습니다,iphone_17,1,0,1,weak_negative,True,0.32769006,0.49681523,0.15713474,0.018359993,3
857290265,0,샤구랄 이렇게 오는 게 말이 되냐•••!,iphone_17,1,0,1,weak_negative,True,0.26445556,0.31740743,0.31217438,0.10596263,2
857290265,1,덜렁 이거 하나만 들어가있음,iphone_17,1,0,1,weak_negative,True,0.419188,0.46460912,0.10976652,0.006436333,1
858190937,0,박스랑 뽁뽁이 값이 160만원이네요,iphone_17,1,1,0,negative,True,0.48250678,0.37858146,0.11861441,0.020297365,1
858190937,1,박스안에 뽁뽁이만 넣고 배송도 하고 뽁뽁이가 금값보다 비싸네요,iphone_17,1,1,1,weak_negative,True,0.37262133,0.53009677,0.08801474,0.009267155,1
862838782,0,100만원 넘는 전자기기가 뽁뽁이도 없이 덜렁 상자에 담겨서 왔음.,iphone_17,1,0,1,weak_negative,True,0.20173816,0.6306704,0.15389188,0.013699517,1
877334100,1,카메라 안에 미세먼지도 들어가있고.....,iphone_17,1,1,1,weak_negative,True,0.1714824,0.69839764,0.11733148,0.012788445,4
877334100,2,교환하면서 더 하자있는거 올 까봐 무서우니 눈가리고 아웅해볼게요...,iphone_17,1,1,0,negative,True,0.64980394,0.2666301,0.07351828,0.010047648,1
835878000,0,박스 집앞에 도착해서 드는순간 핸드폰 박스가 박스에 부딪히는 소리가 납니다,iphone_17,2,1,1,weak_negative,True,0.18969202,0.60234886,0.1755317,0.03242736,1
835878000,1,포장 열자마자 저렇게 부실하게 포장이 되어있네요,iphone_17,2,1,0,negative,True,0.5572576,0.3208617,0.112524375,0.009356336,1
835878000,2,겉에 바람들어간 비닐이라도 포장시 겉돌지않게 테이핑이라고 해주셨다면 좋았을걸 ….,iphone_17,2,1,1,weak_negative,True,0.21839476,0.5353948,0.23091863,0.015291807,1
835878000,3,그래도 120만원이 넘는 제품인ㄷ 너무 대충오네요,iphone_17,2,1,0,negative,True,0.5312176,0.3816831,0.072394066,0.014705226,1
835878000,4,택배박스 뜯자마자 너무 불쾌했어요,iphone_17,2,1,0,negative,True,0.4938284,0.3941738,0.09722863,0.014769156,1
800168698,1,외관 하자가 유독 많은 모델인건지 ㅜㅜ 그리고 쿠팡 배송은 포장이 너무 램덤이네여서 참 ...,iphone_17,2,1,1,weak_negative,True,0.30422527,0.5700171,0.10937861,0.016378976,1
800168698,2,고객센터 문의도 해봤지만 의미 없었습니다 ㅜㅜ,iphone_17,2,1,0,negative,True,0.67601204,0.2019065,0.10646324,0.0156182945,1
805502872,0,아이폰 박스 안쪽에 시커먼 지문이.. 20년째 여러 아이폰 사용중이지만 이런 경우는 처음이네요,iphone_17,2,0,0,negative,True,0.5157236,0.28909242,0.16831516,0.026868805,3
797173471,0,뽁뽁이 하나도 없이 상자에 아이폰만 딸랑 들어서 던져진채로 문앞에 배송와있네요 ㅡㅡ,iphone_17,2,0,1,weak_negative,True,0.1703178,0.60953766,0.20496568,0.015178858,1
797173471,1,뽁뽁이라도넣어서 와야대는거 아닌가요?,iphone_17,2,0,0,negative,True,0.7475249,0.19084245,0.053488195,0.008144469,2
797173471,2,그리고 26일날 온다고 했는데 갑자기 오늘 와있네요;;;;,iphone_17,2,0,1,weak_negative,True,0.334664,0.4527265,0.18757552,0.025034029,1
871866886,0,유심이 안뽑혀 내일 as갑니다 ㅜㅜ,iphone_17,2,0,0,negative,True,0.4516023,0.42528784,0.1065521,0.016557727,3
855006915,0,충격방지제 같은거좀 넣어주세요,iphone_17,2,0,0,negative,True,0.49680373,0.35461825,0.1325942,0.01598387,1
855006915,1,박스안에 폰만 덩그러니 왓네요,iphone_17,2,0,1,weak_negative,True,0.38151985,0.4541088,0.15205799,0.012313274,1
845107177,12,점점 떨어지고 있는 가격을 보니 가슴이 쓰립니다...,iphone_17,3,2,1,weak_negative,True,0.1679538,0.5662304,0.23922679,0.026589002,5
779174996,2,"근데 왜 본품박스에 오염물이 묻은건지, 궁금하네요.",iphone_17,3,2,1,weak_negative,True,0.35199097,0.44238836,0.18983932,0.015781425,1
779174996,3,"뜯은흔적은 없어서 사용은 하지만, 포장할때 떨어뜨린건지 알수가 없네요.",iphone_17,3,2,0,negative,True,0.41168094,0.38795242,0.19025838,0.010108237,1
783000612,1,같은날 예정이던 다른 분들 14일쯤 받았다고 리뷰 올라오는데 계속 안와서 기다리다 목 빠지는줄 알았어요,iphone_17,3,2,0,negative,True,0.6239776,0.25416526,0.096264645,0.025592461,1
783000612,3,그래도 겉 박스에 찌그러짐이랑 오염은 있긴했어요,iphone_17,3,2,1,weak_negative,True,0.092809446,0.57924485,0.31063905,0.017306633,1
849373441,3,데이터이동 실패!!!실패!!!!,iphone_17,3,2,1,weak_negative,True,0.3053589,0.58633983,0.09632556,0.01197563,3
775666977,0,후기 보니까 뾱뾱이 없는 분들 많아서 나듀 설마했더니..,iphone_17,3,0,1,weak_negative,True,0.279418,0.49019703,0.2158179,0.014567131,1
775666977,1,취급주의 스티커만 붙혀주시면 뭐하냐구요 ㅠㅠ,iphone_17,3,0,0,negative,True,0.5190647,0.3589693,0.11096736,0.010998592,1
775666977,2,뾱뾱이가 많이 비쌉니까..?,iphone_17,3,0,1,weak_negative,True,0.21520264,0.6431913,0.12882908,0.01277701,2
775666977,3,3주정도 눈빠지게 기다리다가 배송예정일 당겨져서 좋았는데 열자마자 기분이 많이 안 좋네요.,iphone_17,3,0,1,weak_negative,True,0.3350717,0.42902157,0.1951121,0.04079465,1
775651181,0,제품은 좋지만 배송 상태 최악 기스 예정 날짜보다 빨리와서 감사했으나 뽁뽁이 한 장 없이 덜렁 박스에 와서 아이폰 박스 모서리가 깨져서 왔습니다.,iphone_17,3,1,1,weak_negative,True,0.27592075,0.5045282,0.20349707,0.016053947,1
775651181,1,열어보니 아이폰 오른쪽 모서리쪽에 작은 실기스가 있습니다.,iphone_17,3,1,1,weak_negative,True,0.28546405,0.36915532,0.31734055,0.028040068,3
775651181,2,액정쪽 기스가 아니니 그냥 쓰지만 나름 고가의 제품인데 배송 상태가 정말 별로입니다.ㅎ,iphone_17,3,1,1,weak_negative,True,0.36181483,0.43805516,0.17966701,0.020462967,1
791403312,0,폰자체는 만족스럽지만 박스 무슨일인가요 ㅎ,iphone_17,3,1,1,weak_negative,True,0.30840272,0.5979821,0.08273563,0.010879586,1
791403312,1,까맣게 더러워져서 왔어요..,iphone_17,3,1,1,weak_negative,True,0.41426364,0.43106982,0.138255,0.016411534,1
857829408,0,핸드폰에 이상한거만 잔뜩 넣어놓고 가격만 올라가는 느낌이랄까요?,iphone_17,3,1,0,negative,True,0.45893577,0.45014971,0.075397186,0.015517416,3
857829408,1,완충해두고 사용을 거의 안하는데도 배터리가 금방금방 빠지네요,iphone_17,3,1,1,weak_negative,True,0.10422619,0.5270595,0.3305782,0.03813615,3
857829408,2,"12시간 지나면 7~9%정도 떨어지던데
SE 초기모델보다 배터리 상태가 안좋은듯",iphone_17,3,1,1,weak_negative,True,0.25514594,0.63361454,0.102759555,0.008479975,3
835713163,1,뽁뽁이 하나 없이 상자만 덜렁 있어서 당황했네요ㅠ,iphone_17,3,2,1,weak_negative,True,0.22767821,0.6184533,0.14489101,0.008977437,1
776258737,0,출고(OB) 포장 개선해야 합니다.,iphone_17,3,0,1,weak_negative,True,0.30743438,0.37802184,0.280684,0.03385982,1
776258737,1,박스만 덩그러니 있고 이게 뭡니까.,iphone_17,3,0,0,negative,True,0.55345964,0.39192784,0.047284096,0.007328432,1
776258737,2,뽁뽁이며 에어캡이며 전혀 없고 박스도 망가져있고 많이 아쉽습니다.,iphone_17,3,0,1,weak_negative,True,0.36514503,0.5156991,0.10214952,0.01700646,1
770015072,0,쿠팡 아이폰 포장 왜이래요 .,iphone_17,3,1,0,negative,True,0.6466323,0.2948361,0.05065513,0.007876432,1
770015072,1,딸랑 핸드폰 박스 하나만 폰박스 딸랑 하나만 있어서 개당황 레전드 … 이상은 없는 거 같아 그^••^냥쓰는데고 가물품 을이렇게배송 해도되 는건지. .,iphone_17,3,1,0,negative,True,0.6196759,0.27202925,0.095704794,0.0125901615,1
794722656,0,만원짜리 시켜도 뽁복이 오던데 핸드폰에도 뽁뽁이 넣어주세요,iphone_17,3,0,1,weak_negative,True,0.2538273,0.5243843,0.18435173,0.03743656,3
798353479,0,아무리 그래도 이렇게 주시는 건 쫌 ㅎ,iphone_17,3,1,0,negative,True,0.45341736,0.44275916,0.09740276,0.006420704,2
878042372,0,새 제품이라 기대했는데 이런 부분이 있어 조금 아쉽네요,iphone_17,3,1,1,weak_negative,True,0.26629895,0.51803464,0.2000533,0.015613145,1
879429307,0,사이드 터치 먹히는 게 너무 심해요,iphone_17,3,0,0,negative,True,0.60558224,0.30272728,0.07811992,0.0135706505,2
850621483,18,"색감 자연스럽고 선명함

 아쉬운 점
	•	망원 카메라 없음
	•",iphone_17,4,3,1,weak_negative,True,0.14370918,0.464078,0.36139858,0.030814234,4
850621483,19,"2배 이상 줌하면 화질 저하 체감
	•	체감상 3~4배가 한계

특히 여행 가서 멀리 있는 건물이나 풍경 찍을 때는 망원이 없는 게 확실히 아쉬웠어요.",iphone_17,4,3,1,weak_negative,True,0.23112501,0.4138834,0.3102389,0.04475274,4
850621483,20,그럴 때는 프로가 생각나긴 합니다..ㅠ,iphone_17,4,3,1,weak_negative,True,0.10848555,0.4351722,0.39900845,0.057333816,2
845608840,0,크기 전부 만족하나 불량 상품..,iphone_17,4,1,1,weak_negative,True,0.14705412,0.61936694,0.208271,0.025307983,1
845608840,11,이게 제품 자체의 문제인건지..,iphone_17,4,1,0,negative,True,0.4730751,0.42281485,0.09571977,0.008390253,1
845608840,12,쿠팡상품의 한계인건지 애매한데요,iphone_17,4,1,0,negative,True,0.60641843,0.30199224,0.08241765,0.0091716945,1
845608840,13,"우선 첫번 째로 받은 상품이 멈추는 증상이나 화면 먹통이 좀 있었어요

어플이 들어가지지를 않는다거나
로딩화면이 뜬다거나
어플 들어가서 핸드폰이 잠깐 10초정도 멈추는게 있었어요",iphone_17,4,1,1,weak_negative,True,0.35520285,0.46231166,0.16031455,0.022170864,3
845608840,14,"그래서 안되겠다 싶어서 교환 신청을 했는데
쿠팡 측에서 교환 신청기간 1일 지났는데도 교환 해주셨어요ㅠㅠ",iphone_17,4,1,0,negative,True,0.75769365,0.1652719,0.06939416,0.0076403087,1
845608840,16,"처음 핸드폰을 받아 마이그레이션을 했을 때 부분적으로 안가서
초기화 하고 마이그레이션을 다시 했어요..",iphone_17,4,1,1,weak_negative,True,0.37903753,0.44585723,0.15689051,0.018214667,3
845608840,17,"분명 업데이트도 하고 새 폰이였고 그랬는데 왜인지 모르겠고
첫날 사용하는데 좀 버퍼링이 걸렸어요ㅠㅠ",iphone_17,4,1,1,weak_negative,True,0.22144139,0.6334704,0.13240866,0.012679512,3
845608840,19,너무 큰 기대를 하지는 않으셨으면 합니다,iphone_17,4,1,1,weak_negative,True,0.22369224,0.4543632,0.25875372,0.06319084,2
845608840,21,하지만 기계욕심 있으시면 아쉬울 이번 시리즈입니다ㅜㅜ,iphone_17,4,1,1,weak_negative,True,0.15326902,0.5533164,0.25714698,0.036267553,2
781693722,2,"배송 상태
되게 안 좋습니다.",iphone_17,4,2,1,weak_negative,True,0.3190499,0.51941186,0.1446062,0.016932033,1
781693722,3,뾱뾱이 하나 감싸서 배송해준 적이 단 한 번도 없습니다.,iphone_17,4,2,0,negative,True,0.44191536,0.43318677,0.1145989,0.010298948,1
781693722,4,"아무리 그래도 고가의 제품이고 이제 쿠팡도 어느정도 기업 반열에 올라섰는데 
이런 부분은 개선이 안되는게 참 신기합니다.",iphone_17,4,2,0,negative,True,0.5987588,0.20346566,0.1637186,0.034056947,1
781693722,5,다 반품처리 해줄것도 아니면서..,iphone_17,4,2,0,negative,True,0.83577394,0.10800542,0.047819436,0.008401244,1
781693722,7,"바랍니다.(화면, 소리, 흠집, 등)

#",iphone_17,4,2,1,weak_negative,True,0.31824014,0.34034818,0.3136735,0.02773818,4
781693722,12,"그나마 쿠팡캐시로 일정 금액 지급, 멜론 쓰면 멜론 캐시 지급?",iphone_17,4,2,1,weak_negative,True,0.3175087,0.41957465,0.22733787,0.03557884,1
781693722,13,"이제는 크게 이 부분도 좋아지진 않은 것 같습니다.

#",iphone_17,4,2,1,weak_negative,True,0.08946753,0.51835895,0.3549418,0.037231736,2
781693722,15,페이스 아이디 관련(사진 올렸습니다. 참고),iphone_17,4,2,1,weak_negative,True,0.25678855,0.36144584,0.32509917,0.056666322,3
781693722,17,전화(사진 올렸습니다. 참고),iphone_17,4,2,0,negative,True,0.4217093,0.32331556,0.20825528,0.046719864,3
781693722,18,전화 - 알 수 없는 발신자 스크리닝 - 안 함,iphone_17,4,2,0,negative,True,0.6115283,0.26838043,0.11277918,0.0073120594,3
781693722,19,제가 안 함으로 돌리는 이유는 전화 오기 전에 누군지 확인하는?,iphone_17,4,2,0,negative,True,0.5516714,0.35235208,0.082501024,0.013475554,1
781693722,20,"그런 시간 때문에 보통 일하다 모르는 번호로 전화오는 경우
상대방이 끊어버리거나 전화 신호가 약하게 와서 부재중이 오는 경우가 종종 있습니다.",iphone_17,4,2,0,negative,True,0.5593874,0.23123224,0.17278741,0.03659298,1
781693722,21,"저는 부재중이 계속 생겨서 불편해서 껏습니다만, 자신이 스팸전화나 그런 전화가 싫으면",iphone_17,4,2,0,negative,True,0.43468714,0.36788034,0.16160259,0.03582996,1
815515706,8,"속도도 체감상 굉장히 빠르고, 앱 전환이나 멀티태스킹 시 버벅임",iphone_17,4,3,1,weak_negative,True,0.15988494,0.44881666,0.36308154,0.02821687,0
830954093,14,통화 중 상대방의 목소리가 간헐적으로 찢어지거나 지직거리는 소리로 들리는 현상이 발생했습니다.,iphone_17,4,2,1,weak_negative,True,0.27144116,0.37615526,0.32253984,0.029863741,3
830954093,16,또한 음악이나 영상 재생 시 볼륨을 크게 올리면 상단 스피커에서 소리가 약간 깨지거나 왜곡되는 현상이 나타났습니다.,iphone_17,4,2,1,weak_negative,True,0.21682808,0.4330526,0.32592314,0.024196235,3
829445678,13,여러 앱을 동시에 사용해도 버벅임,iphone_17,4,3,1,weak_negative,True,0.36247873,0.46875057,0.15358734,0.015183353,0
800504768,3,주사율 개선도 그렇게 대단한 것도 아니라서. ㅎ,iphone_17,4,2,1,weak_negative,True,0.09796991,0.53199583,0.34083337,0.029200878,2
800504768,5,"도장, 도색 이슈가 있으니 
구매한다면 그것부터 잘 살펴보길 바람.",iphone_17,4,2,1,weak_negative,True,0.2778455,0.45050222,0.24186574,0.029786464,1
860375797,1,"10년쓰고 바꾸는데

포장상태는 박스안에 그냥 폰박스 하나 있구요",iphone_17,4,3,1,weak_negative,True,0.12744218,0.6005915,0.2380951,0.033871237,1
860375797,2,그래도 122만 짜리인뎅 힝 ㅠㅠ 좀더 신경써주지..,iphone_17,4,3,1,weak_negative,True,0.13257813,0.5371096,0.29672801,0.033584245,1
860375797,4,"폰을 오랜만에 바꿔서 잘 모르는건지 마지막 기억이 매장이라
이어폰하고 다 들어있던거같던데

아무튼 튼튼하고 오래쓸수만 있으면 상관없으니
매장가서 칩?",iphone_17,4,3,1,weak_negative,True,0.22075987,0.33948445,0.2667943,0.17296141,3
882814814,0,"뽑기가 잘못됫어요
카메라 화질이 왓다",iphone_17,4,1,1,weak_negative,True,0.40667933,0.49667415,0.0831309,0.013515699,4
875651753,1,폰의 문제인지 자동차의 문제인지 개선이 필요할듯 합니다,iphone_17,4,1,1,weak_negative,True,0.28381318,0.40984967,0.2741178,0.032219347,3
869295957,0,케이스 흠집 상품은 잘 받았는데.,iphone_17,4,1,1,weak_negative,True,0.072456785,0.5338675,0.37728727,0.016388513,1
869295957,1,새제품인데 왜 박스에 기스가 나있고 검은색 이물질이 묻어있나요..,iphone_17,4,1,0,negative,True,0.65735173,0.28739148,0.047061346,0.008195347,1
869295957,2,반품된걸 다시 받은것 같은 느낌입니다.,iphone_17,4,1,1,weak_negative,True,0.42265546,0.485957,0.079504885,0.011882674,1
860570763,2,백만원 넘는 제품인데 그냥 박스 포장만 와서 놀랐어요,iphone_17,4,2,1,weak_negative,True,0.25107378,0.49393514,0.2299805,0.025010591,1
794980773,5,쿠팡측에서 개선을 빨리 하셔야할거같네요 ..,iphone_17,4,3,0,negative,True,0.46704966,0.39456594,0.12167713,0.016707208,1
794980773,6,고가 물건인데 너무 박스 덩그러니 있어요..,iphone_17,4,3,1,weak_negative,True,0.2894628,0.54973847,0.14888442,0.011914303,1
850223966,0,다 좋은데 구매시기가 안좋았네요,iphone_17,4,2,1,weak_negative,True,0.065314375,0.5440811,0.35953432,0.031070206,1
791778810,1,그래도 고가의 기기인데 뽁뽁이 한 장 포장은 조금 심했지 싶습니다.,iphone_17,4,2,1,weak_negative,True,0.31896836,0.43242386,0.23055841,0.018049391,1
791778810,2,상자 내부에서 굴렀는지 상자 안쪽에 찍힌 자국도 있고...,iphone_17,4,2,1,weak_negative,True,0.12946287,0.5743359,0.27337846,0.022822764,1
810333882,2,"위로 올라온게 아니라 밑으로 파진 거 같은데
떨어뜨리거나 충격이 가해졌을때 금이라도 갈까 걱정되네요",iphone_17,4,2,1,weak_negative,True,0.3113317,0.3691669,0.28337207,0.03612932,2
776252302,4,너무 만족ㅠㅠ 오줌액정도 아니에요,iphone_17,4,2,1,weak_negative,True,0.39243788,0.48111945,0.11267477,0.013767847,2
778338678,1,"후기에 포장 얘기가 이러케나 많은데,,,
보고는 있으신가요?????????",iphone_17,4,1,0,negative,True,0.6349118,0.27282023,0.080781445,0.011486483,1
778338678,2,"백만원 이백만원 하는 기기를 어떻게 이러케 보내시나요,,,,",iphone_17,4,1,0,negative,True,0.62408644,0.31654423,0.051326644,0.008042687,1
778338678,4,백점주고싶었다가 포장보면 빵점도 못해 마이너스로 가요,iphone_17,4,1,1,weak_negative,True,0.2909866,0.5558908,0.13111405,0.022008507,1
773938356,3,배송 하실때 일산캠프 제발 포장보완재 써주세요ㅠㅠ,iphone_17,4,2,0,negative,True,0.48485458,0.44253865,0.0651536,0.0074531524,1
773938356,4,박스는 큰데 안에서 돌아다니다가 충격으로 기기 문제생기겠어요,iphone_17,4,2,1,weak_negative,True,0.33077154,0.55632514,0.10380198,0.00910134,1
775937228,0,뾱뾱이 없이 종이 상자에 온거 실화입니까,iphone_17,4,1,1,weak_negative,True,0.19712673,0.59105337,0.18418089,0.027639033,1
775937228,1,아니 그래도 100만원 넘는건데 뾱뾱이 하나 없이 그냥 와서 좀 그렇네요.,iphone_17,4,1,0,negative,True,0.70865834,0.22754219,0.057232883,0.0065665706,5
775937228,2,허름한 쿠팡 상자에 이리저리 굴러다니다 왔을건데 솔직히 받았을 때 기분좋지 않았습니다.,iphone_17,4,1,0,negative,True,0.48613507,0.38553914,0.11552685,0.012798962,1
769905634,2,블루~ 근데 왜 저는 뾱뾱이가 없나요,iphone_17,4,3,1,weak_negative,True,0.15682384,0.5554993,0.26789105,0.019785807,2
769905634,3,다행이 파손된 곳은 없지만 어이없어요ㅋㅋ,iphone_17,4,3,0,negative,True,0.6907863,0.24144056,0.060578667,0.007194428,1
775849522,0,배송 상태가 부실 아무리 그래도 100만원이 넘는 제품인데 박스는 꾸겨지고 모서리는 찢어져있고..,iphone_17,4,1,1,weak_negative,True,0.37491816,0.506263,0.105654426,0.013164307,1
775849522,1,박스 안에는 고정되거나 그런것도 없이 핸드폰 박스만 있네요,iphone_17,4,1,1,weak_negative,True,0.16573356,0.5411712,0.26995805,0.023137145,1
775849522,2,여기까지 오면서 박스 안에서 굴렀을거 생각하면..,iphone_17,4,1,1,weak_negative,True,0.19492905,0.548632,0.23271245,0.023726467,1
814032385,0,판매 페이지 사진에 악세서리가 있어 구매시 사은품으로 보이는 오해가 발생할 가능성이 있습니다.,iphone_17,4,1,0,negative,True,0.4124632,0.30962962,0.23694997,0.040957224,1
772323818,1,이거 적응하려면 시간이 필요할 듯 합니다,iphone_17,4,2,1,weak_negative,True,0.14617209,0.47833613,0.34919953,0.026292222,2
832773776,0,왜 베터리 성능 로딩화면만 뜨는지 궁금함 낫벳,iphone_17,4,1,1,weak_negative,True,0.20600624,0.6378126,0.14687645,0.009304715,3
830666342,0,보호필름이라두 좀넣어주시지...,iphone_17,4,1,1,weak_negative,True,0.22956985,0.6085736,0.15088615,0.010970348,1
882898085,1,"평소에는 “아직 쓸 수 있지” 하면서 미루다가, 어느 순간부터는 진짜 스트레스가 되더라고요.",iphone_17,5,3,1,weak_negative,True,0.28398573,0.40851307,0.25153634,0.05596485,2
882786975,11,해서 앱 전환이나 실행할 때 버벅임,iphone_17,5,3,1,weak_negative,True,0.2421183,0.57521105,0.17024145,0.012429279,0
882786975,16,상품 막상 많이 사용하는가?,iphone_17,5,3,0,negative,True,0.43667352,0.284743,0.2415413,0.03704219,1
878686381,1,"함)

⚠️ 맥스 유저가 느낀 솔직한 단점
1.화면 크기
맥스의 6.7인치(혹은 6.9인치) 광활한 화면으로 OTT나 게임을 즐기던 분들에겐 확실히 화면이 작게 느껴짐.",iphone_17,5,3,1,weak_negative,True,0.19065364,0.4158609,0.35778826,0.0356972,4
878686381,5,"3.충전 속도
여전히 30W 내외의 속도라 성격 급한 한국인에겐 풀 충전까지 시간이 조금 더디게 느껴질 수 있음.

✅",iphone_17,5,3,1,weak_negative,True,0.20494166,0.45135903,0.32303402,0.020665351,3
878686381,7,뽁뽁이 완충 포장으로 박스 찍힘,iphone_17,5,3,1,weak_negative,True,0.27624166,0.44064906,0.26793468,0.015174577,1
878686381,26,▶️ 홈 화면 관리 및 알림,iphone_17,5,3,1,weak_negative,True,0.22592261,0.3684388,0.36501727,0.04062141,4
878686381,28,"숫자 숨기기
빨간 숫자 배지가 거슬린다면 설정 - 알림",iphone_17,5,3,1,weak_negative,True,0.2567879,0.41347802,0.3036331,0.02610101,4
878686381,37,에어는 얇지만 그만큼 배터리가 빨리 닳을 수 있습니다.,iphone_17,5,3,1,weak_negative,True,0.11824803,0.4997486,0.33416283,0.047840636,3
878686381,40,"단순 가성비는 좋겠지만, 영상/사진 퀄리티나 디스플레이 예민한 분들은 결국 후회합니다.",iphone_17,5,3,1,weak_negative,True,0.37883702,0.4522902,0.1393909,0.02948187,4
878686381,44,"고민은 배송만 늦출 뿐입니다!

❤️",iphone_17,5,3,1,weak_negative,True,0.29999104,0.37049192,0.23454383,0.094973296,1
878686381,46,버튼 한 번만 꼭 부탁드립니다❤️,iphone_17,5,3,1,weak_negative,True,0.22403665,0.4683108,0.26111728,0.046535317,2
875277464,2,핸드폰 잠깐만 써도 배터리 70..60..50퍼 ...,iphone_17,5,3,1,weak_negative,True,0.36338103,0.45564345,0.15070239,0.03027317,3
875277464,3,"오후 4시만 되면 배터리가 30퍼가 다 되어가서 충전기, 보조 배터리 없인 돌아다닐 수가 없게 되었고 핸드폰도 슬슬 너무 느려져서 이대론 안되겠다 싶었습니다.",iphone_17,5,3,1,weak_negative,True,0.30494875,0.3843781,0.22315708,0.08751614,3
875277464,19,"전자는 기기값을 할인 받는 대신 고가 요금제를 몇 개월간 쓰고, 또 2년동안 약정이 걸립니다.",iphone_17,5,3,0,negative,True,0.40976766,0.18883458,0.35556933,0.045828413,5
874939027,2,보내줄때가 된건지 배터리 성능이 78퍼여서 그런지 외출하기 무서울정도로 중간에 꺼지곤 했어요ㅠㅠ,iphone_17,5,3,0,negative,True,0.5460783,0.38812745,0.056692876,0.009101288,3
874939027,3,근데 옮기기 귀찮아서(요즘 자동으로 옮겨진다해도 은행어플 인증 등등은 다시 인증받아야해요 ㅠㅠ),iphone_17,5,3,0,negative,True,0.46154696,0.36468387,0.14603788,0.027731324,3
874939027,6,하다 가격이 너무 부담스러운거에요 ㅠㅠ,iphone_17,5,3,1,weak_negative,True,0.24784935,0.42606044,0.263789,0.062301274,5
874939027,18,(무이자 3 개월 로긁어버림 .. .!),iphone_17,5,3,1,weak_negative,True,0.1296084,0.4098395,0.36559844,0.09495372,5
874932287,3,"물론 요즘 대리점이나 통신사 가서 잘 찾고 싸게 구매 가능한건 알지만, ,, 왠지 거기서 사는건 또 휴대폰요금을 
더 큰걸 써야하고, 또 약정할인에, 꼭 .... 결국은 제값에 휴대폰을 다 사오는 기분이랄까요?",iphone_17,5,3,0,negative,True,0.42862475,0.35493982,0.16384187,0.052593596,5
873997416,1,가족들 모두 아이폰만 쭈욱 썼는데 갑자기 삼x폰살까?,iphone_17,5,3,1,weak_negative,True,0.17296928,0.34543476,0.32056454,0.16103145,3
873997416,9,"앱 실행 속도, 멀티태스킹, 게임 구동까지 전반적으로 끊김",iphone_17,5,3,1,weak_negative,True,0.32309517,0.5195936,0.14521453,0.012096645,0
871918568,3,처음 딱 받았을 때는 디자인이 엄청 바뀌었다,iphone_17,5,3,1,weak_negative,True,0.13378647,0.43704116,0.38065496,0.04851736,2
871778130,20,"촬영은 아쉬움
충전 속도는 요즘 안드로이드 대비 빠른 편은 아님",iphone_17,5,3,1,weak_negative,True,0.058357023,0.49442548,0.40243095,0.04478657,3
871266155,5,"앱 실행 속도나 전환 속도가 매우 빠르고, 
여러 작업을 동시에 해도 버벅임",iphone_17,5,3,1,weak_negative,True,0.17960833,0.46336025,0.32857546,0.02845601,0
867874988,23,"물론 이전 세대에 비해서는 빨라졌지만, 타사 플래그십 모델들과 비교하면 여전히 조금 더딘 편이더라고요.",iphone_17,5,3,1,weak_negative,True,0.09026787,0.4622466,0.39852226,0.04896327,2
866331997,16,"일상적인 앱 사용은 물론이고, 고부하 작업에서도 버벅임",iphone_17,5,3,1,weak_negative,True,0.2004456,0.5956303,0.18993974,0.013984393,0
865407104,6,"단점
가격이 역시 부담스러운 편이에요.",iphone_17,5,3,1,weak_negative,True,0.14701949,0.47880584,0.31353053,0.06064409,5
862344369,4,옛날에 폰가게에서 구입하다가 너무 덤탱이 맞아서 몇년을 약정의 노예로 살았거든요...,iphone_17,5,3,0,negative,True,0.47228572,0.36536324,0.1422571,0.020093909,3
860519087,12,배터리도체감차이가꽤 있습니다 .,iphone_17,5,3,1,weak_negative,True,0.23651576,0.5004434,0.2281128,0.034927987,3
857899395,26,중간중간 길 찾기를 하고 사진을 수십 장 찍었는데도 배터리가 줄어드는 속도가 생각보다 더딥니다.,iphone_17,5,3,1,weak_negative,True,0.20376554,0.39833337,0.34047255,0.057428584,3
850380322,24,아쉬운점 : 가격이 아무래도 부담이 되긴 합니다.,iphone_17,5,3,1,weak_negative,True,0.10455391,0.43454057,0.39853057,0.06237498,5
849591822,1,기존에 통신사 통해 기기변경하려고 알아봤는데 조건이 생각보다 까다로웠어요.,iphone_17,5,3,1,weak_negative,True,0.28879726,0.3406118,0.30975693,0.06083402,3
849591822,2,"선택약정 할인 적용이 안 되고, 일정 기간 고가 요금제 유지에 부가서비스까지 유료로 가입해야 하는 조건이었습니다.",iphone_17,5,3,0,negative,True,0.3882568,0.27726167,0.29057625,0.043905277,5
849421187,2,"카톡, 인스타, 유튜브, 게임, 사진 촬영까지 막힘",iphone_17,5,3,0,negative,True,0.34663156,0.28868508,0.29820907,0.06647424,0
849421187,16,멀리 있는물체 엔약한감이 있어요.,iphone_17,5,3,1,weak_negative,True,0.30453518,0.4440946,0.23623171,0.015138509,2
849421187,24,"광학줌또는 고급카메라설정이부족해서사진에진짜특화된 작업을원하시  는

분

에겐 아쉬움 있
	어요.•",iphone_17,5,3,1,weak_negative,True,0.23825495,0.45277205,0.27018437,0.038788676,4
849421187,25,S iri 나일부iOS기능은기대 만큼 능숙하 지않다는 평가도있어요 .,iphone_17,5,3,1,weak_negative,True,0.16215937,0.4397809,0.34287122,0.055188604,4
848627829,3,아이폰17은 구매할만한 제품인가?,iphone_17,5,3,0,negative,True,0.33482128,0.22868986,0.2988513,0.1376376,3
848627829,5,15프로정도 되면 17일반은 역체감된다고 하더라구요.,iphone_17,5,3,1,weak_negative,True,0.23470703,0.5518413,0.17156217,0.04188952,2
845447662,13,"아쉬운점(단점)
- 무서운 가격(보상판매를 하게된다면 어느정도 타협 가능)
- ㅅㅅ페이 결제에 습관이 들어있어 사용 초반에는 카드를 안챙기고 나가서 다시 돌아간적이 한두번이 아님^^;",iphone_17,5,3,1,weak_negative,True,0.30270514,0.46667218,0.19838636,0.03223634,5
845447662,14,"물론 현재는 이런 실수는 없지만 페이 결제에 대한 아쉬움은 있음

▪️",iphone_17,5,3,1,weak_negative,True,0.1347715,0.5862681,0.25353757,0.025422812,5
843505919,5,배터리: 30시간 동영상 시청이 가능하다는데..,iphone_17,5,3,1,weak_negative,True,0.10643543,0.58618987,0.28475475,0.022619924,3
843505919,19,자급제 가입이 복잡하다고 못하겠다고 하시는데..,iphone_17,5,3,1,weak_negative,True,0.16499856,0.4924801,0.30313537,0.039385956,1
840910856,7,"성능 또한 일상 사용에서는 부족함을 느끼기 어려웠고, 여러 앱을 동시에 실행해도 끊김",iphone_17,5,3,1,weak_negative,True,0.105554216,0.4204294,0.40436664,0.06964973,0
839213450,21,카메라도 체감 차이가 커요.,iphone_17,5,3,1,weak_negative,True,0.22313529,0.3997074,0.30359757,0.07355967,4
842479232,3,근데 너무 무거워서 오래 들고 있으면 손목이 계속 아프더라고요ㅠㅠㅠ,iphone_17,5,3,1,weak_negative,True,0.24811746,0.6253952,0.11002651,0.016460814,2
842479232,11,아쉬운 점 하나는 신한카드가 아직 애플페이 등록이 안 된다는 거예요.,iphone_17,5,3,1,weak_negative,True,0.1458211,0.44621933,0.3481593,0.059800304,5
836402800,8,128기가는 너무 적어서 진짜 힘들더라구요,iphone_17,5,3,1,weak_negative,True,0.26684743,0.4610531,0.22041664,0.051682744,3
787908609,6,나 이렇게 감동 시킬꼬에유!?? ㅎ,iphone_17,5,3,1,weak_negative,True,0.21257633,0.38761386,0.31134456,0.08846523,2
787908609,16,물론 제가 폰을 자주 만지지는 않지만 기존에 효율성이 너무 떨어졌어서 하루에 충전을 두세번 기본으로 했어야 했거든요..,iphone_17,5,3,1,weak_negative,True,0.16837773,0.44054088,0.3205734,0.070507996,3
787908609,17,네번째 - 카메라 화질.. ㅎㅎ,iphone_17,5,3,1,weak_negative,True,0.14962325,0.5658326,0.26093376,0.023610352,4
786484903,2,터를 옮길수 있는데 소프트웨어 버전이 중요합니다!,iphone_17,5,3,1,weak_negative,True,0.25608373,0.38136157,0.27938855,0.08316623,0
786484903,5,"최근에 소프트웨어 업데이트하신분들은
전 폰이 ios26.0.1이라 데이터 이동시킬때 오류가 나고 오래걸려요!!",iphone_17,5,3,0,negative,True,0.52470416,0.35869318,0.09627846,0.020324213,3
786484903,6,이런경우 바로 마이그레이션하지말고 아이폰17버전을 26.0.1로 업데이트 후에 마이그레이션을 시도하셔서 시간을 아끼시길 바랍니다,iphone_17,5,3,0,negative,True,0.6735254,0.19249433,0.115813665,0.018166646,3
786484903,9,쓰던 폰 버전이 낮으면 오류없이 빠르게되지만 이전폰의 버전이 더 높으면 오류가 잘나더라구요!,iphone_17,5,3,1,weak_negative,True,0.124704845,0.48357016,0.3285627,0.06316221,3
786484903,10,18까지 존버 하려했는데..,iphone_17,5,3,1,weak_negative,True,0.38797075,0.42669645,0.1591392,0.02619358,3
786484903,11,주변에서 13쓰던 친구들이 하나씩 폰에 문제가 생기더라구요..,iphone_17,5,3,1,weak_negative,True,0.24765566,0.4131947,0.28122795,0.057921678,3
786484903,12,심지어 17나오기 직전 8월에 고장나서 울며겨자먹기로 16으로 바꾼 친구도 있어요..,iphone_17,5,3,0,negative,True,0.59825474,0.29945415,0.08619644,0.016094618,2
786400155,1,17프로 라인은 너무 비싸게 나왔더라구요ㅠㅠ,iphone_17,5,2,1,weak_negative,True,0.22720894,0.58169794,0.16547503,0.025618069,5
786400155,3,"그래서 인터넷으로 보기엔 예쁜거 같은데 실제로는 어떨지 궁금해서 
오프라인 매장을 찾아다녔는데 테두리가 너무 진해서 제스타일이 아니더라구요",iphone_17,5,2,1,weak_negative,True,0.2790959,0.43769592,0.2384821,0.044726096,1
786400155,9,"근데 모양은 15.16과 같아서 그립갑이나 크게 달라진게 없고
오려 두개의 카메라라서 책상에 내려놓고 타이핑할때 수평이 
안맞아서 불편하더라구요? ㅠㅠ",iphone_17,5,2,1,weak_negative,True,0.16583328,0.5026205,0.30556625,0.025979996,4
784953572,17,"아쉬운 점이라면, 처음 개봉했을 때 설정이나 백업 과정이 약간 오래 걸렸다는 정도?",iphone_17,5,3,1,weak_negative,True,0.10715704,0.4494881,0.41287616,0.030478656,2
784599373,35,미니도 오래 들고있으면 손목이 뻐근했거든요; ㅠㅠ,iphone_17,5,3,1,weak_negative,True,0.10314904,0.4945957,0.35645708,0.04579817,2
784599373,36,그리고 젤 별로다 싶은건 포장상태가 좀 허술하다 싶네요..,iphone_17,5,3,1,weak_negative,True,0.29108772,0.5847597,0.11082825,0.01332433,1
784599373,37,"159만원자리가 박스에 달랑..ㅎㅎ 좀 아쉬웠네요ㅠㅠ

❤️",iphone_17,5,3,1,weak_negative,True,0.10222458,0.6137022,0.26729426,0.016778978,1
834776929,5,아이폰 유심 옮길 때 주의 사항!,iphone_17,5,2,0,negative,True,0.37060323,0.29080912,0.30334938,0.03523825,3
834776929,6,"유심 보호 서비스 신청했을 시에는 무조건
해제하고 넣어야 합니다…!",iphone_17,5,2,0,negative,True,0.4307027,0.33193293,0.21546118,0.021903206,3
834776929,7,그냥 넣으면 절대 안 됩니다!!,iphone_17,5,2,0,negative,True,0.38312212,0.3792219,0.20209448,0.035561472,1
834776929,8,부가서비스 -> 유심 보호 서비스 상태 확인하고 가입 안 되어 있으면 그냥 해도 되는데 가입되어 있으면 꼭 가입 해지하고 옮겨야 해요.,iphone_17,5,2,0,negative,True,0.5671618,0.17664844,0.22968093,0.026508885,3
834776929,9,그냥 옮기면 새폰에 유심 인식이 안 된다고 하더라고요 ㅠㅠ,iphone_17,5,2,1,weak_negative,True,0.2670387,0.47489044,0.2218438,0.03622704,3
834776929,21,- 무음모드 설정하는 버튼이 바뀌었는데 이거 너무 아쉬워요….,iphone_17,5,2,1,weak_negative,True,0.18767752,0.5886287,0.20112129,0.022572517,3
834776929,23,이거 기존 버튼으로 다시 바꿔주세요ㅠㅠㅠ,iphone_17,5,2,1,weak_negative,True,0.38676816,0.5035377,0.10042058,0.009273592,2
834776929,24,그리고 이 버튼 음량 버튼이랑 헷갈려서 소리 키울 때 계속 누르게 되네요ㅠㅠ,iphone_17,5,2,1,weak_negative,True,0.3875734,0.44565487,0.15378098,0.01299078,3
834776929,28,이 버튼으로 줌 같은 것도 조절 가능하다고 하는 데 그것까지 잘 안 쓸 거 같아요..,iphone_17,5,2,1,weak_negative,True,0.25536564,0.4753362,0.21496727,0.05433091,4
834776929,31,- 차이점은 아닌데 핸드폰 구매 2일 차에 카트라이더 깔아서 했는데 좀 렉이 걸리네요..ㅠㅠ,iphone_17,5,2,1,weak_negative,True,0.10122151,0.5537634,0.30426,0.04075515,3
834776929,35,아니 근데 이거 충전용 선(양쪽 다 c 타입)만 줬는데 지금의 충전기 머리는 USB 타입이어서 이거랑 안 맞아요…. ㅠㅠ,iphone_17,5,2,0,negative,True,0.5864784,0.33581322,0.06766039,0.010047922,3
834776929,36,충전기 머리 새로 사야 할 듯….,iphone_17,5,2,1,weak_negative,True,0.21489483,0.51638275,0.244627,0.024095366,3
834776929,37,아님 노트북 충전기로 충전해야 할 듯합니다.,iphone_17,5,2,0,negative,True,0.40512958,0.3178285,0.25006163,0.026980247,3
834505277,4,rdquo;라며 놀라더라고요.,iphone_17,5,3,0,negative,True,0.48921263,0.2545988,0.22768892,0.028499693,2
833784618,8,사전예약 혜택이 어땠는지 기억이 좀 가물가물하긴 한데...,iphone_17,5,3,1,weak_negative,True,0.15185645,0.51723266,0.2954567,0.035454243,1
833784618,11,특히 주말에는 가격이 대체로 올라가는 느낌이예요.,iphone_17,5,3,1,weak_negative,True,0.13388747,0.5536797,0.26516742,0.047265448,5
833784618,13,제가 작성한 리뷰를 나중에 찾아서 보기에는 어렵습니다.,iphone_17,5,3,0,negative,True,0.49693683,0.20968817,0.20860589,0.08476902,1
871390129,22,“프로까지 꼭 가야 하나?”,iphone_17,5,3,0,negative,True,0.507592,0.33215165,0.13268903,0.027567303,2
830585549,2,"최근들어 사용하던 14프로 폰의 배터리가
너무너무 빨리 닳더라구요 ㅠㅠ",iphone_17,5,3,1,weak_negative,True,0.1357807,0.4411047,0.3484671,0.07464743,3
830585549,4,"근데 최근들어서는 인스타그램 게시글 몇개 보면
2~3프로씩 팍팍 닳아지는게 심상치 않더라구요.",iphone_17,5,3,1,weak_negative,True,0.3106597,0.4227183,0.21177119,0.05485075,4
830585549,6,근데 배터리값 왜이렇게 올랐나요!!!!!!,iphone_17,5,3,1,weak_negative,True,0.38777137,0.5207341,0.07658735,0.0149072185,3
830585549,7,진짜 15만원정도 하는 배터리 교체 비용에 깜놀해버렸어요.,iphone_17,5,3,1,weak_negative,True,0.38123256,0.3984853,0.18291128,0.037370853,3
830585549,11,"원래 아이폰은 프로가 압도적으로 사양이 높기로 유명한데
이번 시리즈는 프로 디자인이... 너무 제스타일이 아니었어요...",iphone_17,5,3,1,weak_negative,True,0.110786505,0.42709368,0.3103356,0.1517842,3
830585549,12,그리고 사양은 좋지만 그만큼 활용을 잘 못하는 부분도 있구요.,iphone_17,5,3,1,weak_negative,True,0.12481088,0.5033943,0.32587364,0.045921158,2
830495666,0,그걸 나중에 알아서 교환도 못함ㅠㅠ -,iphone_17,5,3,0,negative,True,0.72387743,0.17760971,0.09013634,0.008376572,1
830495666,5,남편이 잘 사용하고 있는줄 알았는데 인터넷이 엄청 느리다고 하기에 제 폰이랑 비교해보니..,iphone_17,5,3,1,weak_negative,True,0.16515476,0.3935755,0.38946363,0.051806137,3
830495666,6,남편 폰은 일명 ㅇ줌액정같이 누렇더라고요ㅠ,iphone_17,5,3,1,weak_negative,True,0.14635704,0.46557105,0.3337929,0.054278955,3
830495666,7,"왜 미리 얘기 안했냐고 하니 자기는 원래 이런줄 알았다고;;
교환 시기를 놓쳐서 그냥 사용중인데 뭔가 사용하면서도 찝찝한 느낌 ㅠㅠ

화면이 좀 누래도 괜찮다고는 하는데 뽑기를 잘못한건지 뭔지는 모르겠습니다.",iphone_17,5,3,0,negative,True,0.44100642,0.42118907,0.1256923,0.012112215,3
827564396,8,"앱 전환, 카메라 실행, 멀티태스킹 모두 끊김",iphone_17,5,1,1,weak_negative,True,0.28144997,0.53850555,0.16664746,0.01339701,0
827564396,9,없이 부드럽고 일상 사용 기준에서는 체감 성능이,iphone_17,5,1,1,weak_negative,True,0.08148903,0.48329267,0.384402,0.050816286,2
827564396,17,차이는 크지 않을 수 있어요,iphone_17,5,1,1,weak_negative,True,0.1352108,0.42844707,0.40561518,0.030727005,2
827564396,18,택배가 약간 대충오는 느낌/..?,iphone_17,5,1,1,weak_negative,True,0.23504896,0.6290087,0.121974245,0.013968027,1
827564396,19,130만원인데 너무 대충포장함,iphone_17,5,1,0,negative,True,0.6147955,0.30148804,0.07413258,0.009583823,1
842031631,5,"성능
앱 전환, 멀티태스킹, 게임까지 버벅임",iphone_17,5,3,1,weak_negative,True,0.2591952,0.5900633,0.14116313,0.009578411,0
842027337,4,속도는 말해 뭐해… 앱 전환 빠르고 버벅임,iphone_17,5,3,1,weak_negative,True,0.11023082,0.6671742,0.2063533,0.01624162,0
819873055,6,"▶️ 아쉬운점
망원 렌즈 없는것(크롭 2배줌은 가능),
USB2.0지원이라 PC연결해서 전송속도가 완전빠르지 않다(는데, 개인차...)
프로에서 지원하는 PRORes  영상기능?",iphone_17,5,3,1,weak_negative,True,0.16539523,0.43490458,0.32846427,0.07123594,4
819873055,7,하지만 있어도 사용하지 않는 기능이긴해요.,iphone_17,5,3,1,weak_negative,True,0.330315,0.41474575,0.22873802,0.026201356,2
818495977,13,"다만 가격대가 높은 편이고, 충전 어댑터가 기본 구성에 포함되지 않는 점(사실 이건 조금 오래되긴 했지만요 ㅎㅎ)",iphone_17,5,3,1,weak_negative,True,0.18558028,0.5139196,0.27242023,0.02807992,5
816701616,3,"현상이 너무 심하다는걸 느끼게 되면서
갑자기 찍는 사진마다 마음에 들지 않는 현상까지 이르게
되었습니다 ㅋㅋ",iphone_17,5,3,1,weak_negative,True,0.19081771,0.52325326,0.2372001,0.04872893,4
816701616,11,"단점
- 이거는 개인적인 느낌인데, 배터리가 새 핸드폰 치고는 
되개 빨리 닳는 느낌이었어요.",iphone_17,5,3,1,weak_negative,True,0.100837015,0.4794795,0.38616577,0.033517703,3
816701616,12,"분명 배터리 성능은 100%인데
기존 아이폰13을 3년간 쓰면서 느끼지 못했던 속도로
닳는다는 느낌을 받았구요.",iphone_17,5,3,1,weak_negative,True,0.1949673,0.40162262,0.34717584,0.05623424,3
816701616,13,"기존 아이폰13은 성능이 85%인데
현 아이폰17의 100%와 정말 큰 차이 안난다고 느껴졌달까요...",iphone_17,5,3,1,weak_negative,True,0.19922289,0.5781616,0.17955741,0.04305813,3
812774234,12,아쉬웠던 점은 항상 그렇듯 가격이 높다는 점… 그리고 기본 구성품이 충전 케이블만 있어서 충전기 따로 구매해야 해요.,iphone_17,5,3,1,weak_negative,True,0.15752365,0.4660439,0.33427688,0.04215565,5
811780840,6,무거운 앱이나 멀티태스킹도 끊김,iphone_17,5,3,1,weak_negative,True,0.29587018,0.5749115,0.11522063,0.013997726,0
809451678,6,게다가 폰은 워낙 비싸고 예민한 제품이잖아요?,iphone_17,5,3,1,weak_negative,True,0.3223205,0.42381114,0.2140528,0.039815534,3
809451678,13,폰이 아니라 '물결' 같아요,iphone_17,5,3,0,negative,True,0.47434032,0.42307416,0.08763738,0.014948189,3
809451678,33,결론: 고민하면 배송만 늦는다!,iphone_17,5,3,0,negative,True,0.4146763,0.38959575,0.16446823,0.031259716,1
808923517,11,"앱 실행,전환, SNS, 영상 시청, 게임까지 일상에서 버벅임",iphone_17,5,3,1,weak_negative,True,0.35791543,0.48404554,0.1459151,0.012123868,0
807652811,4,평소들고다니 기부담이없어요.✅,iphone_17,5,3,1,weak_negative,True,0.13990839,0.47133112,0.33312866,0.055631794,1
807652811,14,"아쉬운점/유의 사항 •기본형이 라“프로	”	급망원카메라 ,고급 영상기능 ,고급렌즈등은 없어요.",iphone_17,5,3,1,weak_negative,True,0.24926844,0.33978948,0.33540237,0.07553967,4
810671794,9,"갤럭시에선 이것저것 보정 앱 써야 했는데, 아이폰은 그냥 찍으면 끝.",iphone_17,5,3,1,weak_negative,True,0.13480747,0.39378715,0.39284495,0.078560434,3
802870779,8,"앱 실행 속도는 물론이고, 여러 앱을 동시에 돌려도 끊김",iphone_17,5,3,1,weak_negative,True,0.25755498,0.5255334,0.19450769,0.022403926,0
797146991,6,2️⃣이번엔 무조건 일반이 정배다!,iphone_17,5,3,1,weak_negative,True,0.25563166,0.35988903,0.30824283,0.076236464,2
797146991,11,"남편이 항상 출근할 때 풀충으로 나가서 회사에 도착하면
배터리가 15~20%밖에 없다고 그랬거든요",iphone_17,5,3,0,negative,True,0.35277373,0.34870237,0.24115875,0.057365157,3
795430763,14,그리고 저는 원래 이 기능이 없었는데… 누군가에  전화를 걸면 받을때까지 기다리면서 한눈 팔때가 있잖아요.,iphone_17,5,3,0,negative,True,0.3449534,0.34482238,0.25349545,0.056728773,1
795430763,20,모르는 번호로 전화올때 몇가지 정보를 상대방에게 요구하는거래요.,iphone_17,5,3,0,negative,True,0.47426724,0.3060344,0.19487302,0.024825288,1
792587564,6,30만원정도의 차이가 다더라구요!,iphone_17,5,3,1,weak_negative,True,0.21359874,0.47978157,0.25740948,0.049210187,5
792386063,15,기계 가격이 저렵하다고 느낄정도예요.,iphone_17,5,3,1,weak_negative,True,0.24888477,0.3465656,0.2946115,0.10993808,5
792367737,1,저도 모르게 폰이 바꾸고 싶었던건지...,iphone_17,5,3,1,weak_negative,True,0.14005813,0.48061943,0.29699835,0.08232405,3
792367737,2,요새 자주 핸드폰을 떨어뜨려서 액정이 박살 났더라구요 ^^...,iphone_17,5,3,1,weak_negative,True,0.1842474,0.45413214,0.30425155,0.057368916,3
792367737,12,저는 핸드폰은 함부로?쓰기도 하고 아이도 제 핸드폰을 자주 만지니 긁힘이 자주 생기곤 했는데...,iphone_17,5,3,1,weak_negative,True,0.1731453,0.4005777,0.374057,0.052219983,3
792367737,19,같이 주면 좋을 텐뒈...ㅋㅋ,iphone_17,5,3,1,weak_negative,True,0.34118047,0.50826216,0.13804868,0.012508756,2
791687896,8,하 고버벅임 이1도 없어요 .,iphone_17,5,3,1,weak_negative,True,0.298692,0.3683396,0.28156373,0.051404703,3
852492151,0,아이가 핸드폰 액정을 다 깨먹어서 ...ㅠㅠ,iphone_17,5,3,1,weak_negative,True,0.14102572,0.46540964,0.3553638,0.038200874,3
862644919,12,"다만밤에영상 촬영 할때가로등 이나강한 빛이있으면  렌즈
반사
때문 에U FO 처럼보이는
빛번짐현상 이나타날수 있어요",iphone_17,5,3,0,negative,True,0.38794613,0.31706712,0.26405278,0.030933991,4
862644919,13,"밝은 LE D환경 에서는이런 카메라 오류가드물게발생 하기도 한다고알려져
있어요",iphone_17,5,3,0,negative,True,0.40660143,0.37068275,0.19995138,0.022764403,4
787424346,1,"[포장상태]
1. 아이폰 박스에 비해 포장 상자가 큼",iphone_17,5,3,1,weak_negative,True,0.08831934,0.5216937,0.36885008,0.021136802,1
787424346,3,"3. 꼼꼼히 싼건 아니고 가로에만 뽁뽁이 쌈
4. 아이폰 박스가 좀 더러움, 찍힌 부분도 있음",iphone_17,5,3,1,weak_negative,True,0.3022673,0.54678893,0.14263144,0.008312314,1
787424346,10,"(이건 핸드폰 업데이트를 계속 안했어서, 업데이트 하면 다 되는건진 모르겠음)

[알뜰폰 자급제 이심 이동]
프리티 알뜰폰 자급제 사용중인데,
핸드폰에서 이심 이동 인증이 안되서 고객센터 전화연결로 핸드폰 정보 확인 후 이심",iphone_17,5,3,0,negative,True,0.38723767,0.28298408,0.28341484,0.046363477,3
787424346,12,"이심 재발급비 청구 됨
알뜰폰 업체마다 다르니 확인 필요!",iphone_17,5,3,0,negative,True,0.5406931,0.27355433,0.16801788,0.01773462,5
830985505,9,경쟁사 대비 무거운 무게는 여전히 아쉬움.,iphone_17,5,3,1,weak_negative,True,0.15071565,0.41484964,0.4073955,0.027039185,2
777608672,16,"버튼한 번씩만꾹~

부탁드려요",iphone_17,5,3,1,weak_negative,True,0.24558336,0.3808194,0.32232457,0.051272683,2
777092388,7,성능 & 내부 사양 A19 칩 탑재로 속도 쾌적하고 버벅임,iphone_17,5,3,1,weak_negative,True,0.17119145,0.42552036,0.3588069,0.044481274,0
777092388,11,"4. 아쉬운 점 

밝은 야외 직사광선 노출 시 화면이 약간 답답하게 느껴질 때 있음",iphone_17,5,3,1,weak_negative,True,0.17210445,0.4464424,0.3567121,0.024741018,4
777092388,13,"흰색의 단점
화이트 백면이라 실리콘이나 플라스틱 재질 케이스 쓰면 때나 오염이 비교적 티 날 가능성 있음",iphone_17,5,3,1,weak_negative,True,0.19943495,0.50830054,0.26114118,0.031123372,2
777092388,17,"배터리는 하루 정도는 괜찮은데, 게임하거나 화면 밝기 풀로 하면 저녁 즈음엔 조금 부담 느껴질 것 같아요.",iphone_17,5,3,1,weak_negative,True,0.12465599,0.46878758,0.35488263,0.051673792,3
776341344,4,거의 절반으로 줄어든 베젤..,iphone_17,5,2,1,weak_negative,True,0.099727936,0.53580046,0.33384305,0.030628532,2
776341344,8,"망원카메라가 없는 것

아니 초광각 진짜 안 쓰고 필요없다구요ㅠㅠ",iphone_17,5,2,1,weak_negative,True,0.3506325,0.48166454,0.15090084,0.016802125,4
776341344,10,프로로 갈까 고민 진짜 백번 했습니다ㅠㅠ,iphone_17,5,2,1,weak_negative,True,0.25469974,0.4053238,0.24278197,0.09719457,2
776341344,11,그래도 망원 하나때문에 50만원을 태울 자신이 없어서 일반라인에 잔류..,iphone_17,5,2,1,weak_negative,True,0.10870625,0.4256556,0.37933782,0.08630037,4
776341344,12,"17버전 고질현상인 측면 터치 씹힘은 매우매우 불편하고 화납니다

카톡할 때마다 진짜 전송버튼 두번씩 눌렀거든요^^....",iphone_17,5,2,1,weak_negative,True,0.37747827,0.51982737,0.08436652,0.018327827,3
776341344,13,"손톱 길 때 더 심했던걸로 봐선 터치 민감도가 약간 떨어지는 것 같은데

네일 하시는 여성분들 엄..",iphone_17,5,2,1,weak_negative,True,0.27620995,0.585249,0.12583831,0.0127027,2
776341344,14,"꽤나 불편하실지두

그리고 노치를 쓰다가 다이나믹 아일랜드로 오니 상단바를 내릴 때 더 깊숙하게 터치해서 내려야하는 점이 매우매우 불편하고 적응하기 어려웠습니다!!",iphone_17,5,2,1,weak_negative,True,0.14393738,0.4875106,0.31558618,0.05296576,2
776341344,15,심지어 이눔의 아일랜드는 마치 절 놀리듯이 또용또용 거렷죠..,iphone_17,5,2,0,negative,True,0.5813737,0.26924238,0.13295554,0.01642837,2
776341344,16,그래도 쓰다보니 적응은 됐습니다만 제스쳐가 더 커져서 그런지 내릴 때마다 신경써야해서 뭔가뭔가입니다ㅎ,iphone_17,5,2,1,weak_negative,True,0.091424376,0.48532307,0.37718332,0.046069276,2
776341344,17,그래도 가성비 디자인 휴..,iphone_17,5,2,1,weak_negative,True,0.14543566,0.5641562,0.2513376,0.039070524,2
776341344,24,17버전 고질적인 측면 터치 씹힘,iphone_17,5,2,1,weak_negative,True,0.27304676,0.5594256,0.14332595,0.024201702,3
776341344,25,"문제
‼️ 다이나믹 아일랜드로인해 더 멀어진 상단바

--------

세상에.. 한 달 정도 쓰다보니 사진 찍을 때 왜 이렇게 터치를 안 하면 초점이 잘 안 맞지..? 싶었는데

라이다센서가 없어서 그렇네요...",iphone_17,5,2,1,weak_negative,True,0.3369301,0.5291408,0.11622559,0.017703574,4
776341344,26,설마 이런 사소한 것 까지 체감이 될 줄이야...!!,iphone_17,5,2,1,weak_negative,True,0.15891266,0.41631994,0.34687996,0.07788745,2
776341344,28,"하하

그 사이에 지른거 맞읍니다",iphone_17,5,2,0,negative,True,0.40822443,0.21383005,0.2518349,0.12611064,2
775880396,17,두 번째는 수리비 부담이에요.,iphone_17,5,3,0,negative,True,0.46454883,0.33233863,0.17656043,0.026552096,5
775880396,20,세 번째로는 발열과 배터리 지속 시간이 조금 아쉽습니다.,iphone_17,5,3,1,weak_negative,True,0.15663713,0.46884528,0.3534809,0.021036653,3
775880396,22,"물론 과열될 정도는 아니지만, 체감상 예전 모델보다 미세하게 뜨겁게 느껴질 때가 있습니다.",iphone_17,5,3,1,weak_negative,True,0.20541179,0.42128932,0.3382775,0.03502138,3
775880396,24,마지막으로는 통신사 혜택 제한이 있습니다.,iphone_17,5,3,1,weak_negative,True,0.37100357,0.3904938,0.20489049,0.03361207,5
775880396,28,다만 초기 구매 비용과 수리,iphone_17,5,3,1,weak_negative,True,0.22151709,0.40625393,0.34708586,0.025143117,5
775688754,22,"사진, 어플, 배경 화면등등그냥

똑같 은폰 이됩니다.",iphone_17,5,3,1,weak_negative,True,0.32838535,0.4399263,0.19838926,0.033299066,3
772161148,14,무거운 게임이나 영상 편집 앱 돌릴 때도 버벅임,iphone_17,5,3,1,weak_negative,True,0.26313102,0.5970718,0.12746653,0.012330655,0
772161148,26,하루 종일 손에서 놓을 수가 없어요.,iphone_17,5,3,0,negative,True,0.36839062,0.33329105,0.2532665,0.045051806,3
772161148,32,이젠 보조배터리도 잘 안 가지고 다닙니다.,iphone_17,5,3,1,weak_negative,True,0.298598,0.40136474,0.22567491,0.07436241,3
772161463,4,넘 부족해서 맨날 사진 지우는게 일이었거든요. ㅠㅠ,iphone_17,5,3,1,weak_negative,True,0.14321204,0.50246024,0.306128,0.048199803,3
772161463,18,무거운 게임이나 영상 편집 앱 돌릴 때도 버벅임,iphone_17,5,3,1,weak_negative,True,0.26313102,0.5970718,0.12746653,0.012330655,0
772161463,32,하루 종일 손에서 놓을 수가 없어요.,iphone_17,5,3,0,negative,True,0.36839062,0.33329105,0.2532665,0.045051806,3
772161463,43,이젠 보조배터리도 잘 안 가지고 다닙니다.,iphone_17,5,3,1,weak_negative,True,0.298598,0.40136474,0.22567491,0.07436241,3
772018118,4,근데 이번 17 일반은 얘기가 달라요.,iphone_17,5,3,1,weak_negative,True,0.25760892,0.47138214,0.2282466,0.042762436,2
772018118,7,"진짜 이건 일반 모델의 반란임 ㅋㅋ

⚡",iphone_17,5,3,0,negative,True,0.41776505,0.34237564,0.19229862,0.047560684,2
772018118,18,주의할 점이라면… 케이스는 꼭 사세요⚠️,iphone_17,5,3,1,weak_negative,True,0.13827255,0.4156624,0.4000727,0.045992315,2
771280409,6,"해졌고, 동영상 촬영 시 손떨림",iphone_17,5,3,1,weak_negative,True,0.20605317,0.49894643,0.258675,0.03632545,4
770482685,2,그런데 이번에는 조금 달랐습니다.,iphone_17,5,3,1,weak_negative,True,0.21578991,0.38905504,0.36409616,0.031058853,2
768078785,2,"앱 실행 속도도 느려지고, 배터리 효율이 78% 정도밖에 남지 않아 하루 종일 충전을 반복해야 하는 상황이 되었죠.",iphone_17,5,3,1,weak_negative,True,0.25603384,0.40151834,0.29770976,0.044738114,3
877729508,11,여러 앱을 왔다 갔다 할 때도 버벅임,iphone_17,5,3,1,weak_negative,True,0.34571093,0.47844112,0.1596709,0.016177038,0
823430287,6,줌 사진은 디지털이라 멀리 있는 피사체 촬영할 때 한계가 있어요.,iphone_17,5,3,1,weak_negative,True,0.16397935,0.5026985,0.28470373,0.048618473,4
823430287,10,근데 젤 아쉬운건 업데이트 하고 난 뒤 어플 모양이 넘 아쉬움,iphone_17,5,3,1,weak_negative,True,0.1037338,0.6038921,0.26914787,0.023226243,2
842698894,4,배송시 충전잔량이 80퍼정도?,iphone_17,5,1,1,weak_negative,True,0.35360545,0.5179317,0.11214875,0.016314097,3
842698894,10,아예 복사가 안되고 초기버젼의 17을 보고 식겁했었더랍니다,iphone_17,5,1,1,weak_negative,True,0.37232846,0.48847777,0.12803896,0.011154801,2
842698894,12,"이번 쿠팡배송 너무 아쉬웟던건
뽁뽁이처리도 없이 아이폰 박스채만 덩그러니 있어서
적잖은 충격을 먹었습니다",iphone_17,5,1,1,weak_negative,True,0.31243283,0.50971186,0.15454948,0.023305904,1
842698894,13,"전자기기이고 가격도 100만원 넘는 고가임에
너무 성의없게 포장되어있어서
바로 개봉하여 고장여부 부터 확인해야했습니다...",iphone_17,5,1,0,negative,True,0.61945045,0.27702725,0.08715618,0.016366139,1
867657992,11,자주 있는 건 아니지만 갑자기 꺼질 때가 있어서 메시지 확인하다가 끊기는 상황이 생기면 살짝 당황스럽더라고요,iphone_17,5,3,1,weak_negative,True,0.28546345,0.4228269,0.2543304,0.037379276,3
883683065,5,"가장 걱정했던 외관 상태도 꼼꼼히 확인해 봤는데, 스크래치나 찍힘",iphone_17,5,3,1,weak_negative,True,0.14633706,0.50161517,0.32187778,0.030170003,2
835021440,8,17프로또한 알루미늄 바디로 기스나 찍힘,iphone_17,5,3,1,weak_negative,True,0.12781663,0.5662942,0.26851374,0.037375417,2
835021440,9,등에 취약하다는 문제도 요새 많이들 올라오고 있습니다,iphone_17,5,3,1,weak_negative,True,0.32273874,0.42776167,0.18833192,0.061167665,2
815483242,11,하루종일 유튜브+카톡+사진찍기 해도 저녁에 30% 남아있는 건 진짜 처음이에요ㅋㅋ,iphone_17,5,3,0,negative,True,0.39249733,0.29140216,0.22128534,0.09481525,3
815483242,15,"기기 발열도 거의 없고, 무거운 앱 돌릴 때도 버벅임",iphone_17,5,3,1,weak_negative,True,0.15830323,0.61356515,0.20442629,0.023705319,0
815483242,18,상품 막상 많이 사용하는가?,iphone_17,5,3,0,negative,True,0.43667352,0.284743,0.2415413,0.03704219,1
815483242,19,하루 종일 붙잡고 있어요ㅋㅋ,iphone_17,5,3,1,weak_negative,True,0.29545993,0.34502974,0.2963764,0.06313393,3
815483242,22,디자인이 진짜 말이 안 돼요,iphone_17,5,3,0,negative,True,0.52782977,0.35306686,0.095323846,0.023779528,2
815483242,27,진짜 사진 찍어서 인스타 올릴 때마다 &quot;폰 뭐야?&,iphone_17,5,3,0,negative,True,0.408899,0.34559658,0.19126874,0.054235686,3
815483242,28,"quot; 질문 세례 받는 중이에요ㅋㅋ  

✅",iphone_17,5,3,1,weak_negative,True,0.24233991,0.38133758,0.33967102,0.03665152,1
815483242,35,기본 카메라가 거의 DSLR 수준이에요ㅠ,iphone_17,5,3,1,weak_negative,True,0.28813443,0.34672165,0.30476332,0.060380638,4
815483242,41,"앱 전환 속도도 엄청 빠르고, 멀티태스킹 해도 버벅임",iphone_17,5,3,1,weak_negative,True,0.21178249,0.54977614,0.21976417,0.018677149,0
815483242,52,"하고, 카메라는 그냥 예술이에요!",iphone_17,5,3,0,negative,True,0.39919376,0.20056522,0.3343441,0.06589697,4
815483242,57,호랑이도 제 말하면 온다고 하죠?,iphone_17,5,3,1,weak_negative,True,0.30755213,0.35788125,0.20596136,0.12860529,2
813325503,6,"100미터 멀리서 봐도 걍 아이폰ㅎㅎ
그냥 그런 숏츠 믿지마세요",iphone_17,5,3,0,negative,True,0.50111616,0.40572926,0.07879797,0.014356572,3
813325503,14,제가 기존 사용폰이 작아서..,iphone_17,5,3,1,weak_negative,True,0.083100244,0.47811335,0.39450786,0.04427856,3
813325503,15,"이번에 바꾸는 것도 무거울거 감안하고 산건데, 걍 개가벼워요ㅜ",iphone_17,5,3,1,weak_negative,True,0.060696695,0.48277357,0.40360054,0.052929174,2
874425764,11,해서 앱 실행이나 멀티태스킹할 때 끊김,iphone_17,5,3,1,weak_negative,True,0.30364123,0.5551006,0.13080381,0.010454349,0
876675718,0,로켓배송 포장 레전드; 폰 문제를 떠나서 전자기기 이렇게 포장해서 배송하는거 처음봄ㅋㅋㅋㅋㅋㅋ 싸,galaxy_s26,1,0,1,weak_negative,True,0.28025326,0.3428936,0.29975122,0.07710189,1
876675718,1,구려 차량용품도 완충제 한번 싸서 박스에 맞게 테트리스해가지고 보내줍니다,galaxy_s26,1,0,0,negative,True,0.43910164,0.34122336,0.18684998,0.032825,1
876675718,2,요즘 시국이 시국인지라 비닐 구하기가 어려워져서 그런가요?,galaxy_s26,1,0,1,weak_negative,True,0.16521125,0.6079072,0.18807685,0.03880468,1
876675718,3,"근데 만원짜리 다른 제품엔 칭칭 잘만 둘러져서 오던데
박스는 여기저기 던져지고 굴렀는지 죄다 뭉개져있곸ㅋㅋ
앞으로 휴대폰을 쿠팡에서 사는일은 두 번 다시 없겠네요",galaxy_s26,1,0,0,negative,True,0.5498603,0.37562546,0.06171397,0.012800237,1
876675718,4,사용하다 문제 생기면 찜찜할 것 같습니다,galaxy_s26,1,0,0,negative,True,0.41439414,0.36113057,0.19657588,0.027899425,2
876675718,5,타오바오 알리 아마존도 이렇겐 안보냄ㅋㅋ,galaxy_s26,1,0,1,weak_negative,True,0.40162343,0.4929405,0.09516686,0.010269245,1
857632717,0,차라리 추가금액을 받던가; 휴대폰 배송을 하는데 택배 상자 안에 충격 완충제가 하나도 안들어가있네요.,galaxy_s26,1,0,0,negative,True,0.48214027,0.42418772,0.086158775,0.0075131715,1
857632717,2,하고 기간 지나면 구매 못하게 닫을거니까 상관없다 이건가요?,galaxy_s26,1,0,0,negative,True,0.8469437,0.10070264,0.042778693,0.00957497,1
857632717,3,완충제 얼마 들지도 않는거 차라리 추가금액을 받으시던가;; 리뷰 보니까 초반에 받은 사람들은 충격 완충제 들어있던데 사전예약 마지막쯤에 주문시킨 제꺼엔 하나도 안들어가 있는게 개역겹네요,galaxy_s26,1,0,0,negative,True,0.79264206,0.1658573,0.033558864,0.007941724,1
857632717,4,진짜. 그래도 100만원 넘는 전자제품인데 이게 뭐하잔건지 모르겠어요,galaxy_s26,1,0,0,negative,True,0.76602256,0.19443774,0.032477118,0.00706257,1
867621242,0,전자기기에 뽁뽁이도 없이 배송을 하나요,galaxy_s26,1,0,0,negative,True,0.72430867,0.20159051,0.06469028,0.009410643,1
867621242,1,전자기기에 뽁뽁이도 없이 배송을 하나요,galaxy_s26,1,0,0,negative,True,0.72430867,0.20159051,0.06469028,0.009410643,1
867621242,3,"어짜피 유튜브에 리뷰 다 있으니 의미없고
불량 아닌걸로 배송만 해주면 되는데
박스만 덜렁 배송해주네요",galaxy_s26,1,0,0,negative,True,0.83750916,0.11827611,0.03611122,0.008103486,1
867621242,4,"요즘은 박스만 달랑 줘도 될 정도로
제품이 튼튼한가요?",galaxy_s26,1,0,1,weak_negative,True,0.27262765,0.5939106,0.112379834,0.02108191,1
867621242,5,제가 시대에 뒤떨어져 뽁뽁이에 집착하는건가요.,galaxy_s26,1,0,1,weak_negative,True,0.3014866,0.559821,0.12486218,0.013830156,2
876415597,0,포장이 이럴 수 있나요?...,galaxy_s26,1,0,1,weak_negative,True,0.3822277,0.49856353,0.10358896,0.015619874,1
876415597,3,한두푼도 아니고 예민한 전자기기를 어떻게 이렇게해서 보내시나요.,galaxy_s26,1,0,0,negative,True,0.70971733,0.23437676,0.04916585,0.0067400765,1
876415597,4,포장교육이나 경력자분들 검수 안하시나요?,galaxy_s26,1,0,0,negative,True,0.665609,0.25741777,0.06856838,0.008404959,1
876415597,5,포장이 같은 상품인데 상품마다 다른 것도 이해가 안가네요.,galaxy_s26,1,0,0,negative,True,0.60379106,0.30347425,0.083676845,0.009057854,1
876415597,6,넘 어이가 없어서 교환을 하려고 했더니 그건 상품의 문제가 아니라 할 수 없다합니다.,galaxy_s26,1,0,0,negative,True,0.7708977,0.13955164,0.08158078,0.007969922,1
876415597,7,방법은 반품뿐이고 정말 번거롭고 불편한 정책입니다.,galaxy_s26,1,0,0,negative,True,0.47505563,0.3364817,0.1723081,0.01615451,1
856389560,0,"촬영한 동영상 재생시 심각한 노이즈 발생합니다
영상 첨부합니다",galaxy_s26,1,0,0,negative,True,0.5215872,0.36528113,0.100856975,0.012274749,4
856389560,1,"다른 동영상들도 촬영 후에 재생시 저렇게 되는데
답변 바랍니다",galaxy_s26,1,0,0,negative,True,0.54780245,0.34159434,0.10055075,0.010052397,4
861301407,0,10만원짜리도 아니고 100만원 넘는 전자제품을 배송하는데 규격에 맞는박스도 아닐뿐더러 에어캡도 없이 왔어요,galaxy_s26,1,0,0,negative,True,0.73438746,0.21074747,0.048586223,0.0062788744,1
868000619,2,"외부 충격에 민감한 핸드폰을 보내면서 완충제 포장 하나없이 박스에 핸드폰만 넣어 보내서
아무래도 찜찜해 반품처리하고 재주문 했습니다.",galaxy_s26,2,1,0,negative,True,0.58535224,0.26799667,0.13178861,0.014862511,1
863307246,0,"쿠팡캐시 구매일주일후 주신다했는데
사전예고없이  없어지는 이벤트였나요",galaxy_s26,2,0,0,negative,True,0.81033415,0.14281261,0.036250345,0.010602936,1
876419165,1,"사유는 Back Glass 들뜸, Back Glass 심한 Scratch, 테두리 스크래치입니다.",galaxy_s26,3,0,0,negative,True,0.41358018,0.22297555,0.33219346,0.03125069,2
876419165,2,"문의하니 오래 사용하다보면 배터리가 부풀어 뒷면 들뜸이 발생할 수 있다고 안내받았고,
뒷면 심한 스크래치는 납득할 수 없어 재검수 요청하였으나",galaxy_s26,3,0,0,negative,True,0.54396325,0.27346346,0.16990285,0.012670433,3
876419165,3,결국 동일한 답변 연락 받았습니다.,galaxy_s26,3,0,0,negative,True,0.73034906,0.14997984,0.10133601,0.018335072,1
877672762,4,"다만, 고가의 휴대폰 포장은 에어캡으로 고정해서 포장 좀 해주세요",galaxy_s26,3,3,1,weak_negative,True,0.1570554,0.5094242,0.2992979,0.0342225,1
877672762,5,"아무리 2년동안 제조사에서 무상 AS를 제공한다고 해도
쿠팡 배달 시스템 특성상 기사님들이 물건 던져서 배송하는데
충격 다 먹습니다.",galaxy_s26,3,3,0,negative,True,0.83714443,0.10937037,0.04388656,0.009598614,1
877672762,6,나름 100만원 이상의 고가의 전자기기임에도 불구하고 다른 판매처들과 다르게 완충처리 없이 보낸 것은 정말 기겁했습니다.,galaxy_s26,3,3,0,negative,True,0.70625925,0.19208354,0.08685361,0.01480366,1
856381093,0,가벼운데 색감이 너무 파랗게 느껴지네여,galaxy_s26,3,2,1,weak_negative,True,0.08040724,0.5895631,0.29880625,0.031223444,4
856381093,2,"제미나이에게 물어보니 삼성이 자연스런 색감 추구한다는데
흠...",galaxy_s26,3,2,1,weak_negative,True,0.099975154,0.44255662,0.41162217,0.04584605,3
856381093,3,"뭔가 명도 채도 낮다보니
구형폰으로 겜하는 느낌 같아서 울트라 살 걸 후회합니다",galaxy_s26,3,2,1,weak_negative,True,0.33678338,0.504724,0.111100644,0.04739192,3
857787073,0,"백만원이 넘는 상품을 이렇게 달랑 박스는 튿어지고 핸폰만큼은 쿠팡에서 구매하지ㅜ않기로 함
문제 생기면 요청 하겠슴
굳이 비싼 폰 할 필요있을까 함",galaxy_s26,3,0,0,negative,True,0.74891806,0.18272364,0.0600411,0.008317226,1
857884086,0,"포장 엉망;; 폰 배송을 뾱뾱이 하나 없이 상자만 보내다뇨;;
확인좀 하세요;;",galaxy_s26,3,0,0,negative,True,0.676893,0.2789575,0.040000755,0.004148704,1
857690028,0,뽁뽀 뽁뽁이도 없이.... 배송이 됐습니다..,galaxy_s26,3,0,1,weak_negative,True,0.086087316,0.5769654,0.3181607,0.018786587,1
857690028,1,켜봐야 알겠지만. 이상있으면 연락해야겠죠..,galaxy_s26,3,0,1,weak_negative,True,0.28760892,0.34731156,0.32309186,0.04198762,1
879072680,4,앱 여러 개 동시에 켜도 버벅임,galaxy_s26,4,3,0,negative,True,0.4394077,0.41750386,0.133751,0.009337423,0
875645513,3,"고가 제품임에도 불구하고 배송 과정에서 파손주의 스티커 하나 없이 일반 택배처럼 취급된 느낌이었고, 문 앞에 던져놓듯이 두고 가신 점이 많이 아쉬웠습니다.",galaxy_s26,4,2,0,negative,True,0.49437654,0.31508863,0.17027883,0.020256007,1
863924805,1,가격은 저렴한줄 알았는데 크게 차이 없었구요,galaxy_s26,4,3,1,weak_negative,True,0.09395658,0.41312295,0.40868387,0.084236555,5
863924805,2,좀더 검색해볼걸 하는 아쉬움이 생겼습니다,galaxy_s26,4,3,1,weak_negative,True,0.17857197,0.41204655,0.33377475,0.0756067,2
855798501,5,화질 빼고는 크기도 적당하고 만족하는데... 아무리 울트라여도 s21울트라보다 화질이 떨어지다니 급 나누기 너무 심한거 같네요,galaxy_s26,4,2,1,weak_negative,True,0.31009287,0.46756476,0.18562073,0.03672166,4
859018692,2,다행히 배송 받은날 핸드폰은 또 고장이 났다,galaxy_s26,4,3,0,negative,True,0.50447685,0.3041314,0.1704642,0.020927556,1
876346396,3,역시나 저도 배송은 불만족스러웠는데요,galaxy_s26,4,3,1,weak_negative,True,0.20485851,0.43090862,0.33562726,0.02860558,1
876346396,5,"쓰다가 고장나면 쿠팡배송이
원망될거같네요",galaxy_s26,4,3,0,negative,True,0.5550512,0.34064847,0.08504645,0.019253775,1
859010822,3,아무리 찾아봐도 없길래 검색해봤더니 울트라만 되는거......,galaxy_s26,4,3,1,weak_negative,True,0.28803176,0.544347,0.15050055,0.017120698,4
859010822,4,잘 안알아보고 구입한 제 잘못이겠죠...,galaxy_s26,4,3,0,negative,True,0.4966124,0.38326663,0.10587324,0.01424774,1
859010822,5,120만원도 싼건 아닌데 걍 다해주지ㅜㅜ,galaxy_s26,4,3,1,weak_negative,True,0.2472612,0.63991874,0.09950594,0.01331412,5
869699664,1,다른건 만족하는데 저처럼 큰 폰 쓰시다가 작은거 쓰시면 좀 답답하실꺼예요 ㅠ,galaxy_s26,4,2,1,weak_negative,True,0.15297796,0.48742625,0.3055875,0.05400827,3
856393221,0,가벼워요 유심데이터 이동이 복잡했어요 하라,galaxy_s26,4,1,1,weak_negative,True,0.20152558,0.48761922,0.273767,0.037088145,3
876355822,0,배터리가 너무  빨리 닳아요,galaxy_s26,4,0,1,weak_negative,True,0.19070888,0.5810513,0.2078973,0.020342516,3
876355822,1,문의하는 곳을 못찾아 여기에 남깁니다,galaxy_s26,4,0,0,negative,True,0.70631665,0.13313924,0.13687629,0.02366781,1
884675667,3,핸드폰 개별 음량 조절 안됨,galaxy_s26,5,3,0,negative,True,0.48677996,0.35493612,0.1384849,0.019799061,3
884675667,4,유튜브 뮤직은 놔두고 카톡만 제발 줄이고 싶은데 다 같이 음량이 조절되기 때문에 에어팟끼고 음악 들으면서 카톡오면 귀청 떨어집니다,galaxy_s26,5,3,0,negative,True,0.5813836,0.28855693,0.08486985,0.04518957,3
884675667,5,"난청이슈 
거기다 다같이 음량 조정이 되니까 밤에 잘때 자꾸 이메일이고 싹다 소리나서 잠 설치기 일수 무음전환 해놓는데 진동 옴 또 진동 안오게 해놓음",galaxy_s26,5,3,0,negative,True,0.6468471,0.280558,0.061510503,0.011084297,3
884675667,6,옆에 있어도 전화온지 모르기때문에 진동으로 안 할 수가 없음,galaxy_s26,5,3,1,weak_negative,True,0.26935875,0.41258013,0.26856637,0.049494732,3
884675667,9,내가 사용했던 앱들 모두 닫기안됨,galaxy_s26,5,3,0,negative,True,0.62585145,0.28996673,0.07257725,0.011604594,0
884675667,10,"공휴일에는 제발 알람 좀 안 울렸음 좋겠는데 
대체공휴일등은 뭐 설정할 수도 없어서 월화수목금 열심히 울려됨",galaxy_s26,5,3,0,negative,True,0.33838525,0.2928525,0.3129954,0.05576688,3
883393103,10,S펜 미지원인 점도 체크해야 함.,galaxy_s26,5,3,0,negative,True,0.45271984,0.33362025,0.20083103,0.012828863,4
883203582,2,통신사 복잡한 부가서비스나 요,galaxy_s26,5,3,0,negative,True,0.47727495,0.30457103,0.1889511,0.029202942,5
882475722,8,앱 유료결제는 뭔가 추가 비용이라 꺼려졌습니다.,galaxy_s26,5,3,1,weak_negative,True,0.1274606,0.47102603,0.3323695,0.069143794,5
882475722,13,사진 찍는 갬성이 없어진 느낌이지만.. 제가 못찍는거겠죠?,galaxy_s26,5,3,1,weak_negative,True,0.28486648,0.5420102,0.14678705,0.026336296,4
880535129,6,"관리직급이라 업무 전화가 잦은데, 중요한 내용을 놓칠까 봐",galaxy_s26,5,3,1,weak_negative,True,0.25655693,0.47132006,0.24016957,0.03195343,1
876186742,9,여러 앱을 동시에 켜놓고 써도 버벅임,galaxy_s26,5,3,0,negative,True,0.44246143,0.42674035,0.12058953,0.010208667,0
874221908,10,대리점에서 구입하면 약정기간이 있고 초기 몇달은 비싼 요금제로 계약을 해야 하잖아요,galaxy_s26,5,3,1,weak_negative,True,0.3649489,0.40479755,0.20018256,0.030071056,5
874221908,12,핸드폰을 많이 사용하지 않는데도 여태 5만원 내외의 요금을 냈었는데요,galaxy_s26,5,3,1,weak_negative,True,0.11819753,0.45604923,0.36501643,0.06073686,3
879974706,2,"속도는 진짜 체감 바로 되는 부분인데
앱 전환이나 영상, 게임 돌릴 때 버벅임",galaxy_s26,5,3,1,weak_negative,True,0.26126865,0.58108044,0.14563751,0.012013396,0
870382641,19,"(아이폰 17 프로의 경우, 자체 녹음 기능을 켜면 상대방에게 ""이 통화는 녹음됩니다""라는 안내 멘트가 송출되어 실사용 시 민망하거나 불편한 상황이 생길 수 있습니다.)",galaxy_s26,5,3,0,negative,True,0.3948901,0.16769078,0.340082,0.09733717,3
865801287,9,"앱 실행이나 화면 전환
바로바로 넘어가고
끊김",galaxy_s26,5,3,1,weak_negative,True,0.31408125,0.52510345,0.14641696,0.014398367,0
865801287,10,"영상 보거나 게임해도
버벅임",galaxy_s26,5,3,1,weak_negative,True,0.41540214,0.45303804,0.12030966,0.0112501895,0
865276961,15,네 살 아이들은 가만히 있질 않잖아요?,galaxy_s26,5,3,0,negative,True,0.48141825,0.29849732,0.18862574,0.031458694,2
876175386,6,앱 전환이나 카메라 실행할 때 버벅임,galaxy_s26,5,3,1,weak_negative,True,0.26999032,0.5111582,0.20520031,0.013651024,0
876175386,13,아쉬운 점은 디자인이 크게 바뀌진 않아서 새 폰 느낌이 살짝 덜한 정도?,galaxy_s26,5,3,1,weak_negative,True,0.06257632,0.483118,0.4076969,0.046608858,2
876175386,14,그리고 가격은 솔직히 조금 비싼 편입니다.,galaxy_s26,5,3,1,weak_negative,True,0.14494611,0.5249025,0.26877773,0.061373685,5
860479278,1,근데 자꾸 이제 보내달라고 소리치는듯하여...,galaxy_s26,5,3,1,weak_negative,True,0.17911114,0.54881746,0.24866332,0.023408113,2
860479278,2,"화면도 점점 검댕이 생기고

잔상은 안 없어지고.",galaxy_s26,5,3,1,weak_negative,True,0.18089303,0.58923906,0.21392106,0.01594687,4
860479278,4,s25가 쌌으면 그걸 샀겠지만ㅜㅜ 생각만큼 가격이 안떨어짐,galaxy_s26,5,3,1,weak_negative,True,0.12191101,0.60694575,0.24888456,0.022258677,5
860479278,6,"근데 나는 게임을 하는 것도 아니고 인터넷 서칭

유투브 사진 날짜 노트 계산기ㅋㅋ 이",galaxy_s26,5,3,1,weak_negative,True,0.22689545,0.5182252,0.21949464,0.03538468,0
860479278,15,무게는 생각보다 더 무거워씀,galaxy_s26,5,3,1,weak_negative,True,0.11965501,0.46986407,0.38508552,0.025395341,2
860479278,16,"크기는 작은데 왤케 무겁나ㅜㅜㅜ

배터리가 커서 그런지도...",galaxy_s26,5,3,1,weak_negative,True,0.11200127,0.68869287,0.18388774,0.0154181225,3
858960537,10,"카메라 성능도 진짜 역대급인데, 줌을 당겨도 화질 깨짐",galaxy_s26,5,3,1,weak_negative,True,0.23444574,0.4932943,0.23301136,0.039248675,4
858960537,14,근데 한 가지 주의할 점은 소중한 새 핸드폰인 만큼 액정이나 카메라 렌즈에 기스 나면 피눈물 나잖아요?? ㅋㅋㅋ,galaxy_s26,5,3,0,negative,True,0.45171598,0.20350003,0.30368972,0.041094296,3
858476800,17,거의 외계인을 고문해서 만든 수준?,galaxy_s26,5,3,0,negative,True,0.5716438,0.32695103,0.09224335,0.009161831,2
858476800,23,사진 배경에 모르는 사람 찍히면 쓱- 지우는 기능 아시죠?,galaxy_s26,5,3,0,negative,True,0.4036758,0.22771643,0.2970584,0.07154936,4
858476800,26,(농담인 거 아시죠? 찡긋-),galaxy_s26,5,3,1,weak_negative,True,0.20358816,0.44207782,0.2978668,0.056467175,2
857429093,12,"화면 전환도 부드럽게 이어지고, 
인터넷이나 영상 재생도 끊김",galaxy_s26,5,3,1,weak_negative,True,0.18395504,0.6078643,0.18561855,0.02256213,0
857429093,23,꾹 ! 눌러주세요⬇️⬇️⬇️,galaxy_s26,5,3,1,weak_negative,True,0.26749814,0.47977668,0.22698519,0.025740048,2
856894467,5,"사진 정리나 영상 시청, 게임 같은 다양한 작업에서도 끊김",galaxy_s26,5,3,1,weak_negative,True,0.2761789,0.5522505,0.15558042,0.015990142,0
856398914,14,앱 실행이나 화면 전환도 끊김,galaxy_s26,5,3,1,weak_negative,True,0.3764983,0.46765903,0.14154159,0.01430101,0
856385797,3,"좋은 것도, 당황했던 것도 솔직하게 적어볼게요.",galaxy_s26,5,2,1,weak_negative,True,0.19710827,0.37740105,0.3552409,0.070249766,2
856385797,8,데이터 이전에 하루를 통으로 날렸다,galaxy_s26,5,2,0,negative,True,0.674203,0.24659349,0.06988567,0.009317818,3
856385797,9,문제는 그 다음부터였습니다.,galaxy_s26,5,2,1,weak_negative,True,0.2886004,0.4385012,0.24943998,0.023458472,2
856385797,11,"삼성 스마트스위치를 써서 옮기긴 했는데, 앱마다 로그인을 다시 해야 하고, 일부 데이터는 이전이 안 돼서 수동으로 옮겨야 했거든요.",galaxy_s26,5,2,1,weak_negative,True,0.2773266,0.3593745,0.32761738,0.035681568,3
856385797,12,새 폰 개통하는 날 다른 계획은 아예 잡지 마세요.,galaxy_s26,5,2,0,negative,True,0.43711644,0.3314092,0.17500275,0.056471575,3
856385797,13,"유심보호서비스 때문에 전화 개통이 안 된 사연

그것도 모자라 또 하나의 복병이 있었습니다.",galaxy_s26,5,2,0,negative,True,0.5074327,0.30325443,0.16263728,0.026675537,3
856385797,14,유심을 꽂았는데 전화가 아예 터지질 않는 거예요.,galaxy_s26,5,2,1,weak_negative,True,0.35607305,0.4795446,0.14641921,0.017963147,3
856385797,16,유심보호서비스가 활성화된 상태에서 다른 기기에 유심을 꽂으면 보안 정책상 차단이 되거든요.,galaxy_s26,5,2,0,negative,True,0.69694066,0.14605135,0.13697259,0.020035455,3
856385797,17,통신사 앱이나 고객센터에서 서비스를 일시 해제한 다음에 개통해야 합니다.,galaxy_s26,5,2,0,negative,True,0.34637606,0.26184088,0.33781818,0.053964917,3
856385797,18,저처럼 모르고 시간 낭비하는 분 없으시길 바라며 꼭 미리 확인해 두세요!,galaxy_s26,5,2,0,negative,True,0.33206698,0.25993708,0.32321566,0.084780335,1
856385797,20,C to C 케이블 하나가 전부예요.,galaxy_s26,5,2,1,weak_negative,True,0.22546746,0.3705233,0.34404746,0.05996179,3
856385797,21,"충전 어댑터도 없고, 케이스도 없고, 화면 보호 필름도 없습니다.",galaxy_s26,5,2,0,negative,True,0.4288265,0.374163,0.17047276,0.026537709,1
856385797,25,맨몸으로 쓰기엔 좀 불안하거든요.,galaxy_s26,5,2,1,weak_negative,True,0.2362451,0.40624,0.33400986,0.023505026,2
856354545,14,제가 트롯을 자주 듣는데 음질이 아쉬웠거든요.,galaxy_s26,5,3,1,weak_negative,True,0.08272911,0.41741037,0.406861,0.092999496,3
856354545,15,이거 빼곤 뭐 거기서 거기?,galaxy_s26,5,3,1,weak_negative,True,0.25679475,0.5266382,0.19695252,0.01961457,2
856354545,16,벨소리조차 쩌렁쩌렁 울립니다.,galaxy_s26,5,3,1,weak_negative,True,0.30273718,0.40825602,0.25836465,0.0306421,3
856354545,17,벨 소리가 안 들려서 전화 못 받았단 소린 못 할듯하네요.,galaxy_s26,5,3,0,negative,True,0.60468674,0.26793772,0.11767997,0.009695572,3
856193212,0,❤️‍❤️‍ 구매 전 꼭 읽어보세요❤️‍❤️,galaxy_s26,5,3,1,weak_negative,True,0.2176981,0.37306213,0.36354354,0.045696232,1
855869605,0,이제 저는 아이폰으로 다신 안가요~~~,galaxy_s26,5,2,1,weak_negative,True,0.16147044,0.50099075,0.25245702,0.085081756,3
855869605,3,진짜 10개월도 말이 채운거지,galaxy_s26,5,2,0,negative,True,0.42928392,0.41123855,0.13238364,0.027093891,5
855869605,7,갤럭시로 넘어가서 그런지 진짜 미칠뻔..,galaxy_s26,5,2,1,weak_negative,True,0.24785787,0.5314542,0.19420211,0.026485832,3
855869605,16,"그냥 연락처, 메모장, 문자메세지 기록 그게 다인것 같았어요.",galaxy_s26,5,2,1,weak_negative,True,0.25672534,0.52135545,0.19942912,0.022490116,3
855869605,17,이게 한시간 걸릴 일인가...,galaxy_s26,5,2,0,negative,True,0.50800747,0.38400918,0.09365823,0.014325144,2
855869605,18,심지어 통화내역은 깨~끗 안옮겨져요.,galaxy_s26,5,2,1,weak_negative,True,0.41339195,0.4782337,0.09962775,0.008746593,3
855869605,21,사진+동영상은 어떻게 옮겼느냐?,galaxy_s26,5,2,0,negative,True,0.48495853,0.27297348,0.22401738,0.018050617,4
855869605,23,전체를 한번에 옮기려니까 튕기고 안되고 난리..,galaxy_s26,5,2,1,weak_negative,True,0.18247949,0.62111217,0.17523007,0.021178251,2
855869605,24,진짜 앨범 쭉 드래그해서 파일저장해서 ssd로 옮기고 또 저장하고 이걸 10번 이상은 반복한 것 같아요.,galaxy_s26,5,2,0,negative,True,0.3302771,0.321191,0.2882915,0.06024047,3
855869605,27,이제 아이폰 안돌아간다.......,galaxy_s26,5,2,1,weak_negative,True,0.22580697,0.6314801,0.12431491,0.018398015,3
855869605,30,"내 생활에서 가장 편하게 써야하는게 휴대폰인데 인생에 반 이상을 갤럭시만 쓰고 살아서 그런가 아이폰은 안 되는 게 왜 이렇게 많은지,, 편리함보다는 답답함이 더 많았어요.",galaxy_s26,5,2,1,weak_negative,True,0.20147613,0.44442385,0.29863128,0.055468805,3
855547890,6,기존 핸드폰이 조금씩 버벅거리기 시작하고 배터리 성능이 많이 떨어졌었는데.,galaxy_s26,5,3,1,weak_negative,True,0.10107776,0.5626424,0.28778976,0.04849013,3
855547890,13,구매하고 나서 너무 평이한 컬러를 했나,galaxy_s26,5,3,1,weak_negative,True,0.17373604,0.6018464,0.19280036,0.031617247,1
855369081,2,"주의사항
오자마자 검은 필름 붙어있어서 
""왜 안켜지지"" 했어요ㅋㅋㅋ",galaxy_s26,5,3,1,weak_negative,True,0.15280358,0.41836295,0.39387387,0.034959555,1
855369081,3,암막커튼 쳐놓고 햇빛이 왜 안들어오지?,galaxy_s26,5,3,0,negative,True,0.6485707,0.2716972,0.072762996,0.0069690705,4
855369081,9,"1. 유심보호서비스 해제
: 이거 해제 안하고 옮겼더니 새폰에서 통화가 안되더라구요^^;",galaxy_s26,5,3,0,negative,True,0.48594332,0.3907084,0.10537121,0.01797713,3
855369081,13,내가 미춌지 방금 삭제했어요!!  ㅋㅋㅋ,galaxy_s26,5,3,0,negative,True,0.59884197,0.2805711,0.10172933,0.018857608,2
874477822,3,빅스비 10분뒤에 알람 맞춰줘,galaxy_s26,5,3,0,negative,True,0.37847582,0.33796373,0.22808482,0.055475622,1
874477822,4,"각종어플 실행 등

그리고 구글 제미나이..",galaxy_s26,5,3,1,weak_negative,True,0.13704175,0.40050846,0.3459447,0.116505146,0
874477822,8,"요즘 보이스피싱이나 스팸 연락이 너무 많아서
전화받기가 무서운 세상인데,
보이스피싱이나 스팸 의심전화가 오면 
통화 어시스던트가 전화를 대신 받아서 용건을 물어봐줍니당",galaxy_s26,5,3,0,negative,True,0.4269288,0.13828102,0.3293314,0.105458826,1
877926785,2,여자 손에는 울트라가 너무 커요 ..,galaxy_s26,5,3,1,weak_negative,True,0.14705923,0.4849214,0.31161064,0.056408763,2
869163901,6,막상 시세를 알아보면 S25 미개봉품과 신제품 S26의 가격 차이가 생각보다 얼마 나지 않습니다.,galaxy_s26,5,3,0,negative,True,0.38448992,0.23504078,0.32051072,0.059958532,5
868501614,5,"성능
앱 전환, 게임, 영상 편집까지 전반적으로 끊김",galaxy_s26,5,2,1,weak_negative,True,0.26264983,0.5575058,0.16721402,0.012630349,0
868501614,14,"mdash;

단점은 나름 고가인데 배송이 너무 부실하게 왔어요...",galaxy_s26,5,2,1,weak_negative,True,0.25838527,0.48115206,0.23714182,0.023320803,1
868501614,15,질소 완충제랑 같이 왔는데 핸드폰 박스랑 완충재,galaxy_s26,5,2,1,weak_negative,True,0.13648842,0.43287957,0.3791269,0.05150511,1
868501614,16,배송 기사님이 턱턱 던지는 분이면 충격이 갔을꺼라 생각하면 불안합니다 ㅠ,galaxy_s26,5,2,0,negative,True,0.5560515,0.29302913,0.13781744,0.013102001,1
878541207,4,배터리도 하루 동안 사용하기에 부족함이 없었고  여러 작업을 동시에 해도 버벅임,galaxy_s26,5,3,1,weak_negative,True,0.123890996,0.50437087,0.33799225,0.03374585,3
867561522,7,"총평

가격 : ⭐️⭐️ 요즘 핸드폰 너무 비싸요,,",galaxy_s26,5,3,1,weak_negative,True,0.13546297,0.46272054,0.31318033,0.088636205,5
858352331,4,"앱 실행, 멀티태스킹, 영상 시청이나 게임 실행 시에도 끊김",galaxy_s26,5,3,1,weak_negative,True,0.3481328,0.49984002,0.13839746,0.0136297885,0
874815235,11,"앱 실행 속도 빠르고, 여러 개 동시에 켜도 버벅임",galaxy_s26,5,3,1,weak_negative,True,0.19283634,0.5487904,0.2409723,0.017400991,0
883946958,0,통신사에서 휴대폰을 변경하려다 여러가지 요,galaxy_s26,5,3,1,weak_negative,True,0.193159,0.3675601,0.36029518,0.078985766,3
856124744,6,"조금 걱정스러운 부분은 충전할때 발열이 느껴져서
자거나 외출시 충전해두기는 불안할것같아요ㅠ",galaxy_s26,5,2,1,weak_negative,True,0.19870593,0.59513783,0.19049647,0.015659707,3
880179958,6,온디바이스 AI 덕분인지 작업 속도가 끊김,galaxy_s26,5,3,1,weak_negative,True,0.1352484,0.6048688,0.24024898,0.019633822,0
872273510,1,갤럭시 유저인데 핸드폰 바꿀 때가,galaxy_s26,5,3,1,weak_negative,True,0.216739,0.37023115,0.32732648,0.08570339,3
875694586,3,제가 이폰으로 찍은 사진같이 첨부할께요,galaxy_s26,5,3,0,negative,True,0.3832566,0.14597322,0.30926645,0.16150364,3
873004720,13,고민은 배송만 늦출 뿐이에요!,galaxy_s26,5,3,0,negative,True,0.4119246,0.36147395,0.1620773,0.06452419,1
859010199,8,오히려 전에 쓰던 폰에서 더 오타가 많았던 것 같아요.,galaxy_s26,5,2,1,weak_negative,True,0.26402515,0.44858745,0.26232603,0.025061335,3
859010199,11,단점은...카툭튀....카메라가..툭 튀어나와있어요...,galaxy_s26,5,2,1,weak_negative,True,0.16050303,0.5706746,0.25163117,0.01719125,4
857311905,2,"불편함 많았지~~~앱을 깔기워해선 앱을 지워야만 했고 사진도 중복되고 흔들리고 하면 삭제해야만 했으니 ㅜㅜ
용량부족 ㅜㅜ 칩을 넣었어도 ㅜㅜ 그런데 몬가를 삭제하니 푹 늘어난 용량.",galaxy_s26,5,2,1,weak_negative,True,0.29770976,0.4799006,0.19714507,0.02524453,3
857311905,7,그런데 그냥 쓰자~~~하고 반품할수없게 뜯는순간 찾았다 ㅜㅜ,galaxy_s26,5,2,0,negative,True,0.55748785,0.34485283,0.08905813,0.008601188,1
857311905,10,먼저 개통하신분이 쓴 유심보호~~~가입을 해제하라는 글..나도 마찬가지다 ㅜㅜ,galaxy_s26,5,2,0,negative,True,0.5055893,0.30375823,0.16804458,0.022607908,3
857311905,12,근데 ㅋ 가입했던 앱을 하나하나 다시 로그인을 해야하는 복병.,galaxy_s26,5,2,1,weak_negative,True,0.22342986,0.50131816,0.25516978,0.020082163,3
857311905,15,"이건 또 무슨말인고 ㅜㅜ

그때 sk정보유출때 바꾼 칩이 그러한가보다 ㅜㅜ.",galaxy_s26,5,2,0,negative,True,0.5767518,0.24865788,0.15759987,0.0169904,3
856469284,15,"아, “유심보호서비스” 신청해놓으신 분은 꼭 해제 후 유심 교환하셔야해요!!",galaxy_s26,5,3,0,negative,True,0.6684097,0.18069501,0.13039275,0.020502584,3
879347050,5,"기미, 잡티 다 나와서 살발해요ㅠㅠ",galaxy_s26,5,3,1,weak_negative,True,0.18644351,0.44532347,0.30789512,0.060337882,2
877748137,0,사용해보니 전반적인 속도가 매우 빠르고 끊김,galaxy_s26,5,3,1,weak_negative,True,0.11102228,0.6198918,0.2335655,0.035520393,0
879977549,2,해서 앱 전환이나 게임할 때 버벅임,galaxy_s26,5,3,1,weak_negative,True,0.26476923,0.5837845,0.14130162,0.010144644,0
855898637,6,근데 프라이버시 화면은 울트라에만 그 기능이 있어서 좀 실망스러웠어요.,galaxy_s26,5,3,1,weak_negative,True,0.13745491,0.48889512,0.34241545,0.03123457,4
855366611,2,카메라 툭튀 적응하면 되고.,galaxy_s26,5,3,1,weak_negative,True,0.20334284,0.39800042,0.32890442,0.06975227,4
873361265,4,이전시리즈들보다 묘하게 사이즈가 커진것같아서 이점은 불편하더라고요 ㅠ,galaxy_s26,5,3,1,weak_negative,True,0.05816948,0.55083585,0.34805685,0.042937834,2
875902958,4,유심 도난방지 잠금 되어 있으신분들은 기존 휴대폰 전원끄시고 유심빼세요,galaxy_s26,5,3,0,negative,True,0.60397756,0.17979842,0.15949509,0.05672889,3
863061629,5,무겁고 비싼 모델을 굳이 고를 이유가 줄어든 느낌입니다.,galaxy_s26,5,3,1,weak_negative,True,0.16976999,0.48326388,0.23115472,0.115811415,2
884569384,2,근데 가격이 2만원 더 떨어졌더군요.,galaxy_s26,5,3,1,weak_negative,True,0.22159296,0.45330435,0.28395042,0.0411523,5
857858046,2,"그 흔들림없이찍는 그거는 동영상에 사람달리는 그거버튼맞고
가로로 찍어야적용입니당",galaxy_s26,5,3,0,negative,True,0.4774859,0.42044818,0.09140132,0.010664626,4
873606079,6,s26은 사생활 보호 액정 아닙니다^^,galaxy_s26,5,3,1,weak_negative,True,0.14489797,0.4198262,0.38256332,0.052712508,4
881075668,1,그 이유는 폰 옮길때 재설정해야하는 번거로움이 귀찮았다ㅠ,galaxy_s26,5,3,1,weak_negative,True,0.14641628,0.71197474,0.12698291,0.014626152,3
881075668,8,당분간 갈아탈 생각이 없다!!!,galaxy_s26,5,3,1,weak_negative,True,0.29827896,0.44126284,0.21356194,0.0468963,1
876666386,2,케이스를 쓰는 것이 아까울 정도.,galaxy_s26,5,3,1,weak_negative,True,0.3165553,0.3754031,0.26531753,0.042724103,2
876666386,6,"카메라는 무난하게 좋은데 줌이 엄청 좋다거나 하지는 않고, 보정을 자체적으로 많이 해준다는데(광고를 보면 빙글빙글 돌려도 피사체를 잘 따라가는 등) 설정이 좀 필요한 것 같아요.",galaxy_s26,5,3,1,weak_negative,True,0.22918016,0.42818907,0.29228595,0.050344866,4
874499641,5,앱 전환이나 멀티태스킹 할 때 버벅임,galaxy_s26,5,3,1,weak_negative,True,0.23924305,0.54153955,0.20807403,0.011143358,0
874499641,6,"거의 없고, 게임이나 영상 볼 때도 끊김",galaxy_s26,5,3,1,weak_negative,True,0.24015777,0.525326,0.2144946,0.02002164,0
858548082,0,솔직히 포장은 이렇게 왔는데 이 부분은 살짝 아쉽긴했어요,galaxy_s26,5,3,1,weak_negative,True,0.062826745,0.5568098,0.3539035,0.026460027,1
863679344,7,영상 편집이나 게임도 해봤는데 끊김,galaxy_s26,5,3,1,weak_negative,True,0.43892398,0.4438511,0.10614327,0.011081671,0
882452743,7,보험을 들어야하나 이건 아직도 고민이네요ㅡ,galaxy_s26,5,3,0,negative,True,0.7201865,0.19126256,0.07618411,0.012366833,1
882452743,8,보험들구 항상 보험기간이 끝나면 폰이 망가지더라구요.,galaxy_s26,5,3,1,weak_negative,True,0.31549484,0.45835721,0.20096059,0.025187334,3
870332868,11,"3. 성능: ""버벅임? 그게 뭐죠?""",galaxy_s26,5,3,0,negative,True,0.5282576,0.36447644,0.09742221,0.009843715,0
876488214,8,"단점
가격대 있음 (약 130만~140만원대)",galaxy_s26,5,3,1,weak_negative,True,0.11961864,0.5717359,0.27770248,0.03094299,5
867705612,12,처음 데이터 옮길 때 발열은 정상이니 너무 걱정하지 마세요!,galaxy_s26,5,3,1,weak_negative,True,0.20661463,0.37766504,0.35779095,0.057929397,3
871855488,33,버튼 한 번만 꾹 눌러주세요.,galaxy_s26,5,3,1,weak_negative,True,0.29492444,0.36559382,0.29238343,0.04709831,2
878816555,10,이번 S25는 그게 거의 안 느껴집니다.,galaxy_s26,5,2,1,weak_negative,True,0.14348325,0.412958,0.37414077,0.069417916,2
878816555,16,"조금 아쉬운 점 (비판적 시각)

​무조건 좋기만 한 건 아니더라고요.",galaxy_s26,5,2,1,weak_negative,True,0.19222656,0.42192656,0.35120386,0.034643,2
878816555,18,25W는 조금 시대에 뒤떨어지는 느낌이랄까요?,galaxy_s26,5,2,1,weak_negative,True,0.17865714,0.57342666,0.21009508,0.03782114,3
878816555,22,완성도는 높아졌지만 놀라움은 덜해요.,galaxy_s26,5,2,1,weak_negative,True,0.15929879,0.5042469,0.29433116,0.04212311,2
880874439,12,그리고 크기가 좀 있어서 한 손으로 쓰기엔 불편할 때도 있다.,galaxy_s26,5,3,1,weak_negative,True,0.11111975,0.4509287,0.400806,0.03714552,2
856030988,1,"더이상 베터리가 풀충전이 3시간밖에 버티지못하고, 아이가 떨어트려",galaxy_s26,5,3,1,weak_negative,True,0.26085913,0.6266049,0.09704138,0.015494583,3
856030988,4,손에 힘이 별로 없는 나는 항상 그립을 사용하는데 횡단보도건너는데 누가 툭 치면 떨어트릴까봐,galaxy_s26,5,3,1,weak_negative,True,0.21275803,0.44116017,0.30307612,0.043005742,2
855564480,3,갤럭시는 펜달린거 좀 더 가볍게 만들어줘..,galaxy_s26,5,3,1,weak_negative,True,0.10689868,0.5014375,0.33870003,0.05296385,3
876179691,0,고민은노노 엄마가 그전모댈을 오랫종안사용했어요,galaxy_s26,5,3,1,weak_negative,True,0.12069156,0.5048643,0.3279063,0.046537817,3
876179691,1,고장없이 너무나 잘사용했지만 배터리소진은 따라잡을수가 없더라구요,galaxy_s26,5,3,1,weak_negative,True,0.15052716,0.550251,0.26538974,0.03383211,3
874130159,5,폰 박스를 감싼 형태가 아니었어서 걱정했는데 개봉했을땐 멀쩡했습니다,galaxy_s26,5,3,1,weak_negative,True,0.07605849,0.4312031,0.42917195,0.063566506,1
877340475,6,데이터 옮긴다고 한참을 틀어놨는데도 뱌커리가 거의 안달았네요.,galaxy_s26,5,3,1,weak_negative,True,0.29047722,0.463905,0.21852586,0.027091881,3
877332948,0,갑자기 핸드폰을 바꿔야했는데..,galaxy_s26,5,3,1,weak_negative,True,0.17049004,0.3993641,0.37842023,0.051725525,3
878708325,4,"파일 관리: 외부 저장장치·클라우드 연결, 파일 이동, 변경이",galaxy_s26,5,3,1,weak_negative,True,0.19445436,0.46819457,0.31105834,0.026292741,0
872520764,4,100만원이 넘는걸 뽁뽁이없이 그냥 보내다니...,galaxy_s26,5,2,1,weak_negative,True,0.44716322,0.46259534,0.082065746,0.008175702,1
872520764,5,이걸로 교환요청도 했으나 다 똑같이와서 포기하고 그냥 씁니다,galaxy_s26,5,2,1,weak_negative,True,0.21647704,0.62041664,0.1517984,0.011307942,1
880171235,2,물론 저처럼 전화메시지카톡만 하는 사람이 이렇게 비싼폰을 사야,galaxy_s26,5,3,1,weak_negative,True,0.27991223,0.4840295,0.19464381,0.04141441,3
877095144,4,"휴대폰 성지 할부원금에 비싼 요금제 몇개월쓰고, 또 요금제 변경하고...",galaxy_s26,5,3,0,negative,True,0.442281,0.36395916,0.15841228,0.035347562,5
877095144,8,인터넷에 도는 엑시노스 발열도 크게 못 느끼겠어요.,galaxy_s26,5,3,1,weak_negative,True,0.13032627,0.4677965,0.34734938,0.054527868,3
855564105,4,타자치기가 조금 멀어졌어 ㅠㅠㅠ,galaxy_s26,5,3,1,weak_negative,True,0.3024116,0.45837307,0.21008965,0.029125633,2
855564105,9,그리고 다음년도는 분명 반도체이슈로 엄청 비싸질듯 ㄷㄷㄷ,galaxy_s26,5,3,1,weak_negative,True,0.16337034,0.5566852,0.2510706,0.028873833,5
881670798,4,휴대폰 공부 새로해야 되겠어요,galaxy_s26,5,3,1,weak_negative,True,0.3192567,0.3525571,0.2752411,0.052945092,3
877180041,3,예전에 미사용 중고폰샀다가 돈도 얼마 차이 안나는데 괜히 샀더라구요,galaxy_s26,5,3,0,negative,True,0.68406993,0.2234114,0.06859235,0.023926355,3
874494189,2,핸드폰이 맛이 가기 시작..,iphone_17,5,3,0,negative,True,0.44104025,0.39304578,0.14743797,0.01847602,3
876396854,2,알류미늄소재에 너무 가볍고 15프로랑 기능차이가 크게 없다고 하더라구요....?,iphone_17,5,3,1,weak_negative,True,0.13603526,0.5117868,0.2603707,0.09180728,2
856549729,2,에어캡에 싸여있었던 것 같은데 박스를 여니 에어캡과 폰이 따로 놀더라구요,iphone_17,5,2,1,weak_negative,True,0.26441363,0.4664712,0.25624743,0.01286778,1
857273087,1,파손되거나 이상한폰 올까봐ㅠ,iphone_17,5,3,0,negative,True,0.45989937,0.4082582,0.12013261,0.0117097935,3
775063775,5,온도 제어도 좋아져서 장시간 유튜브나 인스타 릴스를,iphone_17,5,3,1,weak_negative,True,0.12231206,0.39778388,0.37801138,0.10189264,0
842335824,2,"카메라는 야간이나 실내 촬영에서 차이가 느껴지고, 흔들림",iphone_17,5,3,1,weak_negative,True,0.10931179,0.5598434,0.28802866,0.042816155,4
775098656,2,다른 분들처럼 장황하게 리뷰는 못남기겠음,iphone_17,5,3,1,weak_negative,True,0.15426017,0.5100791,0.3009553,0.034705434,1
825230354,3,저는 손이 작은 여성인데 17은 너무 크네요..,iphone_17,5,3,1,weak_negative,True,0.09825133,0.48055232,0.3594455,0.061750803,2
825230354,6,근데 사이즈가 커서 자꾸 떨어트려서 걱정이네요ㅜㅜ,iphone_17,5,3,1,weak_negative,True,0.1448646,0.5299731,0.29472965,0.030432591,2
840258330,0,100만원이 넘는 고가의 제품을 에어캡(뽁뽁이) 없이 박스에만 달랑 담아 보내주셨네요.,iphone_17,5,0,1,weak_negative,True,0.33596602,0.5043752,0.14649603,0.013162785,1
852510023,0,보상판매 절대 하지마세요!!,iphone_17,5,0,0,negative,True,0.7662948,0.16253157,0.05827573,0.012897924,1
852510023,1,아무리 s급이라도 무조건 스크레치 있다고 반가격으로 후려칩니다.,iphone_17,5,0,0,negative,True,0.74462306,0.20305431,0.044094294,0.008228358,2
854098114,1,근데 쓰다보니 배터리 지속시간이 좀 짧아지는 거 같기도..,iphone_17,5,2,1,weak_negative,True,0.08387537,0.48012024,0.39972118,0.036283184,3
787973613,0,"예정보다 일주일 일찍 와서 받아본 점은 좋았는데, 다른 후기들처럼 택배 배송 과정이 불만족스럽습니다 ㅜㅜ",iphone_17,5,3,1,weak_negative,True,0.22589773,0.38844275,0.35772526,0.02793428,1
789291534,2,유튜브 검수영상 보면서 핸드폰 이리저리 만지는데 진짜 무게가 넘사..,iphone_17,5,3,1,weak_negative,True,0.2031584,0.3713108,0.33667585,0.08885488,3
803541296,3,목 빠지게 기다리시겠지만 그냥 문자 올때까지는 기다리지 마세요,iphone_17,5,3,0,negative,True,0.55756164,0.34004545,0.08682077,0.015572125,1
803541296,4,저도 엄청 후기 들락날락 했는데 결국 먼저 배송된다는 문자 받으니 허무하더라구요 ㅋㅋㅋ,iphone_17,5,3,1,weak_negative,True,0.3160137,0.38823712,0.24822092,0.047528286,1
769847224,0,프로에 블랙이 없으니 일반으로 도망치자 맙소사 블랙이 프로엔 없다.,iphone_17,5,3,0,negative,True,0.67792445,0.20220026,0.1026522,0.017223138,2
811529335,1,받자마자 고객센터 전화할 수준입니다.,galaxy_z_fold7,1,0,0,negative,True,0.79776025,0.15203997,0.041586973,0.008612824,3
811529335,2,"배송사항에 뭐라 쓰던,  박스 던져서 배송합니다.",galaxy_z_fold7,1,0,0,negative,True,0.63118654,0.28424406,0.07641617,0.008153229,1
811529335,3,소비자가 조심할 방법은 없습니다.,galaxy_z_fold7,1,0,0,negative,True,0.48525697,0.23335086,0.23777106,0.043621078,1
811529335,4,상세하게는 아래의 문제가 있습니다.,galaxy_z_fold7,1,0,0,negative,True,0.48960233,0.28097564,0.21080531,0.018616688,2
811529335,5,"1. 포장상태 
안에 포장재가 하나도 들어있지 않습니다.",galaxy_z_fold7,1,0,1,weak_negative,True,0.22168878,0.51034075,0.24681133,0.021159168,1
811529335,6,만원짜리 물건을 사도 과하다 싶을정도로 포장재를 넣는데 200만원이 넘는 물건 파는데 포장재가 없는게 말이 되나요?,galaxy_z_fold7,1,0,0,negative,True,0.8675693,0.09433906,0.030292911,0.0077986857,1
811529335,7,"쿠팡 센터의 판단인지, 판매자 판단인지 모르겠습니다만 이건 아니라고 봅니다.",galaxy_z_fold7,1,0,0,negative,True,0.7726122,0.12682618,0.0925644,0.007997246,1
811529335,8,이거 핑계로 구매자 대부분이 교환환불 요구하면 어떻게 대응하시려고요 ?,galaxy_z_fold7,1,0,0,negative,True,0.86443657,0.09339974,0.036201842,0.0059618694,1
811529335,9,그 와중에 선량한 사람만 피해를 보는 구조네요.,galaxy_z_fold7,1,0,1,weak_negative,True,0.37643936,0.40525007,0.19528769,0.02302292,2
811529335,10,마진이 적어서 포장비가 적거나 인건비가 아까워 그러는거면 차라리 가격을 좀 더 올리시는게 맞을 것 같습니다.,galaxy_z_fold7,1,0,0,negative,True,0.67031413,0.22339131,0.088967375,0.017327156,5
811529335,11,"2.  배송의 서비스
이게 가장 문제입니다.",galaxy_z_fold7,1,0,0,negative,True,0.42604014,0.40937534,0.15043084,0.014153673,1
811529335,13,그런데 문 밖에 큰 소리가 나서 후다닥 나가보니 이미 던져있었습니다.,galaxy_z_fold7,1,0,0,negative,True,0.40277356,0.39488405,0.1773565,0.0249859,1
811529335,15,기사분은 바쁘실거고 보상체계상 건당으로 취급되니까요.,galaxy_z_fold7,1,0,0,negative,True,0.46851066,0.24796706,0.25308728,0.030434957,1
811529335,17,"직접배송을 해서 드는 시간에 대해서 
배송기사님들에게 보상이 있어야지 직접 배송을 하지 노동의 대가를 지불 안하면서 시키니까 시스템이 안돌아가지요.",galaxy_z_fold7,1,0,0,negative,True,0.8658006,0.09021698,0.03545971,0.008522682,1
811529335,18,기사님이 안해주면 말고 식으로 서비스하지마시고 차라리 옵션요금을 받으세요.,galaxy_z_fold7,1,0,0,negative,True,0.7929023,0.16261445,0.037760157,0.006723121,1
811529335,19,아니면 애초에 제대로 돌아가지도 않는 배송 옵션을 빼시던가.,galaxy_z_fold7,1,0,0,negative,True,0.6124991,0.33039075,0.051791634,0.0053184587,1
811529335,20,기획만해놓고 ITSM관리 전혀 안하네요.,galaxy_z_fold7,1,0,0,negative,True,0.7619095,0.1839591,0.0465267,0.0076047583,1
811529335,21,이럴거면 200만원짜리든 2000만원짜리든 던져서 배송합니다!,galaxy_z_fold7,1,0,0,negative,True,0.86918336,0.10139509,0.02362812,0.0057934043,1
811529335,22,대신 교환환불 접수해드려요~!,galaxy_z_fold7,1,0,0,negative,True,0.5254746,0.28249156,0.17006929,0.021964535,1
811529335,23,"하고 장사하고 
돌아가지도 않는 배송옵션은 빼는게 맞지요.",galaxy_z_fold7,1,0,0,negative,True,0.82897896,0.11626052,0.04677767,0.0079829255,1
811529335,24,IT 서비스 관리품질 차원에서 한숨만 나옵니다.,galaxy_z_fold7,1,0,0,negative,True,0.6440277,0.23925062,0.097770266,0.018951429,2
746310067,0,아직 포장 뜯기전인데 포장이 포장이 이게 뭔가요?,galaxy_z_fold7,1,0,1,weak_negative,True,0.3106809,0.52328676,0.15070139,0.015330992,1
746310067,1,"배송직원은 올때마다
다리를 다쳤다고 1층에 놔두면 안돼냐고 전화하고
안된다고 올라가서  집문앞에 놔달라고하면
포장상태가 쓰레기같이 돼있고
이거 어떻게 했길래 이지경인가요",galaxy_z_fold7,1,0,0,negative,True,0.87300307,0.09860648,0.023050051,0.0053404453,1
746310067,2,안에 폰은 멀쩡한거 맞나요?,galaxy_z_fold7,1,0,0,negative,True,0.8282205,0.114527635,0.049588203,0.00766367,1
746310067,3,다리 아프면 그냥 좀 쉬어요,galaxy_z_fold7,1,0,0,negative,True,0.34107295,0.33261842,0.25042045,0.07588815,2
746310067,4,"서로 불편하게 
전화해서 이런저런 말하지말고 짜증나네진짜",galaxy_z_fold7,1,0,0,negative,True,0.6391307,0.29964995,0.053501055,0.0077183265,1
815758944,0,배송 개엉망 교환 개느림 그냥 반품하고 다시사세요,galaxy_z_fold7,1,0,0,negative,True,0.483967,0.45460564,0.054332867,0.0070945234,1
815758944,1,웬만하면 댓글도안달고 안좋은 리뷰 안남깁니다.,galaxy_z_fold7,1,0,0,negative,True,0.6493109,0.26136607,0.0728613,0.016461812,1
815758944,2,근데 정말 최악의 배송상태였어요,galaxy_z_fold7,1,0,0,negative,True,0.42020893,0.40662676,0.15468766,0.018476667,1
815758944,3,"첫번째 배송때
 박스에 완충재 아예없이 날것으로 옴 ㅋ",galaxy_z_fold7,1,0,1,weak_negative,True,0.13668273,0.61152124,0.23765439,0.014141649,1
815758944,4,크 취급주의도 없고 이리저리 박스 던졌을텐데 이백만원 넘는 전자제품을 무슨정신 이면 그따구로 포장하는지 알바생 당장 짜르세요,galaxy_z_fold7,1,0,0,negative,True,0.8552866,0.11396649,0.024092562,0.0066543194,1
815758944,5,"교환신청했더니 어플엔 3일내외라 적혀있지만
고가품목이라 오래걸린데요;;",galaxy_z_fold7,1,0,0,negative,True,0.6708039,0.22129832,0.09530126,0.012596544,1
815758944,6,선물용이라 날짜 일부러 맞춘건데 다망쳤어요,galaxy_z_fold7,1,0,1,weak_negative,True,0.2083353,0.5751343,0.19310774,0.023422685,1
815758944,7,교환도 개오래걸리고  일부러 잘 포장해달라고 상담사님께 도 확실히 전달해 달랬는데 도대체 일을 제대로 하는 사람이 없는 지....ㅡㅡㅋㅋㅋㅋ,galaxy_z_fold7,1,0,0,negative,True,0.70014846,0.25778046,0.036196064,0.0058750515,1
815758944,8,교환온 제품도 겨우 뽁뽁이 한겹 ㅋ 생일선물로 산거라 이미 날짜도 너무 지나서 그냥 줌 진짜 응대 최악 배송좀 개선하세요,galaxy_z_fold7,1,0,0,negative,True,0.8050178,0.15761231,0.030601045,0.006768756,1
756707298,0,"옛 휴대폰 보상해준다고 해서 보냈더니, 시세의 반값으로 후려치고, 반송해 달랬더니 흠집내서 보냈네요.",galaxy_z_fold7,1,0,0,negative,True,0.8386112,0.11418973,0.039460428,0.0077385693,3
756707298,1,도 이런 자들은 장사하지 말아야 합니다.,galaxy_z_fold7,1,0,0,negative,True,0.64467525,0.22562239,0.10400956,0.025692817,1
750393811,0,물건은 좋지만 어슈어런트 코리아가 하는 매입 프로그램이나 중고 보상은 하지 마세요,galaxy_z_fold7,1,0,0,negative,True,0.70437646,0.17832759,0.102768086,0.014527839,1
750393811,2,항상 쿠팡서 샀는데 어슈어런트 껴가지고 앞으로는 다른데서 사야겠네요,galaxy_z_fold7,1,0,1,weak_negative,True,0.41919038,0.4647605,0.08980019,0.026248995,1
769984063,0,270만원이 넘는 상품을 이런식으로 배송하나요?,galaxy_z_fold7,1,0,0,negative,True,0.8806117,0.076503314,0.034272417,0.008612477,1
769984063,1,안에 포장지 없이 덜렁 폴드박스 달락 박스안에있고..진짜 엉망이네요,galaxy_z_fold7,1,0,0,negative,True,0.6457851,0.30554622,0.04154488,0.007123843,1
745973388,0,배송에 문제가 있는듯 돈은 받아놓고 포장엔 신경 1도 안쓰고 어휴 진짜...,galaxy_z_fold7,1,0,0,negative,True,0.5973154,0.35113716,0.04327509,0.008272351,1
758080499,0,택배박스 분실+고객센터 응대 귀찮은듯이함 왔는데 택배가 분실됐는데 고객센터 전화하니까 귀찮다는듯이 응대하네요,galaxy_z_fold7,1,0,0,negative,True,0.8456845,0.10896222,0.04092792,0.004425398,1
799307084,0,포장박스안에 완충제라곤 하나도 찾아볼 수 없었음.,galaxy_z_fold7,1,1,1,weak_negative,True,0.15760715,0.66832757,0.16384107,0.010224199,1
799307084,1,박스에 코너가 찌그러져있었습니다.,galaxy_z_fold7,1,1,1,weak_negative,True,0.35368934,0.42674282,0.20786855,0.011699284,1
799307084,2,다들 구매하기 전 완충제가 넣어서 배송되는지 판매자와 확인하세요.,galaxy_z_fold7,1,1,1,weak_negative,True,0.22778508,0.407425,0.30609414,0.05869581,1
764514828,0,임의적으로 임의장소로 배송으로 인하여 많이  불편했음.,galaxy_z_fold7,1,1,1,weak_negative,True,0.22608861,0.5648727,0.19925395,0.009784792,1
744746443,4,하지만 한달 사용했을때는 도장 까짐 현상이 발생합니다.,galaxy_z_fold7,2,1,1,weak_negative,True,0.22926097,0.5069935,0.24615805,0.017587513,2
744746443,5,서비스 센터에서는 정품 충전기 미사용 시 나타나는 현상으로 불량이 아니라고 교환도 안해줍니다.,galaxy_z_fold7,2,1,0,negative,True,0.7932208,0.14060818,0.058035262,0.008135763,1
744746443,6,이런 현상을 미리 공지했으면 구입을 안했을것 같습니다.,galaxy_z_fold7,2,1,0,negative,True,0.40939537,0.38974732,0.17742829,0.023429003,1
748846855,0,도색이 엄청 약한건지 제가 뽑기를 못한건지~떨어트린적도 없고 충격 가한적 없는데 외쪽 상단 모서리 부분 벌써 페인트 떨어졌어요,galaxy_z_fold7,2,1,0,negative,True,0.5170873,0.37524304,0.0960266,0.011643091,2
753152268,0,"이 비싼 기계에 기계가 얼마 가지 않고 
내부 화면 열때마다 쩍쩍 소리가 나 서비스 센터 방문 했더니 
이건 불량은 아니라 수리로 해야한다며 
받은지 얼마나 되었다고 리퍼폰이 되었네요",galaxy_z_fold7,2,0,0,negative,True,0.79625714,0.12610868,0.06684983,0.010784344,1
778715060,0,"구매 후 2달 사용하였는데 내장 화면 가운데
검은색 그을림이 생기면거 액정이 먹통이",galaxy_z_fold7,2,0,1,weak_negative,True,0.3811602,0.48263493,0.124873474,0.0113313915,3
778715060,1,무상수리 방법이 없을까요...??,galaxy_z_fold7,2,0,0,negative,True,0.53054214,0.33103716,0.12274691,0.015673786,1
753976684,1,문제는 배송인데 야간 출근으로 화장실에서 나오는 중에 밖어서 쿵소리가 났는데 설마 내 택배는 아니겠지라고 생각했는데 문밖 복도에는 제 택배 하나 밖에 없었습니다.,galaxy_z_fold7,3,2,0,negative,True,0.70773447,0.16643004,0.110080734,0.015754744,1
753976684,2,아니 상자에 흔들지 마세요.,galaxy_z_fold7,3,2,0,negative,True,0.7099786,0.19392048,0.08533099,0.010770011,1
753976684,3,스티커가 붙어있으면 뭐 합니까 대놓고 던지는데... 다행인게 폴드는 별 문제는 없었지만 다음에는 쿠팡에서 주문은 고려해봐야 겠네요,galaxy_z_fold7,3,2,0,negative,True,0.3966145,0.33086234,0.21169917,0.060824007,1
748037842,1,"다만 비싼돈 주고샀는데 뾱뾱이 없이 보내주는건 좀 별로
박스도 찌그러져있고...안에는 제품박스만 덩그러니...",galaxy_z_fold7,3,2,1,weak_negative,True,0.318022,0.55194855,0.11717485,0.012854605,1
744674786,0,"S펜 빠지고 너무 비쌈 S펜,  UDC.",galaxy_z_fold7,3,1,1,weak_negative,True,0.1601103,0.6292276,0.1907609,0.019901209,4
744674786,1,좋아하는 기능은 빠졌는데 가격은 270만원...,galaxy_z_fold7,3,1,1,weak_negative,True,0.08663921,0.62500066,0.26132077,0.02703936,5
744674786,2,이걸로 3년 넘게 써야 하는게 좀 아쉬움.,galaxy_z_fold7,3,1,1,weak_negative,True,0.13593638,0.49073067,0.3479029,0.02543011,2
744674786,3,디자인이나 카메라 성능 올라간건 좋음,galaxy_z_fold7,3,1,1,weak_negative,True,0.10367417,0.47825402,0.37517738,0.042894408,4
791349456,2,택배 박스 받자마자 박스가 다 찌그러져있어서 언박싱할때 걱정을 많이 했습니다.,galaxy_z_fold7,3,2,1,weak_negative,True,0.14559476,0.459015,0.36617428,0.029215936,1
783423442,0,갤럭시 노트23 쓰다가 바꿨는데 가격대비 정말 실망입니다!,galaxy_z_fold7,3,1,1,weak_negative,True,0.1527715,0.5083424,0.26805046,0.07083563,3
783423442,1,단지 화면 크다는 메리트 제외하고!특히 스피커 찍어낸 소리!!,galaxy_z_fold7,3,1,1,weak_negative,True,0.22927126,0.48752618,0.24980389,0.033398673,4
783423442,2,사은품 하나없이 달랑 핸펀하나배송!,galaxy_z_fold7,3,1,1,weak_negative,True,0.3741331,0.48840344,0.12822425,0.009239191,1
768087540,15,현재 제일 불만인 부분입니다,galaxy_z_fold7,4,2,1,weak_negative,True,0.29063672,0.43650195,0.24710342,0.02575795,2
768087540,16,제가 케이스 똘끼가 있어 유튜브 추천케이스와 제 기준에 맞는 케이스를 이틀동안 25만원치 샀는데 딱 이거다싶은게 거의 없습니다,galaxy_z_fold7,4,2,0,negative,True,0.39927375,0.38690174,0.126616,0.0872085,1
768087540,17,"얼굴만됐어도 유튜브로 케이스 리뷰해도 될 정도ㅜㅜ
구조가 구조이다 보니 대부분 테이프로 붙이거나 힌지 커버가 안되거나 두껍거나 폰을 다 가리거나 안가리면 부실하거나 그렇습니다.",galaxy_z_fold7,4,2,0,negative,True,0.37182617,0.27074316,0.2988782,0.05855247,2
768087540,18,유일한 희망이 삼성 정품인데 뒷면만 나옵니다.,galaxy_z_fold7,4,2,1,weak_negative,True,0.4089058,0.41402233,0.15342484,0.023647064,1
768087540,19,앞면 케이스가 없어서 풀커버가 안됩니다.,galaxy_z_fold7,4,2,1,weak_negative,True,0.3024196,0.3487056,0.29573184,0.053142965,2
768087540,20,"그나마 좀 괜찮다싶은 케이스는 6ㅡ10만원까지하는데
기본적으로 가성비는 떨어집니다.",galaxy_z_fold7,4,2,1,weak_negative,True,0.25800505,0.5454609,0.15652569,0.040008347,5
768087540,21,"생폰이 진짜 이쁜데 이건 뭐 생폰으로 들고 다니기 힘든구조라서(이유는 바로 설명해드림)
케이스 찾기가 진짜 힘드네요",galaxy_z_fold7,4,2,0,negative,True,0.4042127,0.26467162,0.24480532,0.086310305,2
768087540,23,폰 본체는 신기할 정도로 얇은데 카툭튀가 너무 심합니다.,galaxy_z_fold7,4,2,1,weak_negative,True,0.20865299,0.4645378,0.29057395,0.036235295,3
768087540,24,바닥에 놓으면 기울어지고 보통 남성분들 주머니에 넣고 다니실건데 카툭튀가 너무 심하니 주머니에 넣다가 카메라가 걸립니다.,galaxy_z_fold7,4,2,0,negative,True,0.6547286,0.24374169,0.08017724,0.02135246,4
768087540,25,그래서 떨어뜨릴 위험성이 엄청 높아집니다.,galaxy_z_fold7,4,2,1,weak_negative,True,0.29665828,0.4432584,0.22395793,0.036125347,2
768087540,26,그리고 어디 놓으려해도 기울어짐이 심하니 이거 떨어질까 엄청 조심스럽습니다.,galaxy_z_fold7,4,2,0,negative,True,0.44894356,0.34082666,0.18179595,0.028433863,2
768087540,27,미처 생각지못한 부분입니다.,galaxy_z_fold7,4,2,0,negative,True,0.35458046,0.28625667,0.32943866,0.02972427,2
768087540,28,"얇고 가벼워서 샀는데 무겁고 두꺼운 케이스로
카툭튀를 커버해야하는 딜레마에 빠집니다.",galaxy_z_fold7,4,2,1,weak_negative,True,0.28668672,0.42520785,0.23183502,0.056270376,2
768087540,30,"3.잘안열린다

이건 알고 샀는데 그럼에도 펼치기가 쉽지 않습니다.",galaxy_z_fold7,4,2,0,negative,True,0.45681804,0.3766557,0.15117967,0.015346636,2
768087540,31,"아무래도 딱 접히면 안정성이나 이물질 유입이 적어지니 꼭 단점이라 할순 없겠지만 한번에 열기도 힘들고
열때마다 폰을 놓칠까하는 불안함이 큽니다.",galaxy_z_fold7,4,2,1,weak_negative,True,0.2687652,0.34607917,0.33023214,0.05492346,3
768087540,35,디자인과 두께 때문에 포기했구나,galaxy_z_fold7,4,2,1,weak_negative,True,0.4009623,0.43422425,0.1488037,0.016009727,2
768087540,40,영상 2ㅡ3개 정도 보고나니 알겠는데 아직 익숙하지가 않아서 자꾸 접고 쓰게되네요,galaxy_z_fold7,4,2,1,weak_negative,True,0.14160779,0.5392215,0.29313922,0.026031492,4
768087540,41,"이럴거면 굳이 살 이유가ㅜㅜ
차차 익숙해지겠죠.",galaxy_z_fold7,4,2,1,weak_negative,True,0.2521886,0.3816008,0.33591646,0.030294219,5
768087540,44,근데 나는 이걸 왜 샀지 라는 생각이 솔직히 들었습니다.,galaxy_z_fold7,4,2,1,weak_negative,True,0.23390308,0.45216513,0.2453736,0.0685582,1
768087540,49,다만  그 감동이 지나고나면 상술한 단점들이 크게 다가옵니다.,galaxy_z_fold7,4,2,1,weak_negative,True,0.2300703,0.3941006,0.34269544,0.033133663,2
768087540,50,"한마디로 편하게 막 쓰실 분들 또는
저 처럼 예민하신 분들은 절대 비추입니다.",galaxy_z_fold7,4,2,0,negative,True,0.38510102,0.38150966,0.19452171,0.038867533,1
768087540,52,저처럼 카톡하고 네이버 검색하고 유튜브쇼츠나 보는 사람에겐 비추.,galaxy_z_fold7,4,2,1,weak_negative,True,0.38588065,0.44408745,0.13998029,0.030051667,0
768087540,55,안사야될 이유는 딱 하나 편하게 막 쓸수 없다 입니다.,galaxy_z_fold7,4,2,1,weak_negative,True,0.36708945,0.38605615,0.21270606,0.034148324,1
768087540,62,"조건은
1.쿠팡에서 구매가능할것
2.최대한 폰 자체의 두께와 색상을 유지할 것
3.가성비.
4.삼성정품은 뒷면커버만 있어 제외.
5.테이프 고정형태 최대한 배제
6.디자인면에서 무조건 맥세이프는 제외
이건 개취니 존중바람ㅠㅠ
변태라서 맥세이프 테두리 그런거 싫어함ㅜㅜ

이며 아주 주관적인 경험일뿐입니다.",galaxy_z_fold7,4,2,0,negative,True,0.350914,0.13833693,0.3468288,0.16392022,1
768087540,65,카툭튀 골드색상 테두리 좀 오바고 개취는 아니지만 슬림 투명충인 저한테는 대안이 거의 없음.,galaxy_z_fold7,4,2,1,weak_negative,True,0.2857698,0.40876043,0.24306582,0.062403895,2
768087540,69,"정정ㅡ
케이스가 너무 얇다보니 끼우다가 금이 갈 정도로 부실합니다",galaxy_z_fold7,4,2,1,weak_negative,True,0.20317423,0.6225399,0.1580423,0.016243564,2
768087540,72,"이상은 침.
즉 쨌든 덜렁거리긴한다는 뜻.",galaxy_z_fold7,4,2,1,weak_negative,True,0.20766537,0.5898256,0.18634245,0.016166663,2
768087540,81,"테이프 부착형이라는게 큰 단점.
ㅡ",galaxy_z_fold7,4,2,1,weak_negative,True,0.23391671,0.40617585,0.34208816,0.017819295,2
884131203,1,그놈의 블루투스 비콘 방식의 근태체크만 아니었어도...,galaxy_z_fold7,4,0,1,weak_negative,True,0.16417581,0.55827206,0.24407804,0.0334741,3
884131203,5,자급체폰을 써보면 불필요한 쓰레기앱들이 안깔려서 두 번 다시 통신사 매장 폰은 안쳐다보게 되거든.,galaxy_z_fold7,4,0,0,negative,True,0.41207796,0.2870462,0.23445351,0.06642236,3
884131203,6,"거기다 몇달 간 비싼 요금제 유지해야하고, 내가 알뜰통신사를 모르는 것은 아니나...",galaxy_z_fold7,4,0,0,negative,True,0.457806,0.37468594,0.14601254,0.021495521,5
884131203,7,이놈의 스마트폰 제조사들은 왜 메모리카드 확장 못하게 만들어서 추가 비용 나가게 만드는지.,galaxy_z_fold7,4,0,0,negative,True,0.5077738,0.38123778,0.09736963,0.013618806,3
825948210,1,아버지도 나이를 드셨는지 평생 보이신 적 없는 눈물을 보이시네요 ㅋㅋ..,galaxy_z_fold7,4,2,1,weak_negative,True,0.19163294,0.43860066,0.3048781,0.064888366,2
748881191,0,개봉전 봉인씰한쪽이 반은손대져있었는데  중고판건아닌지 개봉전 봉인씰이 한쪽이 반은 찢어져잇엇어요,galaxy_z_fold7,4,1,0,negative,True,0.6042142,0.31779128,0.07077019,0.0072243293,1
747472731,2,다만 어슈어런트 코리아에서 하는 AI 구독 클럽 완전 비추네요.,galaxy_z_fold7,4,0,1,weak_negative,True,0.35635442,0.40379038,0.20543867,0.03441652,1
747472731,3,"5월 27일 액정 문제로 삼성 A/S 센터에서 전체 액정 교환 및 배터리까지 
새로 교체하고 테두리도 교체해서 뒷판 빼고는 새 폰이라고 바꾸어 준걸

폴드 4 보상을 보냈는데 c등급에 심각한 스크래치와 테두리 찍힘이 있다고 검수결과가 오네요",galaxy_z_fold7,4,0,0,negative,True,0.6210793,0.11269252,0.23328269,0.032945476,1
747472731,4,"제가 보관하던 폴드 4 상자에 안경 수건으로 닦으며 흠집 없는 것을 확인 하고

뽁뽁이로 4겹을 싸서 보냈는데 좀 어이 없네요.",galaxy_z_fold7,4,0,0,negative,True,0.8473099,0.0972029,0.047448657,0.0080385255,1
747472731,6,"2년 후에 얼마를 보상해준다고 높은 금액으로 현혹 해놓았는데

지금 하는 꼬라지를 보니 2년 후엔 0원 이런 소리할 것 같네요.",galaxy_z_fold7,4,0,0,negative,True,0.83344924,0.1002798,0.054688428,0.01158258,5
747472731,8,인터넷에 찾아보니 이미 악질 가격 책정에 대한 후기가 여럿 있었네요,galaxy_z_fold7,4,0,0,negative,True,0.54066133,0.31692147,0.12265265,0.019764595,5
871981458,7,3. 성능 + 램 여유 (16GB급) 앱 여러 개 띄워도 끊김,galaxy_z_fold7,5,3,1,weak_negative,True,0.35664412,0.48322594,0.14182882,0.018301168,0
871981458,10,"“이제야 완성형 느낌”
 단점
1. 가격 = 그냥 비정상 1TB 기준 거의 250~300만원대 느낌입니다 
노써치
 솔직히 이게 제일 큰 단점
2. 무게는 여전히 부담 약 215g 수준이라 한손 오래 쓰면 힘듭니다 
노써치
누워서 사용 → 손목 피로 있음",galaxy_z_fold7,5,3,1,weak_negative,True,0.25988647,0.4252806,0.24053961,0.074293256,2
871981458,12,"이거 쓰면
 일반 바형 스마트폰이 답답하게 느껴짐",galaxy_z_fold7,5,3,1,weak_negative,True,0.114891194,0.48091906,0.3412658,0.062923856,3
869065523,6,할인 행사와 라이브방송 등으로 가격 변동이 조금씩 있더라고요.,galaxy_z_fold7,5,3,1,weak_negative,True,0.116771296,0.44020623,0.35843056,0.08459191,5
859602607,6,그런데 한가지 딱 걱정이 되었던것은 포장상태가 엄청 꼼꼼하지는않은것 같았어요..,galaxy_z_fold7,5,3,1,weak_negative,True,0.15060431,0.44585195,0.37885,0.02469371,1
859602607,8,저는 완충제는 없고 박스에 폰제품 달랑 하나 있더라고요..,galaxy_z_fold7,5,3,1,weak_negative,True,0.15635827,0.54130816,0.27423966,0.028093917,1
859602607,9,받으면서도 이게 200만원이 넘는 폰을..이렇게 받는게 맞나..싶었는데.,galaxy_z_fold7,5,3,1,weak_negative,True,0.3123504,0.376021,0.29153842,0.020090168,1
862932868,3,"*초기 불량 있거나, 보험 적용 기간이라도 제조사 불량이면 무상 교환 됩니다.",galaxy_z_fold7,5,3,0,negative,True,0.45860767,0.30187166,0.21098019,0.028540464,1
862932868,6,보험 관련해서 일하는 사람 아닙니다!,galaxy_z_fold7,5,3,0,negative,True,0.7890597,0.10962808,0.07977009,0.021542137,1
862932868,7,위 보험 가입한다고 저한테 도움 되는 것 없습니다!,galaxy_z_fold7,5,3,0,negative,True,0.6277905,0.2054722,0.13573636,0.031000882,1
862932868,8,제가 이전 폰 가입 방법 몰라서 쌩 돈내고 갈아서(ㅠㅠ) 다른 분들은 저처럼 하지 마시라고 공유드리는겁니다!,galaxy_z_fold7,5,3,0,negative,True,0.60854113,0.16013184,0.15967959,0.07164747,3
842643453,7,"잔고장 이좀 많고
폴더블폰 의 고질병이있다는단점등등..",galaxy_z_fold7,5,3,1,weak_negative,True,0.17962012,0.5085727,0.2789319,0.032875333,3
840909938,6,S Pen 미지원: 전작 대비 화면 내구성 및 두께 개선을 위해 제외된게 아쉽네요,galaxy_z_fold7,5,3,1,weak_negative,True,0.25711444,0.4307883,0.28663826,0.025459044,4
838726935,10,지금까지 폰 많이 바꿔봣지만...,galaxy_z_fold7,5,3,1,weak_negative,True,0.101717584,0.5077862,0.34907854,0.04141765,3
838331983,5,그리고 이전의 버젼과는 아주아주 다른점은 !!,galaxy_z_fold7,5,3,1,weak_negative,True,0.08127934,0.47046462,0.3863683,0.061887752,2
838331983,8,사실 편리함이 있더라도 휴대성이 많이 떨어지는 느낌이 있었다랄까요~?,galaxy_z_fold7,5,3,1,weak_negative,True,0.10798637,0.6498586,0.21057828,0.031576708,2
838331983,11,"사실 예전에 폴드5를 사용했던적이 있었는데, 보내버린 이유는.. 핸드폰을 3cm?",galaxy_z_fold7,5,3,1,weak_negative,True,0.13093023,0.5085207,0.28655046,0.073998615,3
838331983,13,핸드폰 액정이 나가버렸는데요..,galaxy_z_fold7,5,3,0,negative,True,0.44918093,0.28657705,0.23022176,0.034020286,3
838331983,15,필요하겠어 해서 가입을 하지 않아..,galaxy_z_fold7,5,3,1,weak_negative,True,0.14916544,0.41656634,0.3597197,0.07454857,1
838331983,19,"고장나면 수리비가 어마무시 하니 무조건 풀커버 케이스, 보험으로 단점을 보완시키세요!!",galaxy_z_fold7,5,3,0,negative,True,0.40389276,0.20443232,0.28288883,0.10878615,2
826609647,11,"-배터리/충전은아쉬운 면이

있

음",galaxy_z_fold7,5,3,1,weak_negative,True,0.10922819,0.5422588,0.32285133,0.025661757,3
826609647,13,"버튼
을 꾸~욱눌러주세요❤ ️",galaxy_z_fold7,5,3,1,weak_negative,True,0.3252356,0.36722428,0.27939984,0.028140262,2
821909384,7,예전 갤럭시에서 느꼈던 미세한 버벅임은 이제 옛말이더라고요.,galaxy_z_fold7,5,3,1,weak_negative,True,0.17445055,0.45016322,0.30646706,0.068919234,3
821909384,22,세 번째는 '비싼 가격대'예요.,galaxy_z_fold7,5,3,1,weak_negative,True,0.2532246,0.52922857,0.19489232,0.02265453,5
814892676,10,이번에는 전면 필름이 부착이 안되서 오더라구요,galaxy_z_fold7,5,3,0,negative,True,0.42425334,0.3034917,0.2413748,0.03088017,2
814892676,13,예전 폴드3는 주머니에 넣으면 부담스러웠거든요,galaxy_z_fold7,5,3,1,weak_negative,True,0.06473924,0.42179093,0.3994621,0.11400778,3
805873153,10,"예전엔커버화면이너무길쭉해서 오타 도많이나고답답

해서억지로펼쳤거든요 ?",galaxy_z_fold7,5,3,1,weak_negative,True,0.2193465,0.6360678,0.1309196,0.013666045,4
805873153,11,"지금은카톡, 웹서핑 ,인 스타 전부그냥 접은채 로합니다.",galaxy_z_fold7,5,3,1,weak_negative,True,0.3218905,0.39993602,0.22016916,0.058004353,0
805873153,13,"3. 내부화면&주름 :"" 신경 안쓰임"" 가장많이 들물어보시는주름
(C re as e ).솔직히말해서' 아예없

다' 고하면 거짓말입니다.",galaxy_z_fold7,5,3,0,negative,True,0.41149324,0.32738897,0.21328637,0.04783143,2
805873153,21,( 물론하루종일게임 돌리면부족하겠 지만 요.),galaxy_z_fold7,5,3,1,weak_negative,True,0.13488755,0.4408316,0.3668727,0.057408106,3
805873153,25,"200 만원이 넘는기기
인데카메라스펙을울트라랑동급으로안 맞춰주는 건여전히불만 입니다.",galaxy_z_fold7,5,3,0,negative,True,0.61335987,0.23648289,0.12522183,0.024935372,4
805873153,27,6 .S펜 :여전히 따로논다,galaxy_z_fold7,5,3,1,weak_negative,True,0.38460022,0.45170552,0.14944313,0.014251137,4
805873153,33,말리는분 :카메라성능이최우선 인분(그냥울트라 가세요).,galaxy_z_fold7,5,3,1,weak_negative,True,0.24023515,0.44506913,0.25126782,0.06342784,4
804647422,0,"아무리 좋아도 단점은 분명 존재합니다.

1)",galaxy_z_fold7,5,3,1,weak_negative,True,0.31344986,0.45589912,0.20744984,0.02320117,2
804647422,1,전작 대비 줄었지만 무게감은 폴드의 숙명.,galaxy_z_fold7,5,3,1,weak_negative,True,0.061200086,0.46383438,0.39622867,0.07873687,2
804647422,2,장시간 들고 영상 보면 손목 피로감 있음.,galaxy_z_fold7,5,3,1,weak_negative,True,0.34264788,0.4338233,0.20207275,0.021456052,2
804647422,3,"2) 구김선은 여전히 존재

많이 개선됐지만
완전히 사라진 건 아니고 약간은 보입니다.",galaxy_z_fold7,5,3,1,weak_negative,True,0.11898722,0.542625,0.30625495,0.032132767,2
804647422,4,민감한 사람은 거슬릴 수 있음.,galaxy_z_fold7,5,3,1,weak_negative,True,0.17708232,0.43294847,0.3751803,0.0147889545,2
804647422,5,"3) 전면 화면 폭 좁음

앞면(커버디스플레이)이 폭이 좁아서
문자 입력 시 여전히 오타가 조금 발생함.

4)",galaxy_z_fold7,5,3,1,weak_negative,True,0.27137125,0.44801766,0.26472953,0.01588156,4
794615840,2,너무 무겁다 힌지 부분이 회복이 안된다 등등 문제가 더 많은 폴더블 폰이었습니다.,galaxy_z_fold7,5,3,0,negative,True,0.37365133,0.3064481,0.28382427,0.03607631,3
794615840,4,아니 단점을 찾아보기가 더 힘들어지지 않았나 하는 생각이 드네요,galaxy_z_fold7,5,3,1,weak_negative,True,0.098915346,0.5121504,0.3093196,0.079614654,2
792594123,11,두세 개 앱을 동시에 띄워도 전혀 버벅임,galaxy_z_fold7,5,3,1,weak_negative,True,0.30548134,0.5620664,0.12376991,0.008682319,0
790017768,12,"그리고 아쉬운 단점은
✔️S펜이 지원되지 않는다는 점입니다‼️",galaxy_z_fold7,5,3,1,weak_negative,True,0.20194499,0.5629764,0.21526857,0.01980998,4
780715429,14,"앱 전환이나 

멀티태스킹 시에도 끊김",galaxy_z_fold7,5,3,1,weak_negative,True,0.3203807,0.5467344,0.11861071,0.014274227,0
812893427,1,그러다 케이스없이 맨바닥에 떨어뜨렸는데 하필 한지부분이 깨져버려서 고치는 값도 만만치 않더라구요ㅠㅠ,galaxy_z_fold7,5,3,0,negative,True,0.4894207,0.35103044,0.14196749,0.017581373,1
773144035,10,약간 손목이 아픈것 같아요.,galaxy_z_fold7,5,3,1,weak_negative,True,0.15011719,0.4916294,0.3337483,0.024505027,2
771258257,2,rsquo; 하는 의심이 있었던 것도 사실입니다.,galaxy_z_fold7,5,3,1,weak_negative,True,0.27562267,0.41541234,0.2755307,0.033434313,2
768849944,11,통화녹음 안되는거 아이폰의 가장 큰 단점이었죠!,galaxy_z_fold7,5,3,1,weak_negative,True,0.30072224,0.4941315,0.18313217,0.022014087,3
768849944,19,"단점

<1. 폴드 구조 특성상 케이스 선택이 어려워요.>
.",galaxy_z_fold7,5,3,1,weak_negative,True,0.21980311,0.44877318,0.3066036,0.02482011,2
768849944,21,"힌지 부분이 있기때문에(휴대폰 가운데 접히는 부분) 
힌지를 보호하는 케이스를 찾아서 끼워봤더니
접었다 폈다 할때마다 케이스가 밀리기도 하고,,

제 경험상 유튜브, 블로그로 찾아봐도 거의 광고가 대부분이라
아마 마음에 드는 케이스 찾으시려면 열심히 찾아보셔야 할거같아요.",galaxy_z_fold7,5,3,0,negative,True,0.4998915,0.3538941,0.11449422,0.031720236,2
768849944,22,"<2. 가격대비 배송이 너무 허술하게 왔어요.>
.",galaxy_z_fold7,5,3,1,weak_negative,True,0.257507,0.596098,0.13488495,0.011510076,1
768849944,23,"박스+뽁뽁이 하나로 감싸져서 왔는데, 박스도 다 찌그러져 있어서
처음에 택배 보고 이거 설마 내 휴대폰..? ㅋㅋㅋ 싶었어요.",galaxy_z_fold7,5,3,0,negative,True,0.38956058,0.30647027,0.26468107,0.03928807,1
768849944,24,가격대비 구성품이 단촐합니다..,galaxy_z_fold7,5,3,1,weak_negative,True,0.22988549,0.5180327,0.20918266,0.04289908,5
768849944,25,usb충전선 한개랑 유심칩 빼는 핀?,galaxy_z_fold7,5,3,1,weak_negative,True,0.15966824,0.41177374,0.34951812,0.07903984,3
768849944,26,"그것만 오고, 설명서도 뭔가 좀 단촐하고..",galaxy_z_fold7,5,3,1,weak_negative,True,0.1889588,0.5964395,0.18932432,0.025277343,1
768849944,28,"-^;

<4. 배터리 빨리 닳음>
.",galaxy_z_fold7,5,3,1,weak_negative,True,0.19620311,0.6467265,0.14873512,0.008335284,3
768849944,30,"아무것도 안하고 그냥 두는데도 배터리가 실시간으로
조금씩 깎여있긴 해요.",galaxy_z_fold7,5,3,1,weak_negative,True,0.25452623,0.47046286,0.25156572,0.023445217,3
768849944,31,"<5. 너무 얇아서 부서질까봐 두려움>
.",galaxy_z_fold7,5,3,1,weak_negative,True,0.1696678,0.5906496,0.22508052,0.0146020735,2
768849944,35,"-
쿠팡 시스템 특성 상 가격 변동이 있어요.",galaxy_z_fold7,5,3,1,weak_negative,True,0.2310386,0.40916917,0.3154936,0.044298593,1
767873897,13,사람도 연골이 닳듯이 기계도 너무 확확 접다 보면 내구성이 빨리 떨어져서 고장날 수 있다는 생각이 들더라고요.,galaxy_z_fold7,5,3,0,negative,True,0.41498435,0.33721647,0.20057565,0.047223512,2
852573985,1,"가격은 200만원대라서,, 부담 확실히 있음",galaxy_z_fold7,5,2,1,weak_negative,True,0.07695083,0.5285136,0.35325748,0.041278116,5
852573985,11,200만원이 넘는 제품인데 박스 외관 상태가 썩 깔끔하지 않았어요,galaxy_z_fold7,5,2,1,weak_negative,True,0.23146184,0.47466782,0.27393585,0.019934518,1
852573985,12,"비닐 마감이나 외부 박스 상태가 기대했던 만큼의 프리미엄 느낌은 아니었습니다
고가 제품인 만큼 배송이나 포장 부분도 조금 더 신경 써줬으면 좋겠다는 생각이 들었습니다

제품 자체는 만족하지만, 받는 순간의 기분은 솔직히 좀 아쉬웠습니다",galaxy_z_fold7,5,2,1,weak_negative,True,0.19653793,0.39970243,0.34236616,0.061393417,1
759366476,4,화면을 나눠서 2~3개 앱을 동시에 띄우고 작업해도 버벅임,galaxy_z_fold7,5,2,1,weak_negative,True,0.26466757,0.58837306,0.13625902,0.010700394,0
789267437,7,앱 전환이나 멀티태스킹할 때 끊김,galaxy_z_fold7,5,3,1,weak_negative,True,0.31142414,0.5296222,0.14493711,0.014016528,0
757484704,7,없이 잘 돌아가는데 발열이 조금 있는 건 어쩔 수 없는 것 같아요.,galaxy_z_fold7,5,3,1,weak_negative,True,0.11141841,0.49082214,0.37016925,0.027590238,3
752873876,11,그런데 언제인지 모르겠는데요,galaxy_z_fold7,5,3,0,negative,True,0.40462965,0.2747059,0.28092155,0.039742872,2
752873876,15,언젠가 그 기쁨을 알게되실 거예요,galaxy_z_fold7,5,3,1,weak_negative,True,0.19964676,0.30864868,0.30294007,0.18876456,2
752873876,17,어쩔 수 없는 부분이겠지요?,galaxy_z_fold7,5,3,0,negative,True,0.3783497,0.26892722,0.33330682,0.0194163,2
752873876,18,"이왕이면 펜까지 해주면
더 좋았을텐데...",galaxy_z_fold7,5,3,1,weak_negative,True,0.1364657,0.48678845,0.34112975,0.035616137,1
752873876,19,"그런 아쉬움을 확 사라지게 만드는
정도의 기술 !!",galaxy_z_fold7,5,3,1,weak_negative,True,0.10039514,0.4588604,0.3776019,0.063142546,2
752873876,24,남편이 신기해 하는 그 기술!!,galaxy_z_fold7,5,3,1,weak_negative,True,0.23425302,0.38473827,0.30873322,0.07227551,2
752873876,38,영상은 사전구매시 만든 건데 그냥 올립니다.,galaxy_z_fold7,5,3,0,negative,True,0.43755645,0.2109148,0.27437118,0.077157564,1
752873876,42,"그거로 사자니
급한모양이요 ㅋ",galaxy_z_fold7,5,3,1,weak_negative,True,0.24073121,0.4227209,0.30380994,0.03273797,5
752254479,4,얇기 휴대폰의 전체적 두께가 너무 얇다고 느껴집니다.,galaxy_z_fold7,5,3,1,weak_negative,True,0.19333248,0.45702207,0.32115778,0.028487666,3
752254479,5,정말 쉽게 부러지지 않을까?,galaxy_z_fold7,5,3,1,weak_negative,True,0.29917085,0.3810454,0.26858008,0.051203664,2
752254479,6,생각 할 정도로 매우 얇아 뭔가 좀 불안한 느낌도 있습니다.,galaxy_z_fold7,5,3,1,weak_negative,True,0.22563994,0.54171574,0.2038066,0.028837657,2
752254479,9,"하지만 내부 정면 카메라에 풀 스크린이 아닌 카메라가 있어 
영상 볼 때 한번씩 눈에 너무 확 뛰어 예민 한 분들은 생각을 좀 더 많이 해보셔야 합니다.",galaxy_z_fold7,5,3,0,negative,True,0.3621571,0.25763702,0.3449976,0.035208244,4
752254479,10,화면이 넓고 큰 만큼 좋지만 이번에는 펜이 따로 없는 것이 매우 아쉽고 솔직히 이 화면에 왜 없는지 의문이 들정도로 생각이 듭니다.,galaxy_z_fold7,5,3,1,weak_negative,True,0.22215942,0.38011718,0.32664067,0.07108279,4
751977718,2,타사 제품으로 넘어갈것이냐?,galaxy_z_fold7,5,3,0,negative,True,0.521745,0.23570164,0.20508668,0.03746662,1
751977718,14,예약자 배네핏은 어디서 볼 수 있는지요?,galaxy_z_fold7,5,3,1,weak_negative,True,0.22244658,0.39216417,0.2866553,0.09873391,1
751711020,0,갤럭시워치와  재연동시  오류뜹니다,galaxy_z_fold7,5,3,1,weak_negative,True,0.3361835,0.5018925,0.14973976,0.012184212,3
751711020,6,여러가지 앱사용이나  연동에  오류가 있었는대요,galaxy_z_fold7,5,3,1,weak_negative,True,0.22990718,0.5070444,0.24162334,0.021425117,0
751711020,7,"그중 티머니갤럭시워치앱과    웨어러블앱이  오류가 떠서  워치가 연동이 

어려웠습니다",galaxy_z_fold7,5,3,0,negative,True,0.36630374,0.3329908,0.26032954,0.04037588,0
751711020,8,워치 초기화후  새기기에 연결 하셔야합니다,galaxy_z_fold7,5,3,1,weak_negative,True,0.26935878,0.3842943,0.29204428,0.054302648,2
751711020,9,(연동후  기존데이터 사용됩니다),galaxy_z_fold7,5,3,1,weak_negative,True,0.2074205,0.36794442,0.36087298,0.0637621,0
751711020,18,티머니를 워치와 연동하는대  폴드3에서  잘되던 티머니갤럭시워치가  폴드7 에서  오류가  난  상황..,galaxy_z_fold7,5,3,1,weak_negative,True,0.31980637,0.42622823,0.22573724,0.028228171,3
751711020,20,참고하세요!!ㅡㅡㅡㅡㅡㅡㅡㅡ,galaxy_z_fold7,5,3,1,weak_negative,True,0.078403555,0.47917885,0.37026152,0.072156124,2
751711020,28,"2. 앱 관련 조치

앱 재설치: 스마트폰과 워치에 설치된 '티머니 갤럭시워치' 앱을 모두 삭제한 후 다시 설치해 보세요.",galaxy_z_fold7,5,3,0,negative,True,0.53026426,0.17934689,0.2388238,0.051565062,3
751711020,29,간혹 앱 충돌이나 데이터 오류로 인해 문제가 발생할 수 있습니다.,galaxy_z_fold7,5,3,1,weak_negative,True,0.23626652,0.48464003,0.24757928,0.031514186,0
751711020,30,앱 캐시 삭제: 스마트폰의 '티머니 갤럭시워치' 앱 설정에서 캐시를 삭제해 보세요.,galaxy_z_fold7,5,3,0,negative,True,0.47774246,0.23686007,0.23970906,0.045688387,3
751711020,32,워치와 스마트폰을 모두 재부팅해 보세요.,galaxy_z_fold7,5,3,1,weak_negative,True,0.13848317,0.37920296,0.37749928,0.104814604,3
751711020,35,"4. 기타 유의사항

장기 미사용 오류: '티머니 갤럭시워치' 앱은 잔액 및 고객정보 보호를 위해 일정 기간(한 달 등) 앱을 실행하지 않으면 '장기 미사용'으로 인식되어 한도 복원이 안 될 수 있습니다.",galaxy_z_fold7,5,3,0,negative,True,0.60351324,0.18460402,0.18155272,0.030329958,0
751711020,42,기존폰에서  업그레이드 안된상태로  옮겨져서  오류뜬 경우였네요  (제 경우),galaxy_z_fold7,5,3,1,weak_negative,True,0.3304679,0.5001795,0.15351427,0.0158383,3
751711020,43,쓰던기기 블루투스제거   워치제거후  쓰던기기는 잠시 꺼두시고  재  부팅 or  재 다운로드,galaxy_z_fold7,5,3,0,negative,True,0.33406734,0.27499527,0.32716167,0.063775755,3
751385826,8,"저는 주로 화면 분할해서 왼쪽에 인터넷, 오른쪽에 메모 앱 켜놓고 쓰는데, 속도 끊김",galaxy_z_fold7,5,3,1,weak_negative,True,0.2868166,0.4809487,0.2043929,0.027841778,0
751385826,16,"야간 사진은 전작보다 확실히 나아졌지만, 아주 어두운 곳에서는 여전히 노이즈가 좀 보입니다.",galaxy_z_fold7,5,3,1,weak_negative,True,0.13790745,0.4468847,0.37820053,0.03700728,4
751385826,17,"줌은 10배까지는 깔끔하지만, 20배 넘어가면 화질 저하가 조금씩 티가 나요.",galaxy_z_fold7,5,3,1,weak_negative,True,0.2693555,0.40346628,0.29862902,0.028549168,4
763371978,3,매장가서 약정을 하고 할인을 받을까.,galaxy_z_fold7,5,3,0,negative,True,0.39257804,0.26386473,0.28012517,0.06343209,5
763371978,15,↓↓↓잘참고하여 성공적인 구매하세요♥,galaxy_z_fold7,5,3,1,weak_negative,True,0.18718326,0.5224957,0.24900886,0.041312188,1
749513812,0,내년 폴드8을 기다렸으나...,galaxy_z_fold7,5,2,1,weak_negative,True,0.063212946,0.45532542,0.41355228,0.06790931,3
749513812,2,"이유는 

1)spen이 없다",galaxy_z_fold7,5,2,0,negative,True,0.48188522,0.3642237,0.13038334,0.023507822,2
749513812,3,"2)배터리가 조루일까봐 걱정

그렇게 마음 먹고 사고싶은 거 꾹 참고 있었는데요",galaxy_z_fold7,5,2,1,weak_negative,True,0.14815778,0.4855122,0.28073967,0.08559039,3
749513812,12,그런데 노트10 약6년을 썼는데요,galaxy_z_fold7,5,2,1,weak_negative,True,0.24296021,0.45509583,0.26862314,0.033320785,3
749513812,17,결국 6년 동안에 spen 사용한 거는 딱 2번밖에 없었어요,galaxy_z_fold7,5,2,1,weak_negative,True,0.28591028,0.4688358,0.21799904,0.027254889,3
749513812,18,일반폰 사용하던 저로서는 아무리 얇아졌다고 해도 역시 무거워요,galaxy_z_fold7,5,2,1,weak_negative,True,0.07874372,0.51714694,0.34793338,0.056175973,3
749513812,21,너무 쎄게 달라붙어 있고 얇아서 손가락이 잘 안들어가요,galaxy_z_fold7,5,2,1,weak_negative,True,0.248932,0.58849317,0.14983815,0.012736716,2
749513812,22,위치가 옆면 아래에 있어 손가락 대기가 부자연스럽고 케이스랑 간섭도 생기면서 손가락 갖다 대기가 불편해요,galaxy_z_fold7,5,2,1,weak_negative,True,0.3650207,0.47313666,0.14780593,0.014036747,2
747359597,4,앱 전환이나 화면을 나눠 써도 끊김,galaxy_z_fold7,5,3,1,weak_negative,True,0.40842587,0.44707853,0.1316822,0.012813448,0
747350142,11,"3. 카메라 성능

200MP 메인 카메라는 디테일이 말도 안 돼요.",galaxy_z_fold7,5,3,1,weak_negative,True,0.29594633,0.34536815,0.29617745,0.06250799,4
747350142,19,내부 화면 지문메인 디스플레이는 유분이 잘 묻어요.,galaxy_z_fold7,5,3,1,weak_negative,True,0.12394615,0.49307734,0.34487125,0.038105242,4
746986451,12,휴대폰 가격은 냉장고랑 맞먹는데 말이죠 ㅜ,galaxy_z_fold7,5,3,0,negative,True,0.54170185,0.26757473,0.17155863,0.019164715,3
744805061,2,민트 포기한 게 아쉽기도 해요,galaxy_z_fold7,5,2,1,weak_negative,True,0.09510337,0.5006561,0.3157134,0.08852705,2
744805061,9,근데!! 펼치기가 생각보다 진짜 어렵더라구요,galaxy_z_fold7,5,2,1,weak_negative,True,0.18323882,0.4535732,0.34694335,0.01624462,2
744805061,10,"엄지 손톱이 너무 짧으면 잘 안 열리고
케이스 끼우면 더 안 열려서 결국
가운데 손가락 손톱을 살짝 끼워서 열고 있어요",galaxy_z_fold7,5,2,1,weak_negative,True,0.35249692,0.44052124,0.18237707,0.024604762,2
744805061,11,"이게 은근히 번거롭고, 급할 때는 조금 불편해요",galaxy_z_fold7,5,2,1,weak_negative,True,0.2632343,0.5696593,0.15372236,0.013384032,2
795913521,1,게임하면서 유튜브 보거나 동시에 여러 작업해도 끊김,galaxy_z_fold7,5,3,1,weak_negative,True,0.29914442,0.5755151,0.11143865,0.013901921,0
872799773,12,2. 이 비싼 가격 줄 만한가? (가성비 vs 가심비),galaxy_z_fold7,5,3,0,negative,True,0.34696868,0.28030545,0.28698105,0.08574477,5
744642358,0,"아이폰 빠이, 갤럭시 안녕!",galaxy_z_fold7,5,3,1,weak_negative,True,0.19681871,0.35470924,0.34258762,0.10588443,3
771343371,3,거기에 비싼가격도 한몫했던거 같구요,galaxy_z_fold7,5,3,1,weak_negative,True,0.1347073,0.5283353,0.28251952,0.05443784,5
772404062,9,안그럼 번거롭게  유심뺏다가 다시 넣었다가 해야해요!!!,galaxy_z_fold7,5,3,1,weak_negative,True,0.34895357,0.38694176,0.2271179,0.03698683,3
772404062,10,"전화가 안되서 잘못샀나.. 라고 심장이 덜컥하기도 했답니다 ㅎ


✅",galaxy_z_fold7,5,3,1,weak_negative,True,0.22264746,0.4114208,0.3335533,0.032378454,1
746986963,0,진짜 사전예약이 이렇게 애탄적 있었나?!,galaxy_z_fold7,5,3,1,weak_negative,True,0.19323161,0.44263184,0.26435208,0.0997845,1
747986473,1,"중얼거리길래 제가 그냥 ""그럴 거면 쿠팡에서 긁어~!"" 했죠",galaxy_z_fold7,5,3,1,weak_negative,True,0.18849519,0.33501053,0.3337512,0.1427431,1
744640655,10,다 뭔가 조금씩 아쉽습니다.,galaxy_z_fold7,5,2,1,weak_negative,True,0.18085647,0.50712556,0.28132483,0.030693153,2
744640655,11,"뭐 당연히 들었지만.
실수로라도 한두번 잘못 떨어뜨리면 마음이 찢어질듯 하네요~",galaxy_z_fold7,5,2,1,weak_negative,True,0.23881431,0.41559514,0.3018566,0.04373388,2
744830955,3,이건 색이 아니라 ‘무드’다.,galaxy_z_fold7,5,3,1,weak_negative,True,0.20317551,0.46955645,0.26327172,0.06399627,4
837386564,8,"단점  
- 가격대가 상당히 높아 부담이 될 수 있습니다.",galaxy_z_fold7,5,3,1,weak_negative,True,0.16156101,0.41511196,0.3725924,0.05073466,5
837386564,9,- 본체가 크고 무게감이 있어 장시간 사용 시 손목에 피로가 느껴질 수 있습니다.,galaxy_z_fold7,5,3,1,weak_negative,True,0.20447877,0.42623246,0.32928848,0.040000305,2
873750385,11,한 손 사용도 확실히 불편한 편입니다.,galaxy_z_fold7,5,2,1,weak_negative,True,0.28562665,0.46638003,0.21458194,0.033411402,2
873750385,13,화면이 커서 그런지 사용량이 많으면 하루를 꽉 채우기는 조금 빠듯합니다.,galaxy_z_fold7,5,2,1,weak_negative,True,0.08053079,0.44256622,0.42716378,0.049739268,3
873750385,16,가격도 부담이 있는 편이라 가성비를 따지는 분들에게는 고민이 될 수 있습니다.,galaxy_z_fold7,5,2,1,weak_negative,True,0.1093868,0.42458424,0.4008922,0.06513681,5
744941294,9,그리고 아쉬운건 s펜이 안된다는거...,galaxy_z_fold7,5,3,1,weak_negative,True,0.07353407,0.5469805,0.34670067,0.03278474,4
795591695,4,없어도 사는데 지장 없는데 여유있음,galaxy_z_fold7,5,3,1,weak_negative,True,0.2261082,0.3701399,0.3197778,0.08397408,2
747786398,3,연결시 무선보다 케이블 사용 추천합니다.,galaxy_z_fold7,5,3,1,weak_negative,True,0.2863259,0.3764979,0.2792719,0.05790433,3
749878428,4,난 고해상도의 카메라는 필요없는데 ....,galaxy_z_fold7,5,2,1,weak_negative,True,0.10661771,0.43469197,0.4041118,0.054578435,4
747836736,4,용량 2배 안해주더라도 그냥 좀더 저렴한 가격에 판매했으면 하는?,galaxy_z_fold7,5,3,1,weak_negative,True,0.17817685,0.5814711,0.21852005,0.021832054,5
747836736,8,사야하나 말아야하나를 고민하게 만들긴합니다.,galaxy_z_fold7,5,3,1,weak_negative,True,0.12856016,0.5031992,0.32455474,0.043685824,5
856100465,0,"다 좋은데 인스타볼때 ,,,
크게 보이지만 사진이나 동영상이 잘려보이는건 
어찌해야되는지 모르겟슴ㅠ",galaxy_z_fold7,5,2,1,weak_negative,True,0.41615394,0.42179927,0.15189132,0.010155462,4
745034824,3,그리고 처음부터 발열감이 느껴지는데 불량은 아니겠죠^^;,galaxy_z_fold7,5,3,1,weak_negative,True,0.30409768,0.48711556,0.19320571,0.015581024,3
798717870,2,맥세이프 카드케이스 붙이면 카메라가 커서 약간 밀림,galaxy_z_fold7,5,3,1,weak_negative,True,0.1324327,0.42010757,0.39647073,0.050989043,4
798717870,3,케이스 안끼면 열때 미끄러움,galaxy_z_fold7,5,3,1,weak_negative,True,0.29024982,0.47550005,0.21535662,0.018893536,2
858722590,17,답답하게 느껴질 수도 있을 것 같아요.,galaxy_z_fold7,5,3,1,weak_negative,True,0.15531667,0.42982107,0.37994537,0.034916934,2
746978271,2,아참 근데 모든건 무선으로 옮겼는데 쓰던폰에서 요기로 유심을 옮겨도 ㅠㅠ뭔가 잘못되었는지 여기서 막히네요 낼 대리점가서 해보려구요.,galaxy_z_fold7,5,3,0,negative,True,0.32753056,0.31269848,0.31736544,0.042405546,3
746978271,3,혹시 아시는분 답좀 부탁드려요.,galaxy_z_fold7,5,3,0,negative,True,0.5502701,0.23526254,0.18173465,0.03273274,1
744553255,3,"실제 받고보니 액정 2개 합친 두께가 
일반 핸드폰 1개두께라니...",galaxy_z_fold7,5,3,1,weak_negative,True,0.1497224,0.42192942,0.3440609,0.084287256,3
854191817,1,"새거 맞는지 의문이..
아들이 머리카락 있다고..",galaxy_z_fold7,5,2,1,weak_negative,True,0.33180353,0.5164171,0.13505992,0.016719472,2
785849483,2,애플은 더이상 쓸 이유가 없다ㅠ,galaxy_z_fold7,5,3,0,negative,True,0.42431423,0.38876614,0.13569653,0.051223107,3
824436119,0,사진에 다 안 담기는 자태.,galaxy_z_fold7,5,3,1,weak_negative,True,0.16338825,0.43766972,0.3690759,0.029866114,4
845683117,2,이제는 작은 화면을 보면 답답하게 느껴질 정도예요.,galaxy_z_fold7,5,3,1,weak_negative,True,0.11667847,0.50157803,0.32130533,0.06043811,4
813852095,5,"여행때 찍었던 영상같은거?
2. 지도 앱 굳..",galaxy_z_fold7,5,3,1,weak_negative,True,0.22582695,0.36615086,0.31161344,0.096408695,0
813852095,6,여행가서 길찾을 때 여행어플 쓰자나요??,galaxy_z_fold7,5,3,0,negative,True,0.38390782,0.26059642,0.2700281,0.085467644,0
813852095,10,"폴드 단점으로는,
1. 사악한 가격..",galaxy_z_fold7,5,3,1,weak_negative,True,0.10578302,0.64866257,0.21342146,0.03213295,5
813852095,13,2. 가벼운 폰은 아니라는거..,galaxy_z_fold7,5,3,1,weak_negative,True,0.23994884,0.5725455,0.16088876,0.026616832,3
813852095,15,3. 아저씨 폰이라고 자주 들음..,galaxy_z_fold7,5,3,1,weak_negative,True,0.16636741,0.501361,0.28566954,0.046601996,3
756188793,4,생각보다 울트라는 폭이 많이 큰폰 이었나봐요,galaxy_z_fold7,5,3,1,weak_negative,True,0.05617519,0.50792176,0.379017,0.056886066,2
744568229,13,5. 저는 전자기기를 하는 유튜버나 전문가가 아니고 일반인의 눈으로 손으로 느끼는 점만 리뷰할수있죠.,galaxy_z_fold7,5,3,0,negative,True,0.43254954,0.26050606,0.2612938,0.045650616,2
744568229,18,단통법도 없어지는데 굳이? 자급제를?,galaxy_z_fold7,5,3,0,negative,True,0.4753552,0.36732954,0.12923376,0.02808147,1
747235177,2,"/ 카메라 보정 심함

———————",galaxy_z_fold7,5,3,0,negative,True,0.471088,0.3807624,0.13699657,0.011152981,4
803522811,12,"배터리는 나가는 속도 빠른 편 아니고, 하루종일 쓰면 저녁엔 충전해야 하는 정도?",galaxy_z_fold7,5,3,1,weak_negative,True,0.14419335,0.4529277,0.34952468,0.05335426,3
748871003,7,"앱 전환, 멀티태스킹, 게임까지 버벅임",galaxy_z_fold7,5,3,1,weak_negative,True,0.27475703,0.57560885,0.13969621,0.009937967,0
748871003,8,"단점 (솔직하게)

화면 펼쳤을 때 타이핑이 살짝 어색할 수 있음",galaxy_z_fold7,5,3,1,weak_negative,True,0.14309523,0.53375095,0.3063963,0.01675754,4
793193855,2,"단점은 
좀 무게가 있다는게 .....",galaxy_z_fold7,5,3,1,weak_negative,True,0.07662158,0.5438129,0.35120645,0.028359048,2
752618798,9,"배터리는 하루 종일 무난히 버티지만, 고화질 영상이나 게임을 오래 하면 저녁쯤엔 충전이",galaxy_z_fold7,5,3,1,weak_negative,True,0.15617692,0.647878,0.17188394,0.024061114,3
750097567,7,"이북 리더기도 있는데 더이상 안써도 되고요, 졸지에 이북리더기, 갤럭시 탭은 모두 당근행 갔습니다.",galaxy_z_fold7,5,3,0,negative,True,0.4148285,0.33244982,0.17888252,0.07383913,3
749859805,15,"* 여전히 높은 가격: 개선된 부분이 많지만, 여전히 높은 출고가는 구매를 망설이게 하는 요인입니다.",galaxy_z_fold7,5,3,1,weak_negative,True,0.1805766,0.39261654,0.38136086,0.045445997,5
770305588,7,3. 최대 단점인데 너무 비쌈.,galaxy_z_fold7,5,2,1,weak_negative,True,0.2685784,0.5522944,0.156783,0.022344224,5
770305588,8,휴대폰이 일케 비쌀 일인가 싶게 비쌈.,galaxy_z_fold7,5,2,1,weak_negative,True,0.22883567,0.5965756,0.15457992,0.020008722,5
744895983,3,전작 대비 현저히 줄어든 무게는,galaxy_z_fold7,5,3,1,weak_negative,True,0.08213784,0.43001592,0.4147024,0.073143885,2
759537553,4,여기서 검색을 막 시작합니다.,galaxy_z_fold7,5,3,0,negative,True,0.4572246,0.23717561,0.22953773,0.07606203,1
759537553,5,무겁다 힌지 잘 깨진다 줄이 간다 발열 심하다,galaxy_z_fold7,5,3,1,weak_negative,True,0.30935848,0.54333985,0.13458957,0.012712101,2
759537553,6,게다가 사전예약 끝나서....,galaxy_z_fold7,5,3,1,weak_negative,True,0.18350574,0.4874468,0.27689332,0.052154116,1
759537553,10,천원주고 사도 아까울때가 있지요.,galaxy_z_fold7,5,3,0,negative,True,0.4813187,0.37945294,0.12316012,0.01606829,5
759537553,11,사서 방치하거나 그만큼 가치가 없을때.,galaxy_z_fold7,5,3,0,negative,True,0.51859766,0.30078092,0.15299848,0.027622947,1
759537553,16,쿠팡포인트는 이미 다른걸로 채워서.,galaxy_z_fold7,5,3,1,weak_negative,True,0.1386151,0.3927502,0.3923547,0.07628,1
759537553,20,떨어지면 우짜지 하는 불안감 엄습.,galaxy_z_fold7,5,3,1,weak_negative,True,0.21163775,0.49887618,0.24981141,0.039674606,2
759537553,25,노트에 비해 너무 작아서 눈 피로감이 생김.,galaxy_z_fold7,5,3,1,weak_negative,True,0.09260231,0.6763662,0.21723317,0.013798313,4
759537553,26,"확인, 결제할때 등만 커버화면 씀.",galaxy_z_fold7,5,3,1,weak_negative,True,0.20369375,0.54491204,0.23497209,0.016422106,3
759537553,27,맥세이프 케이스를 산 터라 그거 머죠?,galaxy_z_fold7,5,3,0,negative,True,0.3382221,0.32561445,0.25161248,0.08455098,1
759537553,28,붙이는 2단 동그란 고리같은거?,galaxy_z_fold7,5,3,1,weak_negative,True,0.19328694,0.457598,0.29128775,0.057827335,2
759537553,38,그냥 원래 많이 떨어뜨려요..,galaxy_z_fold7,5,3,1,weak_negative,True,0.2457693,0.53242475,0.18984275,0.03196327,2
759537553,40,"6. 가장 아쉬운 점

역시나......",galaxy_z_fold7,5,3,1,weak_negative,True,0.124972485,0.6298161,0.22772203,0.017489336,2
759537553,46,"7. 발열문제

처음 몇일동안 발열이 있었어요",galaxy_z_fold7,5,3,1,weak_negative,True,0.18081063,0.5251305,0.275464,0.018594854,3
759537553,47,혹시 이러다가.....???,galaxy_z_fold7,5,3,1,weak_negative,True,0.360425,0.4740917,0.14589109,0.019592188,2
759537553,49,싹 다 설정하고 나니 절대 발열이 없네요???,galaxy_z_fold7,5,3,1,weak_negative,True,0.16693306,0.39205733,0.34580606,0.09520356,3
759537553,50,뭘 바꿨는지는 저도 몰라요 ㅋㅋㅋ,galaxy_z_fold7,5,3,1,weak_negative,True,0.24516869,0.4712958,0.26083148,0.022703988,2
745262850,7,카메라도 체감 차이꽤큽니다.,galaxy_z_fold7,5,3,1,weak_negative,True,0.2273909,0.3843551,0.29762995,0.09062405,4
779867010,22,"꿀팁공유한

기분으로너무뿌듯하거든요ㅎㅎ✿",galaxy_z_fold7,5,3,1,weak_negative,True,0.17252997,0.44091213,0.32206175,0.064496145,2
745096502,1,"아쉬운건 전면 화면에 필름없이 노출되어 있는것(급하게 로켓배송)과 
메인화면 상단에 특허 분쟁 어쩌구에 갑자기 사라진 UDC...적응되겠죠 ;;",galaxy_z_fold7,5,3,1,weak_negative,True,0.19257398,0.40151775,0.36087504,0.04503325,4
745096502,3,"가볍고 큰화면, 메인화면 접힌 자국은 더이상 의식하지 못하게되는 많은 변화들....",galaxy_z_fold7,5,3,1,weak_negative,True,0.122799926,0.4360838,0.3868851,0.05423113,4
777670787,9,"솔직히 아쉬웠던 단점 (이건 좀...)
​주름은 여전히 주름이다",galaxy_z_fold7,5,3,1,weak_negative,True,0.13164689,0.644025,0.20955993,0.014768146,2
777670787,10,":
​힌지가 아무리 좋아져도 화면의 '주름'은 그대로입니다.",galaxy_z_fold7,5,3,1,weak_negative,True,0.3146083,0.4483648,0.2230168,0.0140100885,4
777670787,19,4400mAh 용량이 대화면을 감당하기엔 조금 부족합니다.,galaxy_z_fold7,5,3,1,weak_negative,True,0.16983984,0.3841421,0.3700805,0.075937495,4
777670787,20,25W 충전 속도: 이게 제일 답답해요.,galaxy_z_fold7,5,3,1,weak_negative,True,0.34312963,0.4838489,0.14801697,0.025004493,3
777670787,21,"200만 원짜리 최신 폰인데, 충전 속도가 너무 느려서 급하게 나갈 때 답답함을 느낍니다.",galaxy_z_fold7,5,3,0,negative,True,0.38031617,0.36358625,0.20234409,0.053753532,3
774286913,9,특히 누워서 사용할 때는 손목에 힘이 조금 들어가야 합니다.,galaxy_z_fold7,5,3,1,weak_negative,True,0.14856982,0.48386365,0.33936197,0.028204517,2
817342048,17,하지만일부커뮤니티사용자리뷰에서는고사양게임 을오 래,galaxy_z_fold7,5,3,1,weak_negative,True,0.24370106,0.5749756,0.16237971,0.018943671,0
817342048,18,실행할때성능쓰로틀링 (발열로 인한 성능저하)현상 이있다는의견도 있었습니다.,galaxy_z_fold7,5,3,1,weak_negative,True,0.20931998,0.4302069,0.3350282,0.025444886,3
817342048,25,다만초망원촬영 시디지털줌에서 는디테일 이떨어지는 걸느낄 때가가끔있 었습니다.,galaxy_z_fold7,5,3,1,weak_negative,True,0.20673497,0.38875374,0.3542899,0.05022143,4
812877750,4,"다만 아쉬운점이라면
1. udc 없어염..",galaxy_z_fold7,5,3,1,weak_negative,True,0.14415962,0.6706628,0.1713868,0.013790708,4
812877750,5,2. 영상 비율에 적절하지 않아요..,galaxy_z_fold7,5,3,1,weak_negative,True,0.26721063,0.5944259,0.12319574,0.0151676815,4
812877750,6,일반 바형으로 보는거랑 별 차이 없어요,galaxy_z_fold7,5,3,1,weak_negative,True,0.18244117,0.51941824,0.2683962,0.029744377,2
812877750,7,3. 그립감이 각져서 아파요,galaxy_z_fold7,5,3,1,weak_negative,True,0.3149199,0.5615307,0.11123291,0.012316492,2
744815646,0,"예전에 폴드3는 무거워서 얼마 쓰지도 못하고
중고로 팔았었는데..",galaxy_z_fold7,5,3,1,weak_negative,True,0.08259619,0.4469977,0.39225867,0.07814744,3
744815646,2,그냥 일반 바형 쓰는거같네요ㅎ,galaxy_z_fold7,5,3,1,weak_negative,True,0.08675768,0.48675072,0.38976035,0.03673125,2
748089432,2,가장 큰 단점으로는 여러앱들의 화면크기의 호환이 안좋다는 것입니다,galaxy_z_fold7,5,3,1,weak_negative,True,0.15172033,0.57786006,0.24488996,0.025529658,0
748089432,3,"인터넷이나 웹툰등을 볼때 우리가 원하는 방식이 아니라 좌우에 맞춰서 늘려져 나와서 오히려 한칸에 볼수 있는게 작아지는것이 있고, 어느 앱(열었을때)은 좌우로 긴대 위아래를 맞추다보니 좌우가 짤려 못보는 경우도 있습니다",galaxy_z_fold7,5,3,0,negative,True,0.53489643,0.2560241,0.18536206,0.023717448,0
862595088,1,"접으면 폰, 펼치면 태블릿… 이거 반칙 아닌가

처음엔 괜히 계속 접었다 폈다 하게 됨",galaxy_z_fold7,5,3,0,negative,True,0.52963173,0.24911681,0.20284335,0.018408107,3
774531075,0,폴드 어디까지 발전할것인가~~ 폴드 세 번째.,galaxy_z_fold7,5,3,1,weak_negative,True,0.10409379,0.4228143,0.38393986,0.08915199,2
744782446,3,"원래기기에 있는 필름위에
부착하면 옆에 다뜹니다",galaxy_z_fold7,5,2,1,weak_negative,True,0.22906362,0.569756,0.17469817,0.026482282,2
751591532,14,- 어디가면 슬며시 폰을 펼쳐서 관심유도(?)를 하십니다ㅋㅋㅋㅋㅋ,galaxy_z_fold7,5,3,1,weak_negative,True,0.2405715,0.36899918,0.31725416,0.0731752,3
836690537,2,그런데 그때는 너무너무 무거워서 갖고 다니며 쓰기에 사실 많이 불편했었어요.,galaxy_z_fold7,5,3,1,weak_negative,True,0.16110155,0.45867166,0.33069897,0.049527843,2
836690537,3,그래서 몇 달 쓰다가 손목 너무 아파서 도저히 못 쓰고 S25로 넘어갔었는데...,galaxy_z_fold7,5,3,1,weak_negative,True,0.16902754,0.5938528,0.21195193,0.025167707,2
836690537,15,"단점.

1. 케이스 끼우면 역시 좀 무거움.",galaxy_z_fold7,5,3,1,weak_negative,True,0.12389056,0.54413754,0.30054718,0.03142475,2
836690537,18,2. 열고 닫는 게 약간 뻑뻑함.,galaxy_z_fold7,5,3,1,weak_negative,True,0.13796343,0.61457694,0.23585373,0.011605936,2
836690537,19,"뻑뻑해야 쓰기에 좋은 건 있지만, 여닫는 순간에는 아무래도 힘이 좀 들어가네요.",galaxy_z_fold7,5,3,1,weak_negative,True,0.15817402,0.52640384,0.29705036,0.018371793,2
772139895,17,아내도 처음엔 &ldquo;왜 이렇게 색이 다르지?&,galaxy_z_fold7,5,3,1,weak_negative,True,0.17591515,0.42792487,0.36155427,0.03460566,2
772139895,22,마음에 딱 맞는 디자인을 찾기가 어렵더라고요.,galaxy_z_fold7,5,3,1,weak_negative,True,0.19784586,0.37163773,0.36308727,0.067429155,2
744612613,0,"엘리베이터교체공사중이라 기사님 새벽에 오셨다가 분실우려로1층에 못두시고 다시가져갔다가 오전에 전화후 1층서
만나서 받았어요",galaxy_z_fold7,5,3,0,negative,True,0.41974318,0.1939757,0.30811387,0.078167185,1
744768390,2,색상은 그레이인데 인기가 젤 없는듯요?,galaxy_z_fold7,5,3,1,weak_negative,True,0.13941841,0.5007019,0.27718815,0.08269151,2
745309750,7,여러 앱을 동시에 실행해도 끊김,galaxy_z_fold7,5,3,1,weak_negative,True,0.34830168,0.49748573,0.1387978,0.015414782,0
744546435,2,는 이유로 더 이상 두께랑 무게 감수 안 해도 됨.,galaxy_z_fold7,5,3,1,weak_negative,True,0.1248044,0.5121347,0.31916973,0.043891165,2
798822880,11,대화면을 경험하면 다시는 일반 폰으로 돌아가,galaxy_z_fold7,5,3,1,weak_negative,True,0.40535134,0.40912968,0.1563335,0.029185496,3
798822880,30,시간이 지나면 익숙해지긴 합니다.,galaxy_z_fold7,5,3,1,weak_negative,True,0.14555022,0.511754,0.31048062,0.03221512,2
798822880,36,"비추천 대상: 휴대폰을 단순히 전화, 메시지 용도로만 사용하고 얇고 가벼운 폰을 선호하시는 분들은 일반 바(Bar) 타입 스마트폰이 더 적합할 수 있습니다.",galaxy_z_fold7,5,3,0,negative,True,0.38256103,0.24330857,0.31294453,0.061185822,3
744917638,6,어차피 잘 안떨어뜨리고 잔기스야,galaxy_z_fold7,5,3,1,weak_negative,True,0.24428251,0.3942832,0.3168077,0.044626605,2
744806986,1,지금 일하고 있는데 몰래 리뷰를 달고있어요 ㅎㅎ;;;,galaxy_z_fold7,5,3,0,negative,True,0.5089734,0.26823506,0.18211067,0.040680844,1
769702327,1,하는 내면의 호통이었습니다.,galaxy_z_fold7,5,3,0,negative,True,0.45840696,0.3072011,0.20783466,0.026557282,2
769702327,4,그건 바로 s펜 미지원이죠.,galaxy_z_fold7,5,3,0,negative,True,0.48161995,0.3294806,0.16751198,0.021387551,4
744801914,1,역시 쿠팡 이리 빨라도 되나요,galaxy_z_fold7,5,3,0,negative,True,0.34973636,0.23138753,0.2161939,0.20268218,1
744801914,4,옮기시기전에 보호기능 가입 되어있으신경우 해제하고 옮기시를 권유드려요!,galaxy_z_fold7,5,3,0,negative,True,0.3834896,0.25063366,0.3209548,0.044921912,3
833636805,2,써있는게 1시간4분이지 충전하면서 하니 시간 더 걸림..,galaxy_z_fold7,5,2,1,weak_negative,True,0.1813532,0.58554274,0.21624574,0.01685825,3
833636805,3,다는것도 빨리 닳것같은데...,galaxy_z_fold7,5,2,1,weak_negative,True,0.16924962,0.5980352,0.21201602,0.02069908,2
761727800,2,"제품에 대한 만족도는 크지만
고가의 제품을 판매, 배송하면서
뽁뽁이 하나 없는건 좀 실망입니다",galaxy_z_fold7,5,2,1,weak_negative,True,0.38433993,0.39733034,0.19757229,0.020757368,1
753218110,4,와우 적립 아직 안되었는데 적립좀 시켜주세요.,galaxy_z_fold7,5,3,0,negative,True,0.39614254,0.35389286,0.19566318,0.054301444,1
756727039,2,당분간은 다시 돌아갈 일 없을 것 같습니다.,galaxy_z_fold7,5,3,0,negative,True,0.38874087,0.3270345,0.22529799,0.058926687,2
756727039,8,암튼 고민은 정말 배송만 늦출 뿐이었습니다.,galaxy_z_fold7,5,3,1,weak_negative,True,0.13329302,0.3885578,0.37160546,0.10654372,1
843209655,1,다만 배송시 패키지에 완충제 전혀 없이 온다는게 가격에 비해 볼품없습니다.,galaxy_z_fold7,5,2,0,negative,True,0.41826704,0.34324735,0.21551962,0.022966007,1
843209655,2,식료품 주문시에는 과대포장이 엄청난데 고가 제품은 정말 형편없는 포장배송이였습니다.,galaxy_z_fold7,5,2,0,negative,True,0.46778837,0.38817722,0.12616643,0.017867967,1
843675174,2,"근데 여성분이 쓰기엔별로일수도..
영상이나 게임 안하고 주로 카톡,웹툰,소설 보는데 펼쳐서 사용하는걸 자꾸 까먹어요",galaxy_z_fold7,5,3,1,weak_negative,True,0.3003581,0.5074962,0.16464157,0.027504124,0
744566430,4,금액이 비싼거랑 생각보다 카메라가 오잉?,galaxy_z_fold7,5,3,1,weak_negative,True,0.22507755,0.5693518,0.17622034,0.029350348,4
744566430,5,카메라 필름을 붙여서 그런건지 아님 원래 그런건지는 모르지만 엄청 좋다는 생각은 안들더라구요,galaxy_z_fold7,5,3,1,weak_negative,True,0.15394439,0.55216205,0.2593052,0.034588367,4
744960408,2,어차피 s펜은 있어도 잘 안씀.,galaxy_z_fold7,5,3,1,weak_negative,True,0.28378654,0.47652403,0.21870592,0.020983517,4
744960408,4,월요일 배송 받고 유심까지 신청했는데..,galaxy_z_fold7,5,3,1,weak_negative,True,0.100729264,0.4936839,0.36797467,0.03761209,1
744960408,5,"오늘 도착 한다고 목빠지게 기다리고 있었는데, 안옴.",galaxy_z_fold7,5,3,1,weak_negative,True,0.21018524,0.48456752,0.26247227,0.04277505,1
744960408,6,우체국 아저씨 휴무이신듯 ㅠ,galaxy_z_fold7,5,3,1,weak_negative,True,0.29746526,0.5407652,0.14522131,0.016548222,1
744932506,6,가격은 진짜 사악하긴 한데...,galaxy_z_fold7,5,3,1,weak_negative,True,0.11499211,0.49491027,0.35764313,0.032454442,5
744773280,0,장점 3 단점 3 1. 액정 화면이 넓어짐,galaxy_z_fold7,5,2,1,weak_negative,True,0.10369811,0.50487685,0.35949284,0.031932153,4
744773280,7,"5. 배터리 용량이 늘지 않아 아쉬움

6. S펜 사라짐",galaxy_z_fold7,5,2,1,weak_negative,True,0.18788669,0.619853,0.17925195,0.013008302,4
821575061,0,"폴드7 다른 말 필요한가 유투브에서 많이들 하는말 뭐 카툭튀가 어떠니 펀치홀이 생겼느니 s펜이 안되느니
다 소용없습니다",galaxy_z_fold7,5,3,0,negative,True,0.75114864,0.15794599,0.06213976,0.028765537,4
821575061,1,그냥 무게가 저 이유들 다 이기고요,galaxy_z_fold7,5,3,0,negative,True,0.47793144,0.3955238,0.1017202,0.024824543,2
745228851,2,대신에  뭐가 뭔지 잘 몰라서 하루종일 폴드 공부만 했네용,galaxy_z_fold7,5,3,1,weak_negative,True,0.09228318,0.52658385,0.34322914,0.03790387,2
855278268,0,"대학생기념으로...
그런데아직은비싸요",galaxy_z_fold7,5,2,1,weak_negative,True,0.10129907,0.61831653,0.23722474,0.04315975,5
781632652,4,물론 설정에서 강제로 돌려주면 되긴 합니다.,galaxy_z_fold7,5,3,0,negative,True,0.39912945,0.28848436,0.27099913,0.041387063,2
781632652,7,그리고 패드처럼 연결없는 자체 dex 모드 지원은 하지않습니다. ㅠ,galaxy_z_fold7,5,3,1,weak_negative,True,0.2480371,0.5440557,0.18484442,0.023062764,3
745002065,1,처음엔 원래 쓰던 25 울트라로 돌아가야,galaxy_z_fold7,5,3,1,weak_negative,True,0.08825812,0.47721896,0.3799544,0.054568436,3
744657136,2,S-Pen 사용 불가로 S펜 하드 유저들은 많이 아쉬울 수 있음.,galaxy_z_fold7,5,2,1,weak_negative,True,0.13432202,0.5240046,0.32021952,0.021453902,4
744657136,3,배터리 충전 속도 25w로 좀 아쉬움,galaxy_z_fold7,5,2,1,weak_negative,True,0.15213141,0.5350805,0.29543015,0.017357986,3
746081191,2,유튜브 틀어서 넓게보는순간 이건 사야된다,galaxy_z_fold7,5,3,0,negative,True,0.31259933,0.19485487,0.25281516,0.23973067,0
760359116,3,폴드8이 나온다고 하더라도 이젠 못 삽니다 ㅋㅋㅋ,galaxy_z_fold7,5,3,1,weak_negative,True,0.13012959,0.44633284,0.30050147,0.1230361,3
744587339,1,오래동안 폴드2 사용자였는데 이번에 그냥 폴드 제품군으로 눌러앉게 만들었네요.,galaxy_z_fold7,5,3,0,negative,True,0.39369425,0.3030558,0.23608413,0.06716587,3
745455558,1,"쿠팡 보상 절대 비추 합니다
삼성  서비스센터에서 외관 전체 올갈이해서 보냈는데도 B급 판정 줍니다.",galaxy_z_fold7,5,0,0,negative,True,0.8093885,0.14618024,0.036100026,0.008331151,1
745455558,2,검수 사진 같은 것도 전혀 없습니다.,galaxy_z_fold7,5,0,0,negative,True,0.6857209,0.19632751,0.09632296,0.021628642,1
745455558,3,다음에는 보상 믿고 쿠팡에서 살 일은 없을거 같습니다.,galaxy_z_fold7,5,0,1,weak_negative,True,0.25929832,0.43532792,0.22895274,0.07642101,1
747363423,4,박스나 완충재가 약간 부족합니다,galaxy_z_fold7,5,3,1,weak_negative,True,0.3240554,0.43104234,0.2296182,0.015284067,1
746212218,3,더 할 수 있는데 다음 세대를 위해 남겨둔 느낌이라 아쉬운 것들이 보였거든요.,galaxy_z_fold7,5,3,1,weak_negative,True,0.29114756,0.3587192,0.30247182,0.04766134,2
745494599,1,"일렉트로마트를 가면안됏는데 ㅇㅈㅇ 
만져보고 우와...",galaxy_z_fold7,5,3,1,weak_negative,True,0.143153,0.36148897,0.3338806,0.16147743,2
748232300,4,단점이라면 얇은게 강점인데 케이스를 끼우면 별로라는거?,galaxy_z_fold7,5,3,1,weak_negative,True,0.07498103,0.47281298,0.40721753,0.044988517,2
747387606,5,다음엔 망원까지 제대로 넣어 주는건 아니닐런지 ㅎㅎ,galaxy_z_fold7,5,3,1,weak_negative,True,0.19670595,0.6444178,0.147057,0.011819236,2
749706423,3,"아 그리고 내부 액정스티커는 절대로 떼지마시고 그대로 쓰시다가

정품으로 체인지하세요",galaxy_z_fold7,5,2,0,negative,True,0.5314574,0.32971686,0.124054104,0.014771592,1
745615597,4,다만 카메라는 보기 안이뻐요.,galaxy_z_fold7,5,3,1,weak_negative,True,0.1894332,0.4868506,0.28572795,0.03798829,4
779610707,1,200만원이 넘는 고가의 물건을 뽁뽁이 하나 없이 배송하는 깡이 대단해요!!,iphone_17_pro_max,1,3,0,negative,True,0.52843034,0.23027305,0.20256308,0.038733568,1
779610707,2,물건은 정상 작동 합니다!!,iphone_17_pro_max,1,3,1,weak_negative,True,0.24768828,0.42221615,0.28699914,0.043096446,2
861091827,0,진짜 ㅅ 벌 쿠팡 관리좀 쳐해라 200만원짜리를 팔면 상품 관리좀 해라 선물주는건데 아이폰 박스가 찌그러져있질 않나 떼가 껴있지 않나 포장은 ㅅ벌 뽁뽁이에 테이프한번 안감고 열어보니까 혼자 나뒹굴고 있고 이럴거면 뭐하러 포장하냐 걍던져주지,iphone_17_pro_max,1,0,0,negative,True,0.8493954,0.120723546,0.02372272,0.006158322,1
770041784,0,"쿠팡에서 배송이 빠르다고 해서 기대하고 박스를 열었는데, 이건 좀 아니지 않나요?",iphone_17_pro_max,1,0,0,negative,True,0.55855197,0.3439107,0.084676094,0.012861265,1
770041784,1,최소한 제품이 고정될 수 있도록 에어랩(뽁뽁이)라도 넣어주는 것이 상식 아닌가요?,iphone_17_pro_max,1,0,0,negative,True,0.74694824,0.13790633,0.09715656,0.017988838,1
770041784,2,"이백만 원이 넘는 기기를 아무런 포장 없이, 제품보다 훨씬 큰 박스에 담아 흔들리게 보내는 방식은 분명 문제가 있다고 생각합니다.",iphone_17_pro_max,1,0,0,negative,True,0.55773664,0.24835771,0.16782004,0.026085693,1
770041784,4,"다행히 잘 찍어두긴 했습니다만, 정말 실망스러워서 이렇게 리뷰를 남깁니다.",iphone_17_pro_max,1,0,0,negative,True,0.4040648,0.34555852,0.20355341,0.046823304,1
772215752,0,"배송 최악 쿠팡 포장이 늘 별로,배송 기사 늘 최악 230만 폰 그냥 던져 ㅋㅋㅋㅋㅋ 참",iphone_17_pro_max,1,1,1,weak_negative,True,0.40475336,0.44047678,0.14137463,0.01339523,1
865807426,0,"고가상품 포장미흡·요청미반영·포장 부실로 인한 교환불가 고가 제품(약 320만원)을 선물 용도로 구매하면서,
배송 중 파손 우려가 있어 구매후 따로 시간을 들여서 고객센터를 통해 완충 포장 요청을 별도로 전달했습니다.",iphone_17_pro_max,1,0,0,negative,True,0.52211654,0.14701188,0.29052114,0.04035046,1
865807426,1,"상담사는 해당 요청을 전달하겠다고 안내했으나,
실제 배송된 상품은 뽁뽁이나 완충재 없이 택배 상자 안에 제품 박스만 단독으로 들어 있는 상태였습니다.",iphone_17_pro_max,1,0,0,negative,True,0.5165751,0.3063836,0.1594356,0.017605696,1
865807426,2,이로 인해 선물할 제품 박스에 스크래치 및 일부에 경미한 손상이 발생했습니다.,iphone_17_pro_max,1,0,1,weak_negative,True,0.18968548,0.52933574,0.2627533,0.018225536,1
865807426,3,"이후 고객센터에 문의한 결과,
제품 자체에 이상이 없다는 이유로 포장 부실로 인한 교환은 어렵고 환불 후 재구매만 가능하다는 안내를 받았습니다.",iphone_17_pro_max,1,0,0,negative,True,0.527471,0.2634892,0.18331373,0.025726104,1
865807426,4,또한 재구매 시에도 전달은 하겠지만 동일한 포장 문제가 발생하지 않는다는 보장은 어렵다는 개인적으로 무책임하다고 느낀 답변을 받았습니다.,iphone_17_pro_max,1,0,0,negative,True,0.64776653,0.21998078,0.11689234,0.015360421,1
865807426,6,":
	•	별도로 요청한 배송 관련 사항이 실제로 반영되었는지 소비자가 확인할 수 있는 구조가 아님
	•",iphone_17_pro_max,1,0,0,negative,True,0.41392726,0.28474435,0.2903758,0.0109526105,1
865807426,7,"요청이 전달되더라도 현장에서 어떻게 처리되는지 알 수 없음
	•",iphone_17_pro_max,1,0,1,weak_negative,True,0.30876642,0.47588864,0.2022616,0.013083389,1
865807426,8,"동일한 문제가 반복되지 않는다는 보장이 어려운 시스템

       •	 제품 리뷰에 보면 포장 부실로 인한 문제가 여러개 공유되어 쉽게 확인 가능함에도 아직도 개선되지 않음",iphone_17_pro_max,1,0,0,negative,True,0.682323,0.20838216,0.096389845,0.0129049895,1
865807426,9,"개인적인 경험이지만,
고가 제품 배송 및 고객 요청 처리 과정에서 개선이 필요하다고 느꼈습니다.",iphone_17_pro_max,1,0,1,weak_negative,True,0.2768342,0.35517752,0.33907565,0.028912693,1
865807426,10,동일한 상황을 겪는 소비자가 없기를 바라는 마음에서 공유합니다.,iphone_17_pro_max,1,0,1,weak_negative,True,0.17452471,0.36996204,0.35858935,0.096923895,1
769801960,0,귀찮아서 리뷰 안쓰는데 어이가 없어서 남깁니다.,iphone_17_pro_max,1,0,0,negative,True,0.6234554,0.15680403,0.16640924,0.053331356,1
769801960,1,아이폰 두개 구매했는데 그나마 어제 받은건 뽁뽁이에 말아서라도 왔으나 오늘건 아예 뽁뽁이 메모지만한거 한장 박스에 대충 넣고 그대로 휴대폰을 넣어서 보냈습니다.,iphone_17_pro_max,1,0,0,negative,True,0.63205856,0.27737916,0.07646826,0.014094013,1
769801960,3,200만원짜리 전자 기기를 이렇게 보냅니까?,iphone_17_pro_max,1,0,0,negative,True,0.77331436,0.18644695,0.033659182,0.006579531,1
769801960,4,포장도 엉망. 배송도 엉망 진짜 짜증나네요.,iphone_17_pro_max,1,0,0,negative,True,0.52516013,0.40073332,0.062784195,0.011322346,1
769801960,5,매년 쿠팡에서 아이폰 사전예약해서 샀는데 앞으로는 사기 싫습니다.,iphone_17_pro_max,1,0,0,negative,True,0.41029596,0.3680206,0.13926554,0.08241795,1
769725542,0,상품 스크래치 받자마자 확인했는데 기기 외관에 스크래치가 있었습니다.,iphone_17_pro_max,1,1,1,weak_negative,True,0.2155076,0.38980317,0.3790009,0.015688319,1
769725542,1,쿠팡 고객센터에 문의했더니 재고 문제로 교환은 불가하고 환불만 가능하다고 안내받았습니다.,iphone_17_pro_max,1,1,1,weak_negative,True,0.28842267,0.4449934,0.24633965,0.0202443,1
783352420,0,180만원대 전자제품인데 달랑 박스에 뽁뽁이도 없이 오네요;;,iphone_17_pro_max,1,0,0,negative,True,0.4597699,0.3783929,0.14304827,0.01878886,1
783352420,1,상품평 보니까 뽁뽁이로 포장되는것도 랜덤인거 같던데 고객센터에 문의해도 의견전달은 하고 교환 배송시 개선될지 안될지는 모른다는데 이게 맞나 싶네요..,iphone_17_pro_max,1,0,0,negative,True,0.7320389,0.2079085,0.05130089,0.008751755,1
783352420,2,그냥 집 앞 휴대폰 대리점에서 사는게 좋을듯 싶어요.,iphone_17_pro_max,1,0,1,weak_negative,True,0.22192697,0.41127083,0.3061414,0.06066078,3
788406419,0,"제가 운이 좋은 건 아니지만, 공장에서 스크래치가 난 제품을 사면 항상 반품하곤 합니다.",iphone_17_pro_max,1,0,0,negative,True,0.42046237,0.4174365,0.14491516,0.017185943,1
790581381,0,보상판매 할거면 무조건 애플 매장으로 가세요,iphone_17_pro_max,1,0,0,negative,True,0.76793563,0.17050478,0.04665162,0.014907882,3
790581381,1,"온갖 트집 다 잡아서 가격 다 깍고 

외관 새거 바로 뜯어 줘도 s급 안나옴

보통 B C 이하 나와서 보상판매 s급 대비 절반 주면 다행

매장 가면 재고 있으니까 쿠팡 기다리지 말고

바로 사세요",iphone_17_pro_max,1,0,0,negative,True,0.73353654,0.11559181,0.100431696,0.05044,1
782745332,0,아니 이렇게 포장도 제대로 안 하고 비싼 제품을 배송하면 말이 됩니까?,iphone_17_pro_max,1,0,0,negative,True,0.8159602,0.14415875,0.032797687,0.007083348,1
782745332,1,문 앞에 뚝 턴지고… 다시 쿠팡으로 사지 말아야겠네,iphone_17_pro_max,1,0,1,weak_negative,True,0.41316628,0.52261364,0.057033706,0.0071863784,1
818139828,0,별 1개준것은 왜 포장지에 뽁뽁이하나 재대로 안싸고 배송하나요,iphone_17_pro_max,1,0,0,negative,True,0.49407157,0.45013005,0.050005384,0.0057930443,1
818139828,1,그리고 던지고 핸드폰이 충격에 약한거 모르시나요?,iphone_17_pro_max,1,0,0,negative,True,0.38958687,0.38246074,0.19682106,0.031131307,1
818139828,2,200만원이 넘는 제품 포장하나 재대로 안해서 겁나 충격먹었을거같은데,iphone_17_pro_max,1,0,0,negative,True,0.68964237,0.24482252,0.05789612,0.007639036,1
776020036,0,2백만원이 넘는 모델인데 와충제도 없이 박스 안에 이렇게 오는게 맛는건가요?,iphone_17_pro_max,1,0,0,negative,True,0.7619348,0.1855135,0.044034436,0.008517245,1
848558450,0,고가의 휴대폰이라 배송을 경비실로 해놨는데 집앞에 두고,iphone_17_pro_max,1,0,1,weak_negative,True,0.23220767,0.5662938,0.18069424,0.020804398,1
769724259,0,포장상태 매우부실 ㅋㅋ 포장보고 어이가없음,iphone_17_pro_max,1,1,1,weak_negative,True,0.18476312,0.6980184,0.10969401,0.0075245593,1
769872028,0,상태가 너무 더러워서  교환 신청중,iphone_17_pro_max,1,0,0,negative,True,0.6859007,0.23895621,0.06629948,0.008843599,1
826097912,0,그래도 200만원 넘는 제품인데..,iphone_17_pro_max,1,0,0,negative,True,0.44851384,0.33687,0.18734442,0.027271753,1
826097912,1,뽁뽁이 한장 밑에 깔고 상자는 커서 아이폰은 지 맘대로 돌아다니고...,iphone_17_pro_max,1,0,1,weak_negative,True,0.21654251,0.59709,0.1639457,0.022421755,3
834634823,0,진짜 10만원짜리 물건 도 아니고 200만원 물건인데.,iphone_17_pro_max,1,0,0,negative,True,0.54438657,0.371503,0.07456559,0.0095448755,1
834634823,1,포장 좀 신경 쓰세요 ……..,iphone_17_pro_max,1,0,1,weak_negative,True,0.08919734,0.62105846,0.27539086,0.014353316,1
851928710,0,박스상태는 멀쩡한데 그래도 비싼 폰인데 보호랩핑이런거 없이 쌩으로왔네,iphone_17_pro_max,1,1,0,negative,True,0.5144018,0.41758502,0.062052984,0.005960156,1
881981274,0,장난치는 것도 아니고 바로 처리 되는 것도 아니고 며칠동안 담당부서에서 전화한다고 기다리라는데 참 에휴,iphone_17_pro_max,1,0,0,negative,True,0.7064694,0.22551796,0.059976287,0.008036342,1
769774806,0,200만원이 넘는 고가제품을 뽁뽁이하나 없이 상자 안에서 다 흔들리게 이렇게 보내는게 맞는건가요?,iphone_17_pro_max,2,0,0,negative,True,0.8333888,0.1269852,0.032678246,0.00694771,1
823099954,6,다만 하부 스피커 쪽에 아주 미세한 스크래,iphone_17_pro_max,3,2,1,weak_negative,True,0.18698367,0.5314521,0.2602142,0.021349993,2
804724745,0,생일선물인데 이돈이면 흠....,iphone_17_pro_max,3,2,1,weak_negative,True,0.18758003,0.6366708,0.14692636,0.028822776,1
836204252,0,화면을 다 지우고 다른 앱으로 들어갈 때 전에 화면이 조금 남아 있음.,iphone_17_pro_max,3,1,1,weak_negative,True,0.10847637,0.5086285,0.35345447,0.029440684,0
836204252,1,사진도 예전이랑 버전이 다르게 만들어서 찍을때 화면 흔들림이 넘 심함.,iphone_17_pro_max,3,1,1,weak_negative,True,0.15465133,0.70224893,0.13043584,0.012663836,4
836204252,2,게임도 게임모드 했음에도 불과하고 밑 버튼쪽으로 살짝 누르면 화면을 바꾸는 버튼이 자꾸 뜨면서 핸들 버튼이 오작동 남.,iphone_17_pro_max,3,1,0,negative,True,0.47642058,0.39315397,0.11985341,0.010572024,0
822056497,0,그런데 쿠팡 포장이  박스하나에 뽁뽁이 포장도 없이 아이폰 박스 닥하나 놓는거는 아닌거 같아요,iphone_17_pro_max,3,1,0,negative,True,0.5120084,0.38562164,0.095440045,0.0069299145,1
782270997,0,"뽁뽁이도 안 감아써고 딸랑 비싼폰을 박스에 넣어 안에서 막부디치며 던지고 햇을건데 ㅠㅠ
새하얀 폰박스겉에눈 까맣게 때가 가득 묻어잇고 ㅠㅠ",iphone_17_pro_max,3,1,0,negative,True,0.61961627,0.32065204,0.051262863,0.008468772,1
800101319,0,재품은 사용 안 햇지만 포장은 완전 마음에 안들어요,iphone_17_pro_max,3,0,1,weak_negative,True,0.2326507,0.56875855,0.17512865,0.023462145,1
800101319,1,제품 포장할때 소비자 생각할 필요해요,iphone_17_pro_max,3,0,0,negative,True,0.47473586,0.28421062,0.21682143,0.024232129,1
800101319,2,이거 누가 말해서 하는거 아니잖아요,iphone_17_pro_max,3,0,0,negative,True,0.86623174,0.07860228,0.04370721,0.011458764,1
767398544,0,선물 포장비 결제 했는데 그냥 핸드폰만 왔네요 ㅠㅠ,iphone_17_pro_max,3,1,1,weak_negative,True,0.194186,0.45183706,0.33364657,0.020330416,1
770610199,2,그래서 한손으로 뭘 하기엔 힘들어여.,iphone_17_pro_max,4,2,1,weak_negative,True,0.17783369,0.5262288,0.27160537,0.024332203,2
880683049,8,단점가격 이 확실히부담됐음 .,iphone_17_pro_max,5,3,1,weak_negative,True,0.09732598,0.63032037,0.24369912,0.028654492,5
880683049,10,"크기랑 무게가있어서 한 손사용 은조금불편했음
.",iphone_17_pro_max,5,3,1,weak_negative,True,0.049426552,0.45906684,0.45294198,0.038564563,2
880683049,12,"카메라성능좋은만큼일반사용자기준 에서는 기능을다활용못
하는느낌도있 었음 .",iphone_17_pro_max,5,3,1,weak_negative,True,0.10816786,0.5843952,0.2869114,0.02052563,4
867670853,5,속도도 확실히 빠르고 앱 전환이나 게임할 때 끊김,iphone_17_pro_max,5,3,1,weak_negative,True,0.106845886,0.4150473,0.40671977,0.07138704,0
851775631,10,1TB는 오바인가 했는데 전혀요.,iphone_17_pro_max,5,3,0,negative,True,0.42561772,0.3043931,0.19993286,0.070056334,5
851775631,17,근데 맥스 첨드는데 무게 14프로랑 비슷해요..ㅋㅋㅋㅋㅋㅋㅋㅋㅋㅋ,iphone_17_pro_max,5,3,1,weak_negative,True,0.07114021,0.45197546,0.39265254,0.08423182,2
848888093,2,영상 촬영 시 피사체 초점이 바뀔 때마다 화면이 미세하게 흔들리거나 화질이 뭉개지는 현상이 늘 아쉬웠어요.,iphone_17_pro_max,5,3,1,weak_negative,True,0.16444975,0.5207673,0.29227334,0.022509633,4
848888093,8,특히 초점 대상을 변경할 때 끊김,iphone_17_pro_max,5,3,1,weak_negative,True,0.36433968,0.45997018,0.16148058,0.014209579,0
851545567,7,"크기 와무게화면
이크고 무게
감이있 어한 손사용시 불편 할 수 있습니다 .",iphone_17_pro_max,5,3,1,weak_negative,True,0.23850049,0.38093206,0.34450662,0.036060836,2
851545567,8,"확장 성 제한외장메모리슬롯이 없어
저장 용량선택을구매 시에 만결정해야합니다 .",iphone_17_pro_max,5,3,1,weak_negative,True,0.3674497,0.37775782,0.22970413,0.025088347,2
851545567,9,"i OS제한시스템커 스터마이

즈가A nd
roi d에비해제한적 입니다.",iphone_17_pro_max,5,3,1,weak_negative,True,0.30878583,0.4312088,0.23617516,0.023830207,3
847900858,2,본체가 알루미늄이라서 스크래치에 약하다고는 하던데 ...,iphone_17_pro_max,5,3,1,weak_negative,True,0.0727225,0.53731275,0.35669637,0.033268385,2
832016072,5,게임이나 동영상 편집 같은 작업에서도 전혀 끊김,iphone_17_pro_max,5,3,1,weak_negative,True,0.2875603,0.458875,0.23944496,0.014119698,0
865758291,17,"남자들은 괜찮을거같아요

❤️",iphone_17_pro_max,5,3,1,weak_negative,True,0.0756305,0.52254456,0.3543505,0.047474403,2
814356404,13,박스를 살짝 기울이면 내부에서 흔들림,iphone_17_pro_max,5,3,1,weak_negative,True,0.23060413,0.42782313,0.30565196,0.0359208,1
813764347,29,또 256GB는 사진&amp;amp;영상 촬영을 많이 하는 사용자라면 몇 년 뒤 부족할 수 있어 이 부분은 구매 전에 고민이 필요합니다.,iphone_17_pro_max,5,3,0,negative,True,0.3206163,0.2937763,0.31545728,0.07015011,2
794719782,29,"첫째, 가격이 상당히 높아요.",iphone_17_pro_max,5,3,1,weak_negative,True,0.33522707,0.42245385,0.21684182,0.025477186,5
794719782,31,"둘째, 크기와 무게가 사람에 따라 호불호가 있을 수 있어요.",iphone_17_pro_max,5,3,1,weak_negative,True,0.14483587,0.40921322,0.38033172,0.06561917,2
790184663,3,"그만큼 인기가 많은건지 
수량예측을 잘못한건지 돈을 주고도 못구하는 제품이 되었습니다.",iphone_17_pro_max,5,3,0,negative,True,0.366829,0.35786313,0.21507424,0.060233615,1
790184663,14,무게나 그립감에 발전이 있었는지 그런느낌이 별로 없었습니다.,iphone_17_pro_max,5,3,1,weak_negative,True,0.111074895,0.6254953,0.23540987,0.028019894,2
787497704,6,저는 완충재 들어있긴 했어요,iphone_17_pro_max,5,3,1,weak_negative,True,0.15054022,0.44993436,0.36778346,0.03174194,1
787497704,7,"근데 아이폰 박스를 감싸고 있는게 아니라
그냥 위에 올려만 뒀더라구요..",iphone_17_pro_max,5,3,1,weak_negative,True,0.23449978,0.5615386,0.18840969,0.015551952,3
787497704,12,"유튜브로 볼 땐 투톤 컬러 별로였는데
실물 받아보니 투톤은 크게 거슬리지 않고
그냥 알루미늄 자체가 좀 보기 싫을 뿐...",iphone_17_pro_max,5,3,1,weak_negative,True,0.10291433,0.45653445,0.38079792,0.05975331,4
787497704,16,미적 갬성을 버리고 발열잡는데 올인하더니 그 효과는,iphone_17_pro_max,5,3,1,weak_negative,True,0.3227166,0.5756931,0.08884314,0.012747169,3
787497704,17,"근데 저같은 사용자 입장에서는 충전 발열 좀 있더라도
티타늄이나 스테인레스 쓰고 예쁜게 더 좋은데... 

❤️",iphone_17_pro_max,5,3,1,weak_negative,True,0.13845019,0.4475826,0.37064207,0.043325156,2
787497704,28,아직까지 고스트 현상이 여전해서 야간 촬영은 짜증납니다.,iphone_17_pro_max,5,3,1,weak_negative,True,0.25842902,0.5322881,0.18396184,0.025321113,4
787497704,29,"이것마저도 아이폰 감성이라는 사람도 있던데
수정보완해야할 점들은 제발 다 같이 강하게 요구해야합니다;;",iphone_17_pro_max,5,3,0,negative,True,0.6142462,0.19983844,0.15640742,0.029507913,3
787497704,30,"갤럭시는 점점 더 빛반사 잡고 고스트 거의 없애줬는데
아이폰은...갤럭시보다 더 비싼 놈이 이러니...",iphone_17_pro_max,5,3,1,weak_negative,True,0.37328592,0.4777295,0.1260823,0.022902284,3
787497704,31,아니었으면 17프맥 안 샀을겁니다;;,iphone_17_pro_max,5,3,1,weak_negative,True,0.18331972,0.4745669,0.274364,0.06774941,2
787497704,35,"*2주 써보니 쨍한 날엔 줌 괜찮은데 저조도에서 별로네요

❤️",iphone_17_pro_max,5,3,1,weak_negative,True,0.1269556,0.65421623,0.1881928,0.03063546,4
787497704,37,이게 궁금해서 사시는 분들이라면 말리고 싶습니다.,iphone_17_pro_max,5,3,0,negative,True,0.5834205,0.25438312,0.11806539,0.04413105,1
786201349,7,"앱을 열고 닫을 때, 사진을 스크롤할 때, 모든 동작이 끊김",iphone_17_pro_max,5,3,1,weak_negative,True,0.2710701,0.55623347,0.16119899,0.0114974715,0
785857394,1,그래도 쿠팡만큼 믿을 만한 곳이 없더라고요.,iphone_17_pro_max,5,3,0,negative,True,0.4874312,0.32690507,0.15375884,0.03190487,1
785857394,4,그 허탈함이란 정말 말도 못 합니다.,iphone_17_pro_max,5,3,1,weak_negative,True,0.34401706,0.4143819,0.2114966,0.030104436,2
785857394,5,포기하기 싫어서 계속 새로고침하다가 9시 52분쯤 다시 확인했는데 재고가 갑자기 생긴 거 있죠.,iphone_17_pro_max,5,3,0,negative,True,0.36181232,0.23455493,0.28829738,0.11533535,2
784115603,13,하지만… 쿠팡 배송 포장에는 솔직히 좀 실망.,iphone_17_pro_max,5,3,1,weak_negative,True,0.0837786,0.47207054,0.41643357,0.02771723,1
784115603,14,"완충재가 아예 없어서 아이폰 박스가 택배박스 안에서 덜렁
왔어요.",iphone_17_pro_max,5,3,1,weak_negative,True,0.1273394,0.6751456,0.18059576,0.016919252,1
784115603,15,고객센터 전화오니 제품문제있음,iphone_17_pro_max,5,3,0,negative,True,0.6362598,0.24804235,0.10590301,0.009794822,1
784115603,16,"당연히 반품된다며
걱정을 덜어주셨어요",iphone_17_pro_max,5,3,0,negative,True,0.3589253,0.2860945,0.30980983,0.04517037,1
777163956,17,손 작으신 분들은 한 손 사용 힘들 거예요.,iphone_17_pro_max,5,3,1,weak_negative,True,0.23117724,0.4849758,0.26236483,0.021482132,2
777163956,18,저도 남자인데 한 손으로 쓰기엔 버거워요.,iphone_17_pro_max,5,3,1,weak_negative,True,0.22921634,0.3819993,0.34512973,0.043654606,2
777163956,19,오래 들고 있으면 손목 아파요 ㅋㅋ,iphone_17_pro_max,5,3,1,weak_negative,True,0.3804574,0.44314182,0.16002053,0.016380355,2
777163956,35,게임할 때 프레임 안 떨어지는 정도?,iphone_17_pro_max,5,3,1,weak_negative,True,0.1910527,0.45999092,0.29597393,0.052982405,0
777163956,57,근데 긁힘은 생길 수 있어요.,iphone_17_pro_max,5,3,1,weak_negative,True,0.25954297,0.39790624,0.3255599,0.016990865,2
777163956,58,조심해서 써도 미세한 스크래,iphone_17_pro_max,5,3,1,weak_negative,True,0.15521847,0.5453678,0.26013604,0.039277703,2
777163956,62,"● 아쉬운 점

굳이 말하자면 무게가 좀 나가는 거?",iphone_17_pro_max,5,3,1,weak_negative,True,0.07315686,0.55029494,0.3477113,0.028836906,2
777163956,63,그리고 16이랑 엄청 차이 나진 않아요.,iphone_17_pro_max,5,3,1,weak_negative,True,0.08967809,0.4736089,0.37000883,0.066704206,2
777163956,64,혁신적인 업그레이드는 아니에요.,iphone_17_pro_max,5,3,1,weak_negative,True,0.20264213,0.40063655,0.33419204,0.062529325,2
777163956,66,16 쓰시는 분들은 고민해보세요.,iphone_17_pro_max,5,3,1,weak_negative,True,0.22967197,0.48833272,0.2226654,0.059329886,5
770403752,2,"기존 갤땡 울트라25 사용했었고, 속도 저하 게임핑이라고 하죠.",iphone_17_pro_max,5,3,1,weak_negative,True,0.10402466,0.45830312,0.36401,0.07366221,3
770403752,3,발열이 심해지면 성능 저하가 매우 두드러지게 나타납니다.,iphone_17_pro_max,5,3,1,weak_negative,True,0.171774,0.48326695,0.32283026,0.022128653,3
770403752,5,냉각 시스템 기대하지 않았습니다.,iphone_17_pro_max,5,3,1,weak_negative,True,0.24398522,0.3978077,0.32717398,0.031033123,3
770403752,6,"근데 갤땡과 비교 발열이 아예 없다는 거는 거짓말이고,

괜찮은데 속도 저하 현상 없는데?",iphone_17_pro_max,5,3,1,weak_negative,True,0.4100753,0.4433609,0.1266142,0.019949606,3
769842938,2,"그래도 안에는 보강 포장이 되어있어 다행이다 싶었는데
이번엔 박스 케이스가 손상되어 있는걸 봐서 이 부분도
조금 아쉬웠던 것 같아요",iphone_17_pro_max,5,3,1,weak_negative,True,0.15608186,0.51304716,0.30972084,0.021150172,1
769094462,1,"기스나 흠집이 있는건 온오프라인 어디에서 사도 워낙 랜덤이라 그렇긴한데, 포장이 꼼꼼하지 않으면 배송중에 많이 흔들리고 눌릴까봐 걱정이되죠~",iphone_17_pro_max,5,3,0,negative,True,0.42658365,0.33060533,0.22348337,0.0193277,1
769094462,2,가끔 중간에 사라진다는 말도 있고 가격대가 높은 최신형 아이폰은 특히 걱정이 되더라구여,iphone_17_pro_max,5,3,1,weak_negative,True,0.29950303,0.4177151,0.24007842,0.042703375,3
769094462,8,예전처럼 핸드폰 산다고 서비스 챙겨주는 것도 없고 사전예약 혜택도 거의 없어요,iphone_17_pro_max,5,3,0,negative,True,0.61393523,0.24673745,0.10257393,0.036753487,1
769094462,10,다만 안드로이드에 비해 시간이 지,iphone_17_pro_max,5,3,1,weak_negative,True,0.09830889,0.47173494,0.37431315,0.055643037,3
769094462,11,나도 가격이 잘 안떨어진다는 장점이 있어요,iphone_17_pro_max,5,3,1,weak_negative,True,0.17337197,0.37690836,0.36066929,0.08905039,5
769094462,14,"이젠 아이폰 구매하면 주로 실버나 화이트로 구매하는데
블루 오렌지 빼고는 대부분 품절,,
1테라로 용량도 여유롭게 두고 쓰려 했더니 이건 시도조차 못해봄ㅜ",iphone_17_pro_max,5,3,1,weak_negative,True,0.12991658,0.35661775,0.3391697,0.17429598,3
769094462,25,아마 구매당시밖에 가입을 못하는 것 같더라구요,iphone_17_pro_max,5,3,0,negative,True,0.40428206,0.38109896,0.18501663,0.029602304,1
768147226,11,아… 내가 200만원짜리 벽돌을 샀구나;,iphone_17_pro_max,5,3,1,weak_negative,True,0.3623264,0.48921087,0.1267649,0.021697823,1
768147226,12,진짜 환불하고 싶을 정도로 첫인상은 솔직히 별로였습니다.,iphone_17_pro_max,5,3,1,weak_negative,True,0.26533157,0.54503274,0.15533327,0.034302447,1
768147226,13,"카메라쪽 오렌지 색상은 이뻤는데, 몸통쪽 투톤 컬러는 정말 못봐주겠더라고여, 아.. 아..",iphone_17_pro_max,5,3,1,weak_negative,True,0.17677563,0.58932674,0.18663062,0.047266964,4
768147226,19,기존에 12 pro 모델은 5년째 사용하다보니 베터리 효율 72퍼.?,iphone_17_pro_max,5,3,1,weak_negative,True,0.09074257,0.56619525,0.28610107,0.056961082,3
768147226,22,휴대폰 이름값 못하는거 같네요,iphone_17_pro_max,5,3,0,negative,True,0.7393508,0.19668257,0.0543637,0.009602967,3
767800273,6,그리고 16프맥 보다 스피커가 좀 답답한 감이 있네요 ㅎㅎ,iphone_17_pro_max,5,3,1,weak_negative,True,0.06821286,0.49734673,0.38962078,0.044819623,3
767800273,7,출력이 아쉬운거지 그렇다고 음질이 나쁜 건 아닙니다,iphone_17_pro_max,5,3,1,weak_negative,True,0.20485531,0.3816735,0.36345908,0.050012056,4
767849729,12,"<아쉬운점>
:가격 이확실히높은편 입니다 .",iphone_17_pro_max,5,3,1,weak_negative,True,0.112859756,0.5060344,0.34184122,0.03926468,5
769550026,3,하지만 물건을 받기도 전에 후회한 부분....,iphone_17_pro_max,5,3,1,weak_negative,True,0.18093768,0.6630042,0.14293651,0.013121585,1
819342305,12,부모 입장 한마디 솔직히 싸진 않다.,iphone_17_pro_max,5,3,1,weak_negative,True,0.37447634,0.42183587,0.16961224,0.034075584,2
819342305,17,부모 마음 녹이는 데는 이만한 게 없는 듯.,iphone_17_pro_max,5,3,1,weak_negative,True,0.08897287,0.49593186,0.3323974,0.08269785,2
772632393,6,하루종일 폰 만지고있어도 배터리 소진되는 속도가 확실히 느리고 발열 걍 없다고 봐야함ㅋㅋ,iphone_17_pro_max,5,3,1,weak_negative,True,0.17186908,0.47487772,0.30607957,0.047173664,3
772632393,12,그 두 개만 있으면 진짜 갓벽할거야..,iphone_17_pro_max,5,3,1,weak_negative,True,0.10989993,0.4202025,0.35008428,0.119813316,2
862546666,2,렸는데 아무래도 제건 너무 오래되어서 화질이 거의 지글지글 맛탱이가 갔었거든,iphone_17_pro_max,5,3,1,weak_negative,True,0.24966328,0.553514,0.17810012,0.018722624,4
862546666,3,"욬ㅋㅋㅋ
근데 리얼 전문가가 카메라로 찍은것처럼 나와요..",iphone_17_pro_max,5,3,1,weak_negative,True,0.27767184,0.47241554,0.2193661,0.030546442,4
862546666,5,글고 카메라 뒤에 튀어나온거?,iphone_17_pro_max,5,3,0,negative,True,0.52103627,0.28157493,0.18113261,0.016256128,4
846886061,9,인물 사진이나 야간 촬영에서 차이가 느껴짐.,iphone_17_pro_max,5,3,1,weak_negative,True,0.09375534,0.45490718,0.375788,0.07554954,4
846886061,13,"단점
가격대가 높아서 선물용으로는 부담이 되는 편임.",iphone_17_pro_max,5,3,1,weak_negative,True,0.088577874,0.6439259,0.24307346,0.024422778,5
846886061,15,기본 구성품이 간소해서 추가 액세서리 비용이 더 들어갈 수 있음.,iphone_17_pro_max,5,3,1,weak_negative,True,0.10257613,0.524747,0.32741725,0.04525962,5
826350288,10,특히 여러 앱을 동시에 켜도 버벅임,iphone_17_pro_max,5,3,1,weak_negative,True,0.367959,0.4711836,0.1492417,0.011615654,0
820418660,0,고민은 배송만 늦출 뿐 안녕하세요.,iphone_17_pro_max,5,3,0,negative,True,0.48932955,0.3542989,0.11913052,0.03724104,1
838237200,11,"손

이

작은 경우 장시간 사용시

부담이될수 있습니다.",iphone_17_pro_max,5,3,1,weak_negative,True,0.21792242,0.42860425,0.3192084,0.03426497,2
843928143,11,"단점
가격대가 높아 선물로는 부담이 되는 편이었음",iphone_17_pro_max,5,3,1,weak_negative,True,0.16091968,0.505993,0.3027856,0.030301739,5
801923960,8,"외관 이슈 걱정했는데
사용 초반부터 지금까지 변색, 벌어짐, 틈 벌림",iphone_17_pro_max,5,3,1,weak_negative,True,0.20387107,0.5505134,0.23510656,0.010508971,2
798204908,3,-> 핸드폰을 사용안하고 가만히놔두면 체감상  6시간 동안 8~10프로 정도만  사용된거 같았어요.,iphone_17_pro_max,5,3,1,weak_negative,True,0.17144191,0.45504534,0.337034,0.036478776,3
798204908,4,-> 사용해도 12시 부터 8시까지  18프로 정도 밖에 안썼드라구요.,iphone_17_pro_max,5,3,1,weak_negative,True,0.24030794,0.42467728,0.2926316,0.042383168,3
798204908,18,진짜 충격적으로  배터리 소모가 적어요,iphone_17_pro_max,5,3,1,weak_negative,True,0.30131587,0.3197265,0.28629953,0.09265811,3
846065873,8,"단점
가격대가 높아 부담이 있는 편임.",iphone_17_pro_max,5,3,1,weak_negative,True,0.15775834,0.44845885,0.36812323,0.025659632,5
846065873,9,크기와 무게가 있어 한 손 사용은 다소 불편했음.,iphone_17_pro_max,5,3,1,weak_negative,True,0.077861816,0.4530932,0.43299133,0.036053676,2
846065873,10,카메라 범프가 커 케이스 없이 사용 시 흔들림이 느껴졌음.,iphone_17_pro_max,5,3,1,weak_negative,True,0.12325286,0.5357582,0.31169882,0.029290067,4
846065873,11,프레임 특성상 미세 스크래치에 예민할 수 있어 케이스 사용이 필요해 보였음.,iphone_17_pro_max,5,3,1,weak_negative,True,0.12184368,0.4888577,0.35340136,0.035897285,2
827300505,17,특히주머니에넣고쓰기엔부담스럽네요.,iphone_17_pro_max,5,3,1,weak_negative,True,0.13013338,0.63428795,0.20990354,0.025675103,2
827300505,19,–i OS26 업데이트를쓰 면서일부사용자들 은배터리 최적화나특정 기능에서체감차이가 있다는의견도있으니( 특히U I애니메이션이 배터리를더쓰 는경우 )그런부분은주의 깊게설정해야 해요 .,iphone_17_pro_max,5,3,0,negative,True,0.50551593,0.25958374,0.2025119,0.032388434,4
847842944,1,최신 A19 Pro 칩 덕분에 버벅임,iphone_17_pro_max,5,2,1,weak_negative,True,0.37068093,0.44308013,0.16694942,0.019289436,0
847842944,5,"단점사이즈가커서한손 으로조작 하 기불편했고주머니 나

손에
들고오래 쓰면 무게가부담 됐음.",iphone_17_pro_max,5,2,1,weak_negative,True,0.12260062,0.5689992,0.28139332,0.027006904,2
847842944,6,"기대보다사진 이선명하 지않 았다는의견 도보였고,특히일부촬영조건 에서디테일이 아쉽다는후기도있 었음.",iphone_17_pro_max,5,2,1,weak_negative,True,0.21524659,0.4350716,0.30851892,0.04116296,4
847842944,7,전면카메라 가기대만큼초점 이안정적이 지않다는 체감도일부사용자후기에서보였음.,iphone_17_pro_max,5,2,1,weak_negative,True,0.13782293,0.48663145,0.33607292,0.0394728,4
847842944,10,"최신기 기경험자체 는훌륭하지만 ,크 기와카메라부분은 기대치에따라평가 가조금달라질수 있다는느낌이었 음.",iphone_17_pro_max,5,2,1,weak_negative,True,0.077112906,0.49717897,0.38753873,0.038169365,4
818365093,4,"단점
- 크기와 무게가 커서 한 손 사용이 다소 불편했음.",iphone_17_pro_max,5,3,1,weak_negative,True,0.11463574,0.5334898,0.32468912,0.027185267,2
815797558,15,"사진은 진짜 잘 나와요 
•",iphone_17_pro_max,5,3,1,weak_negative,True,0.16591738,0.5465158,0.25819468,0.029372144,4
816737023,9,큰 차이는 아니지만 오래쓰면 손목이 아플때는 있네요 ㅎㅎ,iphone_17_pro_max,5,3,1,weak_negative,True,0.055237222,0.4606676,0.43574148,0.04835374,2
797899753,11,특히	카메라범프쪽모서리 에서 .•,iphone_17_pro_max,5,2,1,weak_negative,True,0.20208913,0.3956556,0.38114375,0.021111546,4
797899753,17,"기존의강한 색감 (예:선명한블루톤 )을선호하던 사용자에겐 깊고 어두운블루	가약간밋밋 할수
	있	음.",iphone_17_pro_max,5,2,1,weak_negative,True,0.13178939,0.43040025,0.40580788,0.032002516,4
834741429,2,일단 화면 크기부터 확실히 달라요,iphone_17_pro_max,5,3,1,weak_negative,True,0.15583766,0.3904763,0.38298935,0.0706967,4
834741429,5,앱 전환이나 스크롤할 때 버벅임,iphone_17_pro_max,5,3,1,weak_negative,True,0.26845384,0.5307912,0.18978551,0.010969474,0
803584842,14,"특히모서리나
	카메라섬주변은코팅이나 마감이 까지 기쉬운 듯해요 .",iphone_17_pro_max,5,3,1,weak_negative,True,0.24015076,0.41480216,0.29535955,0.049687527,4
769884283,0,"오래 가는 배터리, 떨어지는 온도, 커져가는 카메라섬.",iphone_17_pro_max,5,3,1,weak_negative,True,0.17036289,0.58400804,0.22123253,0.024396537,3
769884283,14,카메라섬 부분 쉽게 나는 스크래,iphone_17_pro_max,5,3,1,weak_negative,True,0.14348835,0.5267581,0.28692377,0.042829774,2
769884283,17,개인적으로 역대 가장 못생긴 아이폰이 아닐까 싶어요.,iphone_17_pro_max,5,3,1,weak_negative,True,0.1350094,0.43466315,0.32577676,0.10455075,3
777134843,16,예전 모델은 저녁쯤 되면 슬슬 불안했거든요.,iphone_17_pro_max,5,3,1,weak_negative,True,0.13661307,0.40767777,0.3971017,0.058607418,3
851335684,14,가격은 솔직히 부담됩니다 ㅋㅋ,iphone_17_pro_max,5,3,1,weak_negative,True,0.14989021,0.48461366,0.30974764,0.05574847,5
767674965,23,"아직일부환경(아래

조명, LED 조명등)에서카메라 가art efa c t(특이한노이즈/왜곡등)를보인다는리포트 도있 으므로,매우  특수
한조명 환경 에서사진을많이찍 는분은참고 하시는 게좋아요.",iphone_17_pro_max,5,3,0,negative,True,0.42401254,0.2336942,0.28284198,0.05945132,4
770311393,4,"사진들을 보니 일관성이 없었는데, 어떤 제품은 뽁뽁이로 잘 감싸져 있었지만, 다른 제품은 얇은 한 겹만으로 포장되어 있어 걱정이 되었습니다.",iphone_17_pro_max,5,0,1,weak_negative,True,0.32105407,0.3803389,0.272744,0.02586306,1
770311393,6,놀랍게도 제 주문은 아예 보호 포장 없이 도착했습니다.,iphone_17_pro_max,5,0,1,weak_negative,True,0.16389568,0.44305307,0.3409499,0.052101396,1
770201663,2,"빠때리 빵빵 
성능 말도 안됨",iphone_17_pro_max,5,3,1,weak_negative,True,0.44896558,0.4704929,0.07084485,0.0096966745,2
798090444,1,근데 손목약한분이면 진짜 무거우니 프로추천합니다..,iphone_17_pro_max,5,3,1,weak_negative,True,0.117864214,0.466059,0.29112822,0.12494857,2
854873492,5,"단점
가격 부담은 확실히 있었음",iphone_17_pro_max,5,3,1,weak_negative,True,0.11328149,0.5347928,0.32594132,0.025984418,5
854873492,6,무게가 가벼운 편은 아니라 한 손 사용 시 약간 묵직했음,iphone_17_pro_max,5,3,1,weak_negative,True,0.05546187,0.47676015,0.4381821,0.029595977,2
854873492,7,기존 모델 대비 체감 변화가 크지 않다고 느끼는 사람도 있을 듯했음,iphone_17_pro_max,5,3,1,weak_negative,True,0.044840645,0.5150048,0.39440757,0.04574694,2
771677194,1,200만원이 훌쩍 넘는게 뽁뽁이로 한겹에 쌓여 덜그럭거리게 와서 괜히 거창하게 오면 오히려 누가 훔쳐갈까 이렇게 보낸 고도의 전략이려니 하고 받았어요.,iphone_17_pro_max,5,2,0,negative,True,0.53195095,0.24243593,0.18718463,0.038428526,5
771677194,2,이런 말도 많지만 아이폰만 쓰다보니 가끔 부모님 안드로이드폰 봐줄때 어렵더라구요.,iphone_17_pro_max,5,2,1,weak_negative,True,0.3051616,0.32570374,0.30172822,0.06740646,3
771677194,6,단… 다음엔 사전예약 물량좀 늘려주세요,iphone_17_pro_max,5,2,1,weak_negative,True,0.2734161,0.47296903,0.20609419,0.047520723,1
767849060,4,Q. 발열은 심한 편인가요?,iphone_17_pro_max,5,3,1,weak_negative,True,0.26965332,0.3485753,0.33786166,0.04390984,3
797957619,2,이미 뇌이징이 돼버렸나봐요ㅎㅎ,iphone_17_pro_max,5,3,1,weak_negative,True,0.37175488,0.46385315,0.14495982,0.01943219,2
797957619,5,하지만 안심할 수는 없을꺼같아요,iphone_17_pro_max,5,3,0,negative,True,0.39487845,0.30794638,0.25488514,0.042290084,2
797957619,6,"알루미늄 재질이라 걱정했는데 케이스씌우고 쓸꺼라 별상관없고,
지금 이슈로 뜨고 있는 핑은 아직 해결이 안된거같아요",iphone_17_pro_max,5,3,1,weak_negative,True,0.28526807,0.4118351,0.23547998,0.06741679,2
797957619,7,핑테스트했더니 800후반까지 튀더라고요.,iphone_17_pro_max,5,3,1,weak_negative,True,0.32462874,0.38540658,0.25914603,0.030818637,2
797831118,1,다른 색은 그냥 바로 품절 되더라구요.,iphone_17_pro_max,5,3,1,weak_negative,True,0.16287199,0.39458522,0.33913755,0.103405245,1
797831118,4,단점 : 엄청 비싼 가격..,iphone_17_pro_max,5,3,1,weak_negative,True,0.18581909,0.5398334,0.25128776,0.023059715,5
797831118,5,/ lte가 끊기는 이슈가 있음 ...,iphone_17_pro_max,5,3,1,weak_negative,True,0.11483127,0.7002063,0.17306216,0.011900255,2
834035675,7,일상 사진 퀄리티 차이 확실해요.,iphone_17_pro_max,5,3,1,weak_negative,True,0.2295756,0.353513,0.31434807,0.10256326,4
861454966,3,"무이자할부가 이제 22개월까지
안되나봐요 ㅠ",iphone_17_pro_max,5,3,1,weak_negative,True,0.2611227,0.57453394,0.14622241,0.018121008,1
771929056,0,상품이 고가의 핸드폰인지 알 수 없게 포장되어옴.,iphone_17_pro_max,5,3,1,weak_negative,True,0.13316631,0.61541605,0.22337537,0.028042292,1
777080297,1,딥블루예약했다가 상처가 잘난다,iphone_17_pro_max,5,3,1,weak_negative,True,0.22330324,0.5643439,0.17393635,0.038416494,2
777205613,3,손가락 받치고 사용 하려 하니 15프로 보다 손가락에 전해지는 무게가 상당해서 오래 사용 못하네요,iphone_17_pro_max,5,3,1,weak_negative,True,0.34450355,0.3877684,0.22762676,0.040101342,2
777205613,9,그냥 별로 사용 안하고 대기 진행시 3일 가까이도 사용 가능해요,iphone_17_pro_max,5,3,0,negative,True,0.38018665,0.3494154,0.2179509,0.052447066,3
767865427,0,"2차사전예약 1차 19일 도착 상품 구매를 실패하고 2차 10월1일 도착예정품 이었는데

이게 무슨일!?",iphone_17_pro_max,5,3,0,negative,True,0.4670905,0.28772336,0.17240034,0.07278588,1
769437741,3,고가품이 아닌건처럼 속여 도난방지방법 인가?,iphone_17_pro_max,5,0,0,negative,True,0.6798039,0.24390762,0.06748478,0.008803726,1
769437741,4,- 카메라 배치 디자인은 저번것보다 훨 못해 디자인 실패로 봐요.,iphone_17_pro_max,5,0,1,weak_negative,True,0.20890082,0.46047753,0.2873317,0.0432899,2
769437741,5,"- 배터리 충전은 잘때 하는데,충전알림이 계속 떠요.
   자지말고 놀자는것 같어요.",iphone_17_pro_max,5,0,0,negative,True,0.69755566,0.21364906,0.074657686,0.014137558,3
769437741,7,- 비싼 신제품 샀다고 카메라쪽이 보이도록 흔들고 다녀요.,iphone_17_pro_max,5,0,0,negative,True,0.38220024,0.24216084,0.25601858,0.1196203,4
849549859,0,가격에 비해 예전보다 나아진게 없다.,iphone_17_pro_max,5,1,1,weak_negative,True,0.27606273,0.5007843,0.19810165,0.02505142,2
849549859,2,"이제 애플에서 쓸만한건 아이패드 뿐....  

ㅉ",iphone_17_pro_max,5,1,1,weak_negative,True,0.10073055,0.45859033,0.36563092,0.07504825,3
817491331,0,원래 쿠팡 시키면 소리로 알거든요,iphone_17_pro_max,5,3,0,negative,True,0.5372558,0.274137,0.13684766,0.05175945,1
786484163,1,"근데 전화통화할때 소리가 작게 들리긴 하더라구요..

✅️",iphone_17_pro_max,5,3,1,weak_negative,True,0.09893689,0.46516007,0.4096355,0.026267488,3
767521434,1,10월1일 배송으로 알고 있었는데..,iphone_17_pro_max,5,3,1,weak_negative,True,0.22904019,0.5058037,0.23856916,0.026586968,1
770095018,3,기종변경할때 유심보호서비스 해제를 먼저하고 했어야하는데 원래하듯이 그냥 정보 다 옮기고 넘어간것 보고 기존기기 초기화한후에 전화되는지 확인을 늦게 해서 전화가 안되요,iphone_17_pro_max,5,3,0,negative,True,0.80099887,0.13653576,0.054235782,0.008229615,3
770095018,4,저처럼 실수하는일 없도록 꼭 유심보호서비스 해제 먼저하시고 기기변경하세요,iphone_17_pro_max,5,3,0,negative,True,0.5862783,0.2760546,0.116052,0.021615092,3
770925422,3,"점점 비싸지는 아이폰 ㅠㅠ 
배송만큼은 쿠팡최고 그런데 300만원에 육박하는걸 뾱뾱이하나 없이 보내준 배송직원분껜 많이 아쉽네요",iphone_17_pro_max,5,3,1,weak_negative,True,0.30522394,0.365399,0.2864985,0.0428785,1
770925422,4,"그러다 파손되면 어쩔라고 
다른건 다 만족입니다",iphone_17_pro_max,5,3,1,weak_negative,True,0.25924948,0.5514575,0.16465838,0.024634622,2
783670901,1,"보호필름
필요한 물품을 구매해서 사용하기
●좋은날들 가득하세요",iphone_17_pro_max,5,3,1,weak_negative,True,0.16280296,0.36506212,0.27275273,0.1993822,1
776928402,1,가격은 그때나 지금이나 비슷해서 모르겠는데 발열 때문에 티타늄에서 알루미늄으로 롤백된건 아쉽네요.,iphone_17_pro_max,5,2,1,weak_negative,True,0.16822249,0.4276689,0.34105563,0.06305298,2
770267178,2,이정도가 애플 맛 아임미끄아,iphone_17_pro_max,5,3,1,weak_negative,True,0.16009653,0.3914288,0.3241375,0.124337174,3
784054054,1,5일도착이였는데 24일에 왔네요,iphone_17_pro_max,5,3,1,weak_negative,True,0.31527573,0.40508363,0.2586387,0.021001928,1
769497222,2,애플이 이갈고 만든게 티가납니다.,iphone_17_pro_max,5,3,1,weak_negative,True,0.17502446,0.53009987,0.25685373,0.038021952,3
820081763,2,가격이 비싸다는게...단점아닌 단점이죠,iphone_17_pro_max,5,3,1,weak_negative,True,0.12480338,0.5707897,0.2828953,0.02151167,5
818334841,0,디자인은 어차피 케이스 씌워서 사용해서 중요하지 않지만 너무큰 카메라 섬은 제응이 안되네요,iphone_17_pro_max,5,2,1,weak_negative,True,0.21042904,0.4580941,0.2799017,0.05157517,4
812883375,3,케이스 없어서 아직 오픈 안했데요.,iphone_17_pro_max,5,3,0,negative,True,0.53200513,0.30646008,0.13758296,0.023951843,1
784069764,0,포장 좀 제대로 해서 보내세요.,iphone_17_pro_max,5,0,0,negative,True,0.50396675,0.3978752,0.089849174,0.008308877,1
784069764,1,"229만원짜리를 샀는데 에어캡하나 없이 그냥 제품을 달랑 박스에 담아 넣어서 보내는거 보면 
이거 포장하는 사람이 뭣되봐라하고 넣었다는 생각밖에 안드네요.",iphone_17_pro_max,5,0,0,negative,True,0.80287874,0.15288807,0.035433125,0.00879999,1
784069764,2,핸드폰인거 뻔히 알텐데 어떻게 이렇게 포장을 해서 보내나요,iphone_17_pro_max,5,0,0,negative,True,0.7208543,0.22846141,0.044841025,0.005843312,1
770108006,0,그냥 여유롭다 하면 사세요 쪼들린다,iphone_17_pro_max,5,2,1,weak_negative,True,0.38540277,0.43990487,0.14989395,0.024798436,5
771088994,1,티탄늄 프레임은 그대로 충격을 전달해 개 박살니고요..,iphone_17_pro_max,5,3,1,weak_negative,True,0.24398923,0.59722316,0.14328836,0.015499218,2
768651360,0,10.1에 온다 해놓고 9.20에 보내준 쿠팡 감사합니다ㅠㅠ,iphone_17_pro_max,5,3,0,negative,True,0.32006153,0.3143019,0.30567646,0.059960146,1
767861184,1,스피커가 좀 먹먹한 소리가 나서 실망임,iphone_17_pro_max,5,2,1,weak_negative,True,0.06954576,0.60874236,0.30699605,0.014715822,3
767766951,1,생각보다 뇌이징된건지 이쯔네요,iphone_17_pro_max,5,3,1,weak_negative,True,0.25919312,0.5738039,0.1376372,0.02936575,2
768004708,0,디자인 이슈는 10년전부터 나왔던 얘기고ㅋㅋ,iphone_17_pro_max,5,3,1,weak_negative,True,0.30362636,0.45124978,0.21301171,0.03211219,2
842027016,0,좀싸게 구매하고 싶은데 ㅠㅠ,iphone_17_pro_max,5,1,1,weak_negative,True,0.0916871,0.6436078,0.24730512,0.017399997,5
832959180,0,포장을 너무 대충해서 보냈네요..,iphone_17_pro_max,5,1,1,weak_negative,True,0.20623933,0.5967934,0.18368624,0.013281002,1
824341547,0,5년만에 바꾼 핸드폰인데 차이가 뭐죠...,iphone_17_pro_max,5,1,1,weak_negative,True,0.30952156,0.58671266,0.087996796,0.015768966,3
854023260,5,"배터리 건강도 떨어지고, 하루 종일 버티던 사용시간이 예전만 못했어요.",iphone_17,5,3,1,weak_negative,True,0.2640431,0.45925313,0.24364886,0.033054873,3
849662847,7,무대 조명 계속 바뀌고 어두웠다가 갑자기 확 밝아지고 그러잖아요?,iphone_17,5,3,0,negative,True,0.38574624,0.34864357,0.22082342,0.04478672,4
849662847,14,5년 차이가 이런건가 싶더라구요 ㅎㅎㅎ,iphone_17,5,3,1,weak_negative,True,0.2402993,0.45425543,0.24642497,0.059020244,2
778329760,1,"쿠팡으로 고가라면 고가의 제품인데
우선 포장은 조금 실망이네요.",iphone_17,5,3,1,weak_negative,True,0.17843452,0.40907484,0.37160715,0.04088347,1
778329760,5,일 이십만원 짜리도 아닌데 말이죠.,iphone_17,5,3,0,negative,True,0.68535614,0.197912,0.104773045,0.01195872,5
778329760,9,아.....통신이 안되네요.,iphone_17,5,3,0,negative,True,0.45173675,0.42496789,0.11175555,0.011539796,3
778329760,10,웹 검색 비행기모드 해보랍니다.,iphone_17,5,3,0,negative,True,0.6002941,0.23197848,0.13311285,0.034614537,0
778329760,11,"(SKT) 아 유심안심보호
서비스 에스케이티 해킹사건이후 유심안심보호 서비스가입 이것이 문제 였습니다.",iphone_17,5,3,0,negative,True,0.5216635,0.25269568,0.19986019,0.025780577,3
778329760,16,뒤로가기 가 현재 제일 난이도가 높네요.,iphone_17,5,3,1,weak_negative,True,0.24299408,0.35600856,0.308529,0.09246836,2
771721857,12,또 고사양 게임이나 장시간 촬영하면 발열이 느껴질 때가 있었어요.,iphone_17,5,3,1,weak_negative,True,0.1725378,0.49337742,0.29706725,0.037017517,3
798287319,8,3️⃣ 결제시 쿠페이머니로 결제한다,iphone_17,5,3,1,weak_negative,True,0.2568901,0.36469582,0.33752054,0.040893532,5
788432986,7,한 두푼 하는 것도 아니고 특히 전자기기인데 충전재 하나 없이 왔다거나 던져지는 상태로 배송이 된다고 하니 노심초사했었는데 다행인건지 복불복이였던건지 충전재를 해서 보내주었더라구요.,iphone_17,5,3,0,negative,True,0.55786526,0.23470949,0.17862058,0.028804684,1
874489355,13,부족함에 허덕이며 클라우드를 뒤적이는 시간은 창의성을 갉아먹을 뿐이죠.,iphone_17,5,3,1,weak_negative,True,0.2717869,0.4296944,0.2535844,0.044934247,2
874489355,18,완벽함에는 대가가 따릅니다.,iphone_17,5,3,0,negative,True,0.33754706,0.27567112,0.30559358,0.08118819,5
875617475,6,1. 120hz주사율의 부드러움,iphone_17,5,3,1,weak_negative,True,0.08651711,0.44863224,0.39580363,0.069047034,2
875617475,10,다시는 60hz으로 돌아갈 수 없을 것 같아요.,iphone_17,5,3,1,weak_negative,True,0.19115989,0.611118,0.17018196,0.027540173,3
788689875,1,완전뚱뚱하겐 아니지만 다른 리뷰보면 이게 어디에요 ...? ㅠㅋㅋㅋ,iphone_17,5,3,1,weak_negative,True,0.31827396,0.49075943,0.17441648,0.0165501,1
788689875,5,카메라는 프로가 뛰어나긴 한듯하고요.,iphone_17,5,3,1,weak_negative,True,0.15841639,0.45049217,0.32479423,0.06629722,4
872743808,4,새 폰이 맞나 의심이 들 정도입니다.,iphone_17,5,2,0,negative,True,0.5574962,0.2737507,0.13574544,0.03300771,3
872743808,10,별 차이가 없어요.(( 몰론 카메라 1배 기준으로 말씀드리는 겁니다. )),iphone_17,5,2,1,weak_negative,True,0.25770316,0.4357997,0.26788846,0.03860876,4
872743808,24,"좋은 칭찬을 받았는데도 중고가가 떨어지는 갤럭시… 1년 안되고 풀박스에, 싼 가격으로 S25울트라를 보낸 제 자신을 생각을 할 수록 눈물이 납니다..",iphone_17,5,2,0,negative,True,0.4930233,0.30370736,0.15151067,0.051758707,3
833058294,22,"아쉬운 점
​망원 렌즈의 부재(줌을 많이 쓰신다면 프로로 가셔야 해요).",iphone_17,5,3,1,weak_negative,True,0.12618086,0.5339596,0.30340388,0.03645559,4
833058294,23,유선 전송 속도가 여전히 프로에 비해 느리다는 점.,iphone_17,5,3,1,weak_negative,True,0.07291961,0.57032365,0.33773544,0.019021304,3
771220867,4,"배터리 지속력도 하루 종일 써도 남음 많고, iOS 최적화 덕분에 시스템 버벅임",iphone_17,5,3,1,weak_negative,True,0.16046295,0.5501242,0.27272683,0.016686032,3
867505205,10,"인터넷 볼 때나 영상 볼 때, 사진 찍고 편집할 때, 여러 앱 왔다 갔다 하면서 써도 버벅임",iphone_17,5,3,0,negative,True,0.51440704,0.38842893,0.084150635,0.013013392,0
876415852,2,- 별도 완충 없이 배송되어 파손 위험 살짝 걱정됨,iphone_17,5,3,1,weak_negative,True,0.14932878,0.5885446,0.24587227,0.016254324,1
876415852,10,이 부분은 조금 더 신경 써주면 좋겠다는 생각!,iphone_17,5,3,1,weak_negative,True,0.08291207,0.45081913,0.42999414,0.036274645,2
866334792,2,웹서핑이나 SNS를 할 때도 끊김,iphone_17,5,3,1,weak_negative,True,0.29315263,0.5704524,0.12083855,0.015556413,0
863092319,13,"[아쉬운 점]
카메라를 엄청 세세하게 따지는 사람한테는 아쉬운 부분도 있을 듯했음.",iphone_17,5,3,1,weak_negative,True,0.10730802,0.44323975,0.42160112,0.027851125,4
863092319,15,또 크기나 무게가 아주 작고 가벼운 쪽을 선호하는 사람한테는 적응이 필요할 수도 있겠음.,iphone_17,5,3,1,weak_negative,True,0.09779307,0.49740922,0.38021126,0.024586424,2
862312643,4,앱 실행이나 화면 전환이 빠르고 끊김,iphone_17,5,3,1,weak_negative,True,0.31362322,0.4608348,0.21290736,0.012634649,0
801175697,15,재구매의사 ⭐️⭐️⭐️⭐️⭐️,iphone_17,5,3,1,weak_negative,True,0.08640301,0.47426367,0.35339773,0.085935645,1
792070792,13,"발열 도이전세대보다확실히
줄어서장시간게 임이나동영상 편집 을해도 불편 함 이거의없어요.",iphone_17,5,3,1,weak_negative,True,0.21678817,0.37898558,0.3133596,0.090866625,3
884864267,1,아이폰 17 ios 업데이트를 몇시간 했나봐요 ㅠㅠ,iphone_17,5,3,1,weak_negative,True,0.24933434,0.46714783,0.2492294,0.034288403,3
884864267,2,집에 와이파이까지 느려서 오래 걸렸어요,iphone_17,5,3,1,weak_negative,True,0.19697826,0.40603036,0.336047,0.060944393,3
851317175,13,배터리는 약간 호불호가 있어요.,iphone_17,5,3,1,weak_negative,True,0.10703235,0.43056035,0.40608037,0.056326997,3
854858966,2,카드할인과 쿠폰할인이 맞물리는 어느 시점이 있음.,iphone_17,5,3,1,weak_negative,True,0.0838345,0.5373353,0.30842727,0.07040302,5
854858966,5,알루미늄바디라 파손이 잘된다느니..,iphone_17,5,3,1,weak_negative,True,0.14783537,0.7066792,0.1309056,0.014579818,2
854858966,10,(고장안남. 밧데리 아직 88프로임...),iphone_17,5,3,1,weak_negative,True,0.13719727,0.42171046,0.3736509,0.06744137,3
818462922,12,조금 과하다는 생각이 들더라구요ㅜㅜ,iphone_17,5,3,1,weak_negative,True,0.19830857,0.4860878,0.28524604,0.030357655,2
796221593,19,"아쉬운점

 라벤더색상이 예쁘지만케이스를

씌우면 티가덜 나서투명 케이스가사실상필수느낌 이에요 .",iphone_17,5,3,1,weak_negative,True,0.086948246,0.42280722,0.41517615,0.07506833,2
810125012,30,"-   애플 생태계의 편리함과 안정성을 중요하게 생각하는 분들!

✨",iphone_17,5,3,1,weak_negative,True,0.11522035,0.42850074,0.4022649,0.054014068,3
820373412,3,뽁뽁이를 포함한 아무 완충제가 없는 상태로 큰 박스에서 굴러다니는 상태로 배송되었습니다,iphone_17,5,2,1,weak_negative,True,0.19335143,0.64889634,0.1439625,0.013789704,1
820373412,4,"박스에서 굴러다녀서 그런지 
아이폰 상자도 오염이 눈에 띄었습니다",iphone_17,5,2,1,weak_negative,True,0.13832171,0.65066296,0.18708865,0.023926727,1
820373412,7,"다른 분들 리뷰 사진을 보면
같은 현상이 흔해 보였습니다",iphone_17,5,2,1,weak_negative,True,0.14777304,0.64434206,0.18953693,0.01834793,4
820373412,8,"프로는 코팅과 무늬가 완전 일치 하던걸 보면
기본모델만의 문제일지도 모르겠습니다",iphone_17,5,2,1,weak_negative,True,0.17255752,0.43062416,0.34988466,0.04693369,2
863140341,5,카드 할인 + 적립까지 있어서 체감가 낮음,iphone_17,5,3,1,weak_negative,True,0.09153463,0.42701885,0.40376285,0.0776837,5
848254287,5,"더구나 ㅋㅋ 폰가게에서 폰 하고오면 뭔가모를 그
찝찝함 이랄까요",iphone_17,5,3,1,weak_negative,True,0.3315064,0.51138425,0.13352944,0.023579953,3
848254287,6,"분명 설명은 이렇게 들었는데
마지막 요금 때릴땐 플러스고 말 장난 조금씩 섞인 그...",iphone_17,5,3,0,negative,True,0.5037079,0.3961587,0.090038456,0.010094953,5
829665539,7,평소에 영상 자주 보고 사진도 많이 찍는 편인데 버벅임,iphone_17,5,3,1,weak_negative,True,0.18403275,0.6160187,0.18132477,0.018623788,0
832668727,1,"2) 성능 안정성
A-시리즈 칩 성능 덕분에 앱 실행, 멀티태스킹, 게임 등에서 버벅임",iphone_17,5,3,1,weak_negative,True,0.28631848,0.50013465,0.19590373,0.017643068,0
832668727,6,"2)기본저장
공간 제한 저장용량 이작
은모델선택 시용량부족 느낄 수 있어요.",iphone_17,5,3,1,weak_negative,True,0.27228114,0.44760668,0.25560895,0.024503326,2
832668727,7,"3 )충전악세서리별매

충전기/케이블은기본 구성
에없고따로구매해야비용 추가입니다.",iphone_17,5,3,0,negative,True,0.3699086,0.24857438,0.32436767,0.05714936,5
781551219,16,17쓰다가 12프로를 쓰면 답답해요,iphone_17,5,3,1,weak_negative,True,0.11526001,0.5380395,0.28485274,0.061847728,2
781551219,20,아 근데 이건 진짜 개선해주세요,iphone_17,5,3,0,negative,True,0.52816904,0.34524345,0.10458934,0.02199814,2
781551219,21,택배 상자에 완충제도 없이 아이폰만 덜렁 왔어요,iphone_17,5,3,1,weak_negative,True,0.13520855,0.619679,0.22726537,0.017847117,1
831134875,6,아이들 뛰어다니는 모습도 흔들림,iphone_17,5,3,1,weak_negative,True,0.20581245,0.44400966,0.2759543,0.07422346,2
831134875,14,"가격이 확실히 부담돼요
	•",iphone_17,5,3,1,weak_negative,True,0.090022035,0.5984089,0.2942782,0.017290901,5
831117801,7,"앱 전환이나 웹 서핑, SNS 스크롤까지 모든 동작이 끊김",iphone_17,5,3,1,weak_negative,True,0.35858062,0.5079783,0.123930514,0.009510529,0
833470314,1,정도 썼는데 배터리가 너무 빨리 닳고 혼자 멈추고 이래서 쿠팡에서 아이폰 17을 구경하다가 아 안되겠다,iphone_17,5,2,1,weak_negative,True,0.24893859,0.4742439,0.17637034,0.1004472,3
833470314,9,미니는 10분?만 릴스나 숏츠보면 막 15퍼씩 달고 이랬는데 어제 저녁에 충전해서 오늘 아침까지핸드폰했는데도 91퍼 90퍼?,iphone_17,5,2,1,weak_negative,True,0.24389696,0.3384936,0.28606543,0.13154401,3
833470314,10,그리고 카메라도 13미니가 진짜 안좋거든요,iphone_17,5,2,1,weak_negative,True,0.3761407,0.43417007,0.1423909,0.04729834,4
833470314,11,확대하면..근데 17은 확대해도 거의 깨짐이없고 무슨 얼굴에 모공까지 자세하게 잘보여서 사진을 못찍겠어,iphone_17,5,2,1,weak_negative,True,0.23323414,0.3533285,0.350832,0.06260541,4
833470314,15,"그리고 카메라 버튼이 오른쪽에 생겼는데 화면키고 카메라 키는 방법에 적응이되어그런지 이거는 1도 사용하지않고잇습니다 ㅋㅋ



+",iphone_17,5,2,1,weak_negative,True,0.15410669,0.4012926,0.38130736,0.06329335,4
833470314,17,뽁뽁이하나로만 감싸져와서..,iphone_17,5,2,1,weak_negative,True,0.12694396,0.6131612,0.24449003,0.0154048065,2
778016770,5,근데 막상 받으니 폰 위에 공기비닐 딱 두개..,iphone_17,5,1,1,weak_negative,True,0.33137798,0.53187793,0.12631378,0.010430279,1
778016770,6,위에만 덮어두면 무슨 소용입니까,iphone_17,5,1,0,negative,True,0.58612084,0.31625053,0.08098526,0.016643282,2
778016770,7,뽁뽁이로 감싸올 줄 알았는데 애플상자에 오물이 다 찍혀있네요,iphone_17,5,1,1,weak_negative,True,0.2405237,0.5796572,0.16950464,0.01031441,1
778016770,9,그래도 정 불안하시면 고객센터에 말씀드려서 뽁뽁이 잘 해달라고 해보세,iphone_17,5,1,1,weak_negative,True,0.28364867,0.34456566,0.33480614,0.036979493,1
876289078,9,고민은 배송만 늦출 뿐이에요!,iphone_17,5,3,0,negative,True,0.4119246,0.36147395,0.1620773,0.06452419,1
843871118,14,여러 앱을 동시에 실행해도 끊김,iphone_17,5,3,1,weak_negative,True,0.34830168,0.49748573,0.1387978,0.015414782,0
842039461,1,요즘 중학생들 진짜 부럽더라고요.,iphone_17,5,3,1,weak_negative,True,0.13609536,0.37166554,0.3212085,0.17103058,2
842587092,6,"성능 — 속도와 안정성

테스트도 안 했는데 그냥 느낌으로
앱 실행, 멀티태스킹, 게임까지 다
버벅임",iphone_17,5,3,1,weak_negative,True,0.40986812,0.45276192,0.12387073,0.013499242,0
849438011,4,여러 앱을 동시에 사용해도 끊김,iphone_17,5,3,1,weak_negative,True,0.27789295,0.5621749,0.1437123,0.016219834,0
849438011,14,"중고가 방어력
아이폰은 시간이 지",iphone_17,5,3,1,weak_negative,True,0.20864126,0.46116436,0.26680776,0.06338668,3
777660488,2,물론 사전예약도 못했습니다만..,iphone_17,5,3,1,weak_negative,True,0.21681902,0.39990646,0.34439233,0.038882215,1
877366229,3,앱 전환이나 게임 실행할 때 버벅임,iphone_17,5,3,1,weak_negative,True,0.28465602,0.5209893,0.18282774,0.011527003,0
811978717,4,120헤르쯔 경험하니까 다시 미니로 돌어가기는 쉽지 임ㅎ,iphone_17,5,3,1,weak_negative,True,0.14031287,0.41034672,0.35543844,0.093901925,2
868728527,3,앱 실행이나 화면 전환이 끊김,iphone_17,5,3,1,weak_negative,True,0.3389702,0.45028758,0.19682121,0.013921025,0
868728527,6,"한 번 쓰면 예전 폰 못 돌아갈 듯.

✔️",iphone_17,5,3,1,weak_negative,True,0.09434673,0.5007144,0.3334433,0.07149553,3
868728527,10,"아쉬운 점

❌ 가격이 저렴한 편은 아님
❌",iphone_17,5,3,1,weak_negative,True,0.118118785,0.6042058,0.25965604,0.018019335,5
765460548,0,"포장큰건 분실방지때문에 쿠팡시스템을 이해를 했는데
이거는 도통 이해가 안된다",galaxy_z_flip7,1,0,1,weak_negative,True,0.41080016,0.48475313,0.096259944,0.008186804,1
765460548,1,"어떻게 전자제품사는데 몇만원몇십만원도 아니고
박스안에 뽁뽁이를 하나도 안넣어두고 배송하고
사진보면 개봉전에 상자안에 구멍난 흔적도있다",galaxy_z_flip7,1,0,0,negative,True,0.82438004,0.13831697,0.03129282,0.0060101086,1
765460548,2,"고의적으로 어떤의도로 구멍이 뚫린지 모르겠으나
소비자입장에선 매우 언짢네",galaxy_z_flip7,1,0,0,negative,True,0.4784953,0.39645502,0.11870507,0.0063446322,1
826411567,0,"한번은 1자로 펴지질않고 힌지에서 소리가나서교환했는데
두번째 온것도 힌지에서 핸드폰펼칠때마다 삐걱삐걱 소리나고 
화면 두개가 서로 딱 맞질않고 움직입니다.",galaxy_z_flip7,1,0,0,negative,True,0.6316874,0.2954615,0.062962204,0.009888855,3
826411567,1,영상이 두개를찍었는데 한개밖에올라가질않네요,galaxy_z_flip7,1,0,0,negative,True,0.41922086,0.4167359,0.14954074,0.014502434,4
826411567,2,비싼돈주고사서 먼저 새거를 보내든지 중고 공기계를보내서 제정보를 옴겨,galaxy_z_flip7,1,0,0,negative,True,0.7474717,0.19129594,0.051077653,0.010154732,1
826411567,3,"놓고보내달라고해야지
제정보들은 핸드폰을 그냥 보내라고하면 가뜩이나 유출많은쿠팡 뭐를믿고 보내며 최대8일이나걸린다는데 그럼 일주일가량 핸드폰없이 어떻게 살라는건지 상담원 답변도 어처구니가없네요",galaxy_z_flip7,1,0,0,negative,True,0.8658588,0.10013868,0.026903074,0.0070994794,1
747084163,0,쿠팡에서  구매해도  삼성서비스 센터에서 응대  잘 안 해줍니다,galaxy_z_flip7,1,0,0,negative,True,0.7000052,0.23307428,0.058152422,0.008768132,1
747084163,1,ㆍ  해당 폰은  온도 45도까지 올라간다니  조심해서  사용하세요,galaxy_z_flip7,1,0,1,weak_negative,True,0.36417955,0.4324012,0.17817008,0.025249125,3
747084163,3,"ㆍ  
악세사리 구매하려 짊물하는데  제품어디서  사셨는지  먼저  묻는다  쿠팡에서 구매하라 한다",galaxy_z_flip7,1,0,0,negative,True,0.3679746,0.24735458,0.2865987,0.09807215,1
769192454,0,****구매 시 주의: 새제품 아닌 중고제품 주문한 플립7은 새제품으로 결제됐으나 받은 제품은 중고제품이었습니다.,galaxy_z_flip7,1,0,0,negative,True,0.5851024,0.23135479,0.15853888,0.025003996,1
769192454,1,사진 보시면 이전 사용자의 개인일정이 그대로 남아있고 판매처는 환불만 가능하다고 했습니다,galaxy_z_flip7,1,0,0,negative,True,0.5239817,0.31365836,0.1402017,0.022158293,1
769192454,2,"(가격이더오름)
구매 시 참고하시고 새제품을 원하시는 분들은 주의하시기 바랍니다",galaxy_z_flip7,1,0,1,weak_negative,True,0.32087857,0.3588543,0.2775246,0.04274256,1
816607145,0,아니 전자기기인데 완충제 하나없이 덜렁 핸드폰만 배송됨 이게 맞나요? 이따 개봉 영상 촬영하고 문의 다시 남기겠습니다;,galaxy_z_flip7,1,0,0,negative,True,0.8816414,0.08142007,0.030600727,0.006337779,1
816607145,1,당신들이 받는 물건이면 이렇게 포장 할건가요?,galaxy_z_flip7,1,0,0,negative,True,0.6499261,0.27034223,0.0721857,0.0075459583,1
816607145,2,이거 배송 포장 누가합니까?,galaxy_z_flip7,1,0,0,negative,True,0.83070344,0.1299149,0.034310587,0.0050711017,1
816607145,3,급해죽겠어서 로켓배송으로 시켰는데 배송 이따위로와서 반품하면 로켓 의미가 없잖아요?,galaxy_z_flip7,1,0,0,negative,True,0.83182406,0.13590017,0.026651349,0.00562435,1
816607145,4,진짜 쓰면서도 짜증나네 포장 거지같이해서 반품해주고 환불해주고 이게 중요한게 아니라고요,galaxy_z_flip7,1,0,0,negative,True,0.884811,0.08934523,0.021256715,0.004587065,1
816607145,5,또 왔다갔다 하면서 드는 시간은 어쩔거냐고요,galaxy_z_flip7,1,0,0,negative,True,0.6025847,0.28898057,0.0936636,0.014771112,2
758080467,0,택배박스 분실+고객센터 응대 귀찮은듯이함 왔는데 택배가 분실됐는데 고객센터 전화하니까 귀찮다는듯이 응대하네요,galaxy_z_flip7,1,0,0,negative,True,0.8456845,0.10896222,0.04092792,0.004425398,1
817182855,0,배송상태봐 핸드폰을 던지고감,galaxy_z_flip7,1,0,0,negative,True,0.5638355,0.36242384,0.065901026,0.007839585,1
758591759,0,고가전자제품을 뽁뽁이도 없이 보냈네요,galaxy_z_flip7,1,0,0,negative,True,0.6524746,0.2645304,0.07548717,0.0075079235,1
753832490,0,"개똥 같은 쿠팡 쿠팡 캐시 적립 물어보면
상담원마다 답변이 다름",galaxy_z_flip7,1,0,0,negative,True,0.64537114,0.27242306,0.072105095,0.01010068,1
871572724,0,전자제품 택배에 대한 기본이 안되어있음.,galaxy_z_flip7,1,0,0,negative,True,0.71096104,0.18781589,0.092102535,0.009120532,1
871572724,2,비싼 폰인데 공간도 넓은 박스안에서 뾱뾱이도 없이 비닐쿠션(?)작은거 달랑 두개...,galaxy_z_flip7,1,0,1,weak_negative,True,0.35138333,0.49184495,0.13510488,0.02166683,1
871572724,3,심지어 하나는 바람도 빠져있네요.,galaxy_z_flip7,1,0,1,weak_negative,True,0.43494272,0.44719186,0.104577415,0.013288044,2
871572724,4,다른후기보니 뾱뾱이로 칭칭 감아 놓으셨던데,galaxy_z_flip7,1,0,1,weak_negative,True,0.10459018,0.6047399,0.26487306,0.025796881,2
827930462,0,100만원대 휴대폰을 뽁뽁이만 포장된채로 그냥 오는게 맞습니까?,galaxy_z_flip7,1,0,0,negative,True,0.6307629,0.29631564,0.0624346,0.010486883,1
827930462,1,전자제품기기 포장 전담팀 따로 만드세요.,galaxy_z_flip7,1,0,0,negative,True,0.39214307,0.348365,0.20705655,0.05243537,1
847401323,0,"쿠팡 안심보험은 개통시에만,가능하다,,,",galaxy_z_flip7,1,0,1,weak_negative,True,0.202775,0.3733166,0.370597,0.053311445,1
847401323,2,"몀 등록 가능해야하는거아닌가 
불가하십니다",galaxy_z_flip7,1,0,0,negative,True,0.61389464,0.25693536,0.11178929,0.01738073,1
858723141,0,"@@@@ 쿠팡에서 Z 플립 7을 구매하면 안 되는 이유 @@@@

1. 새 폰이 아닌, 남이 한 번 등록했던 폰이 왔음
ㄴ 증거로 동일 단말 복수 명의 문자가 날라옴 (USIM 착용 시)",galaxy_z_flip7,1,0,0,negative,True,0.7116469,0.13735995,0.13125093,0.019742228,3
858723141,1,"2. 새 것처럼 포장해서 왔음
ㄴ 스티커 라벨도 그대로도 남이 쓴 건지 절대 구분 할 수가 없음
ㄴ",galaxy_z_flip7,1,0,0,negative,True,0.38073653,0.28807494,0.3033452,0.027843306,1
858723141,2,휴대폰에 종이도 그대로 붙여져 옴,galaxy_z_flip7,1,0,0,negative,True,0.51398927,0.28258,0.19321322,0.010217542,1
862964999,0,"포장이 아주 많이, 심각하게 허접 합니다.",galaxy_z_flip7,1,0,1,weak_negative,True,0.40740734,0.46741313,0.1081891,0.016990421,1
862964999,1,"1,2만원 짜리 물건도 아니고, 100만원이 넘는 물건인데 이런식으로 포장해서 올 줄은 몰랐네요.",galaxy_z_flip7,1,0,0,negative,True,0.67050666,0.1690795,0.13577163,0.024642237,1
862964999,2,포장에 신경좀 쓰시길 바랍니다.,galaxy_z_flip7,1,0,0,negative,True,0.42097995,0.39726487,0.16589211,0.015863098,1
746069445,1,"그런데~~~~~
박스를 개봉하니 헐~
어떻게 고가의 전자제품에 그 흔한 완충재도 없이 큰 박스에 덩그러니 넣어놀 수 가 있는지 모르겠네요",galaxy_z_flip7,2,0,0,negative,True,0.622669,0.28887853,0.07820179,0.010250694,1
746069445,2,배송중 얼마나 이리저리 부디치고 덜거덕 거렸을까요?,galaxy_z_flip7,2,0,0,negative,True,0.46185052,0.409756,0.121299714,0.0070938114,1
772821477,0,배송 은 빠르고  좋았으나 ...,galaxy_z_flip7,2,1,1,weak_negative,True,0.06470469,0.62590283,0.2885962,0.020796247,1
772821477,1,"포장 상태가 영....
그냥 대충  던져넣고  보낸듯 하네요",galaxy_z_flip7,2,1,1,weak_negative,True,0.3391785,0.5390566,0.11316445,0.0086004,1
776870470,1,저녁늦게 주문하고 새벽배송으로 받은것은 너무 고마운 일인데~~100만원 넘는 휴대폰을 진공비닐 하나 상장에 넣어서 배송하는건 좀 아니지 않나싶습니다.,galaxy_z_flip7,3,1,0,negative,True,0.6005582,0.2475284,0.12582944,0.026083976,1
753554133,0,와우회원가입까지해서 그나마 저렴하게 구매했다 생각을 했는데 보통 사은품으로 나오는 순정투명케이스나 보호필름같은거 하나 없네요.,galaxy_z_flip7,3,1,0,negative,True,0.39476085,0.3819232,0.17495708,0.048358858,1
753554133,1,다시 주문했더니 도로 가격이 올라갔어요.,galaxy_z_flip7,3,1,1,weak_negative,True,0.36653137,0.4545747,0.15461333,0.02428066,5
746251661,0,"다른분들은 다 좋다는 평인데
z플립 3 보다 카메라 화질이든 그냥 화면이든 흐리멍텅한게 제가 받은게 불량인건지 
같은사진 띄우고 비교해보면 너무 다릅니다.",galaxy_z_flip7,3,1,1,weak_negative,True,0.40446037,0.48936927,0.08501043,0.021159925,4
746251661,1,"5나 6 도 아니고 3보다 화질이 별론데 
가격은..
왜 있던 기술도 적용을 못 시키는건지 모르겠네요.",galaxy_z_flip7,3,1,0,negative,True,0.5814317,0.3409647,0.06398504,0.013618558,5
746251661,2,다들 화질 좋다는게 이해가 안가네요.,galaxy_z_flip7,3,1,1,weak_negative,True,0.31728405,0.4778676,0.1738381,0.03101029,4
768782999,0,포장에 좀 신경을 써주시는게 어떠실지 너무 달랑 폰만 오는게 불안하네요.,galaxy_z_flip7,3,1,1,weak_negative,True,0.34500423,0.5459938,0.09339655,0.015605401,1
768782999,1,전자기기인데 배송중에 분명 여기저기 부딪힐텐데 뽁뽁이로 감싸주지도 않고 그냥 한장만 띨롱 넣어노면;;; 뭘 의도한건지 참… 아쉽네요.,galaxy_z_flip7,3,1,0,negative,True,0.6206083,0.30393007,0.06706189,0.008399784,1
870499053,1,제품을 위한 에어캡 포장인지 박스를 위한 포장인지 제품은 에어캡 보호를 받지못하체 왔네요,galaxy_z_flip7,3,1,1,weak_negative,True,0.22719434,0.594735,0.16967939,0.0083912425,1
751341959,0,포장이 아쉬워요 상품은 잘받았습니다.,galaxy_z_flip7,3,1,1,weak_negative,True,0.046775565,0.46941212,0.45368528,0.030126983,1
751341959,1,고가의 상품임에도 배송박스안에 핸드폰 박스가 완충제도 없이 덩그러니 왔네요.,galaxy_z_flip7,3,1,1,weak_negative,True,0.2795945,0.4636261,0.23797563,0.018803783,1
751341959,2,포장에 많이 아쉬움이 있네요..,galaxy_z_flip7,3,1,1,weak_negative,True,0.12838548,0.46066916,0.37451965,0.03642575,1
747076221,0,"- 긍정적 : 
  커버와 메인 화면 커짐, 두께 얇아짐",galaxy_z_flip7,3,1,1,weak_negative,True,0.09365857,0.44256526,0.42401505,0.039761133,4
747076221,1,"- 부정적 :
  힌지 필름 들뜸, 충전시에 발열, 카메라 성능 아쉬움, 
  생각보다 무거움",galaxy_z_flip7,3,1,1,weak_negative,True,0.15949723,0.5007342,0.3160442,0.023724394,4
746481380,0,"배송이 예정보다 빨라서 좋았는데
이벤트가 알람 받은 사람만 주는거라 사기당한 느낌",galaxy_z_flip7,3,1,1,weak_negative,True,0.32860327,0.4654323,0.18395704,0.022007424,1
753888803,0,실물은 좀 실망 기대보단 실물이 좀 실망.성능도 잘모르겠음,galaxy_z_flip7,3,1,1,weak_negative,True,0.04611436,0.5654707,0.35140502,0.03700994,2
813999524,0,두달도안되서 액정이나갔어요 ㅠ,galaxy_z_flip7,3,1,0,negative,True,0.58697593,0.33263096,0.067057736,0.013335352,3
746750596,14,"배송은 구매하고 나서 생각보다 오래걸렸는데,, 비싼 고가 제품인데 뽁뽁이 없이 에어비닐?",galaxy_z_flip7,4,3,1,weak_negative,True,0.10939699,0.43962187,0.39649004,0.054491147,1
746750596,15,한장 들어있어서 좀 슬펐어요ㅠ,galaxy_z_flip7,4,3,1,weak_negative,True,0.19755551,0.47345865,0.31085774,0.018128073,1
749389536,4,근데 저는 그냥 아무것도 안싸고 상자 안에 덩그러니 놓여진 제품을 받았습니다.,galaxy_z_flip7,4,3,1,weak_negative,True,0.2071485,0.5254246,0.24548706,0.021939818,1
749389536,5,비닐에 안온걸 다행으로 여겨야할지...,galaxy_z_flip7,4,3,1,weak_negative,True,0.10952687,0.6812014,0.19152732,0.017744396,1
749389536,6,다행히 파손은 없었는데 150짜리를 아무런 포장 없이 상자에 넣어 배송하는건 좀 아닌것 같네요.,galaxy_z_flip7,4,3,0,negative,True,0.54973185,0.35127392,0.09034889,0.008645385,1
749389536,7,제것만 포장하시는분이 실수하신건지...,galaxy_z_flip7,4,3,1,weak_negative,True,0.27468893,0.6261829,0.09234666,0.0067814933,1
773521689,0,플립 입문자는 추천하지만 플립6 유저는 사지마시오...,galaxy_z_flip7,4,1,1,weak_negative,True,0.21457624,0.56192774,0.16371502,0.059781004,2
773521689,1,"기대를 좀 만땅하고 주문한 제품인데
생각보다 아쉬운 점이 많아서 ...",galaxy_z_flip7,4,1,1,weak_negative,True,0.07933711,0.5501585,0.32461214,0.045892254,1
773521689,11,- 캠코더 촬영하는 듯한 동영상.,galaxy_z_flip7,4,1,0,negative,True,0.40349957,0.3028074,0.26290154,0.030791538,4
773521689,15,엄마가 쓰고 있는 플립6는 비교적 오래 가는 편인데 최신형인 제트7은 ㅋㅋㅋㅋ 너무 빨리 닳음.,galaxy_z_flip7,4,1,1,weak_negative,True,0.09685694,0.4852078,0.3736345,0.04430083,3
773521689,16,- 제일 최악인 단점으로는 카메라임.,galaxy_z_flip7,4,1,1,weak_negative,True,0.3566469,0.44860014,0.17013064,0.024622332,4
773521689,18,전에 쓰던 폰은 s23이라 화질도 너무 좋고 색감도 예뻐서 풍경 사진 찍는 거 너무 좋아하는데 이건 무슨 확대도 10배줌이 끝이고 10배 줌을 해도 이상한 AI로 변환 돼서 색감도 개이상하고 사람은 더 이상하게 찍힘.,galaxy_z_flip7,4,1,0,negative,True,0.5448251,0.36871606,0.068090074,0.018368792,4
773521689,19,그래서 사진용으로 아이폰 들고다님....,galaxy_z_flip7,4,1,1,weak_negative,True,0.16379035,0.39054614,0.35678336,0.088880174,3
773521689,21,- 성능에 비해 너~~~~~~무 비쌈.,galaxy_z_flip7,4,1,1,weak_negative,True,0.23968247,0.5561699,0.18801114,0.01613647,5
773521689,24,카메라가 정말 별로라서 ㅋㅋ 동영상 찍고 1배 줌 이상은 절대 안함,galaxy_z_flip7,4,1,1,weak_negative,True,0.29405674,0.52039695,0.16475497,0.020791402,4
836506175,5,다만 페이스 ID 인식이 조금 느리고 안 되는 경우도 많고.,galaxy_z_flip7,4,3,1,weak_negative,True,0.2176834,0.39323264,0.3659047,0.02317927,3
836506175,6,그리고 생각보다 화면이 너무 크고 무겁습니다.,galaxy_z_flip7,4,3,1,weak_negative,True,0.14344485,0.53140557,0.28170744,0.043442205,2
836506175,10,사람 많은 지하철 같은 곳에서 핸드폰을 다 펴고 들고 있기에는 좀 크다는 생각이 들잖아요.,galaxy_z_flip7,4,3,1,weak_negative,True,0.23682764,0.3572559,0.33658078,0.06933565,3
874258071,0,다 좋은데 어떠한 뽁뽁이도 없이 취급주의 스티커도 없이 씀.,galaxy_z_flip7,4,1,1,weak_negative,True,0.09315177,0.64135915,0.2482422,0.017246908,1
874258071,1,반품 하고 재주문 하려다 그냥 씀,galaxy_z_flip7,4,1,1,weak_negative,True,0.19961494,0.64843476,0.14464572,0.0073045697,1
744622356,0,"배달이 엄청 빨리와서 엄청좋아했는데 커버꾸미기햇는데
벌써 오류 에러 작렬 ㅠ 플립7 에 문제인가 아니면 내가 뽑기를 잘못한건가 사자마자 폰병원에 대려가야할듯 ㅠ",galaxy_z_flip7,4,0,1,weak_negative,True,0.41207042,0.42923823,0.13604638,0.022644967,1
744622356,2,"근데 커버오류는 쿠팡측잘못이아니니
어쩌지도 못하곰 ㅠ 갤럭시 자체문제겠죠",galaxy_z_flip7,4,0,0,negative,True,0.5502872,0.34634688,0.09470135,0.008664558,1
744622356,3,아우 속상해 a.s센터는 또 언제다녀와야할지 짜증난다,galaxy_z_flip7,4,0,0,negative,True,0.53009146,0.40094304,0.05905938,0.009906105,2
746997252,3,포장....아쉽네요...에어백 2개인데..,galaxy_z_flip7,4,2,1,weak_negative,True,0.3328051,0.52226955,0.13412645,0.01079888,1
746997252,4,"핸드폰 위쪽으로 있어
핸드폰이 박스 바닥에 있고..에어백1개는 바람이 빵빵하지않고..",galaxy_z_flip7,4,2,1,weak_negative,True,0.27679345,0.57085115,0.13713168,0.015223696,1
746997252,5,이거뭐...재대로 보호가 됏나 싶네요;;;;;,galaxy_z_flip7,4,2,0,negative,True,0.52532697,0.3972612,0.067906864,0.009504945,2
846251214,0,"접히는 부분 울퉁불퉁 한것이 싫어 집에서는 펴놓고 썼는데
십일정도 썼을까 그 부분이 들떠서 ㄱ접히는 가운데를 누를 때마다 쩍쩍 소리가 남.",galaxy_z_flip7,4,1,1,weak_negative,True,0.42193922,0.4641873,0.10646023,0.007413255,2
815604210,1,케이스라도 보내주시면 좋을듯한데 아쉽네요.,galaxy_z_flip7,4,2,1,weak_negative,True,0.17524028,0.52838725,0.2731137,0.02325874,1
745927107,1,삼성이 왜이랬을까 이걸산 내가 밉다 그냥 5 쓸걸....,galaxy_z_flip7,4,3,0,negative,True,0.59718686,0.32180613,0.06762814,0.013378872,3
746235015,0,에어캡 좀 감아서 보내 주세요!,galaxy_z_flip7,4,1,0,negative,True,0.68462396,0.21309468,0.09029555,0.011985776,1
746235015,1,전자기기 인데 에어캡은 좀 감아서,galaxy_z_flip7,4,1,0,negative,True,0.5118632,0.37204012,0.10599994,0.010096798,1
746235015,2,150만원이 넘는 전자기기 인데 에어캡도 않해 주시는건 좀 너무 한거 같네요..,galaxy_z_flip7,4,1,0,negative,True,0.65179765,0.2385455,0.09301403,0.016642805,1
748459128,0,"빠른배송이 되엇으나 생각보다 발열과 밧데리소모
그리고 케이스가 이쁜게없어요ㅜ",galaxy_z_flip7,4,1,1,weak_negative,True,0.0855613,0.6362051,0.24760011,0.030633567,1
748459128,1,"금방품절이고 ㅡ멘붕
어찌해아될지모르겟네요",galaxy_z_flip7,4,1,1,weak_negative,True,0.23164625,0.56751156,0.17516708,0.025675124,2
750491353,0,배송시 뽁뽁이 하나없이 상자에 달랑들어있어 황당했네요,galaxy_z_flip7,4,1,1,weak_negative,True,0.14258562,0.5688733,0.27405578,0.0144853145,1
809113276,0,다른 리뷰와 마찬가지로 발열이좀 있네요,galaxy_z_flip7,4,2,1,weak_negative,True,0.15054612,0.45437357,0.3598021,0.035278264,3
771239615,0,배송이 이개 뭐람 뽁뽁이 없이 달랑ㅡㅡㅋ,galaxy_z_flip7,4,1,1,weak_negative,True,0.3138047,0.5802971,0.09770252,0.008195621,1
860189849,11,또 배터리는 하루 사용은 가능하지만 영상이나 SNS를 많이 보면 조금 빨리 닳는 느낌이 있습니다.,galaxy_z_flip7,5,3,1,weak_negative,True,0.14896372,0.41315943,0.4011849,0.036691945,3
859884422,13,근데 - 저 만해도 그 기능을 다 사용하지 않아서 아까울(?)때가 많아요 ㅎㅎ,galaxy_z_flip7,5,3,0,negative,True,0.35051292,0.3272007,0.2943166,0.027969798,2
832419277,16,"혹시 이어폰으로 업무 많이 보시는 분들
무선 버z같은거 쓰실텐데 상대방이 바람소리, 잡음으로 너무 시쓰럽고 못알아 듣겠다고 하더라구요...",galaxy_z_flip7,5,3,0,negative,True,0.42907953,0.40779954,0.124681056,0.038439788,3
829631320,2,다른 폰은 쳐다도 안 봐요.,galaxy_z_flip7,5,3,0,negative,True,0.5306698,0.32940933,0.120746054,0.019174825,3
829631320,15,"배터리가 드디어 정신 차림: 예전엔 점심 먹고 나면 얘가 ""주인님... 배고파요...""",galaxy_z_flip7,5,3,1,weak_negative,True,0.22278275,0.41355246,0.27125633,0.09240847,3
829631320,21,이건 좀 아쉬워... (디테일한 단점),galaxy_z_flip7,5,3,1,weak_negative,True,0.16224036,0.6507157,0.17220673,0.014837233,2
829631320,24,"액정 필름 먼지 끼임: 이건 케바케긴 한데, 힌지 쪽 미세한 틈으로 먼지가 아주 조금씩 자기 집인 양 자리를 잡아요.",galaxy_z_flip7,5,3,0,negative,True,0.46721816,0.39025542,0.12773135,0.014795082,2
829631320,25,저흰 냥집사다 보니 특히 두부모래 가루가 더 끼이는 것 같아요.,galaxy_z_flip7,5,3,1,weak_negative,True,0.20721903,0.48190072,0.26776654,0.043113656,2
829631320,26,성격 예민하신 분들은 면봉 들고 수시로 닦아줘야 할지도?,galaxy_z_flip7,5,3,1,weak_negative,True,0.32815886,0.42450592,0.21970345,0.027631778,2
829631320,27,사악한 수리비: 보험은 필수.,galaxy_z_flip7,5,3,0,negative,True,0.39861172,0.31308454,0.254544,0.033759795,5
829631320,31,커버 화면 꾸미기에 너무 진심이지 마세요.,galaxy_z_flip7,5,3,0,negative,True,0.65170735,0.22853859,0.098677084,0.021076947,4
829631320,32,"그거 꾸미다가 하루 다 가고, 배터리도 미세하게 더 빨리 닳더라고요. ㅋㅋㅋ",galaxy_z_flip7,5,3,1,weak_negative,True,0.2734542,0.5559855,0.1473867,0.023173645,3
829631320,36,너무 작고 더 가벼워져서 박살나기 쉬우니 보험 가입과 케이스 장착은 필수입니다.,galaxy_z_flip7,5,3,0,negative,True,0.38053495,0.20848666,0.28395164,0.12702672,2
829631320,38,고민은 배송만 늦출 뿐인 거 아시죠?,galaxy_z_flip7,5,3,1,weak_negative,True,0.14539677,0.54910564,0.2205046,0.08499294,1
824083042,10,"3. 커버 디스플레이, 여행 중 체감 차이 큼",galaxy_z_flip7,5,3,1,weak_negative,True,0.16668022,0.44564748,0.349666,0.03800636,4
824083042,16,클라우드 정리 스트레스 없음,galaxy_z_flip7,5,3,1,weak_negative,True,0.20593606,0.5118123,0.23087183,0.05137979,3
812200337,4,그래도 100만원이 훌쩍 넘는 제품인데..,galaxy_z_flip7,5,3,1,weak_negative,True,0.29429245,0.3710921,0.3044678,0.030147636,1
794431227,6,그러나 어느순간부터 아*폰의 불편함이 느껴지기 시작했습니다.,galaxy_z_flip7,5,3,1,weak_negative,True,0.17054932,0.45255306,0.32443205,0.052465547,3
794431227,8,핸드폰을 나에게 맞추고 싶었으며 디자인도 점점? 예전의 특색과 방향성은 다 상실한채 브랜드의 아이덴티티마져 소실했다고 생각이 들기시작했습니다.,galaxy_z_flip7,5,3,1,weak_negative,True,0.20518568,0.35845506,0.30658734,0.12977198,3
794431227,13,예전이나 아*폰이 낫지 지금은 무조건입니다.,galaxy_z_flip7,5,3,1,weak_negative,True,0.118729375,0.4233743,0.3545068,0.10338951,3
794431227,14,특유의 감성을 줄곧 믿으며 사용했지만 지금은 전혀 아닙니다.,galaxy_z_flip7,5,3,1,weak_negative,True,0.25304043,0.41349566,0.28603995,0.047423918,2
794431227,17,근데 이제는 아*폰이 매력없게 느껴집니다.,galaxy_z_flip7,5,3,1,weak_negative,True,0.16551188,0.49212867,0.2956545,0.046704896,3
782579264,1,"C타입
☀️운영체제: 안드로이드


:
☀️☀️배터리 수명이 다 된 건지 과열이 되어 손이 데일 정도로 계속 뜨거워져서 
서비스 센터 가니 배터리 교체하고 하더라구요.",galaxy_z_flip7,5,3,0,negative,True,0.50250816,0.25693047,0.2168213,0.023740105,3
782579264,22,"1을 사용해보면 7의 주름은 주름이 아니네요.

☀️",galaxy_z_flip7,5,3,1,weak_negative,True,0.116005115,0.4402881,0.40680876,0.036898013,4
782579264,28,"확대해서 축소해서 촬영해도 간간이 다 깨져 픽셀이 분리됐는데 
그런게 덜하고.",galaxy_z_flip7,5,3,1,weak_negative,True,0.19917096,0.38975066,0.35751352,0.05356488,4
782579264,32,그렇게 하루 종일 일하면서 유튜브나.,galaxy_z_flip7,5,3,1,weak_negative,True,0.31367767,0.40625235,0.21778256,0.062287457,0
818162821,5,요 이것도 요즘엔 다그러니.,galaxy_z_flip7,5,3,1,weak_negative,True,0.3586189,0.46385592,0.16093305,0.016592173,2
818162821,7,"제가 플립을 싫어하는이유는 3를 1년 쓰면서 5번 망가졌고
보험비도 3번 다쓰고 교체까지 하면서 이런쓰레기가또있나했어요 ㅋㅋㅋㅋ",galaxy_z_flip7,5,3,0,negative,True,0.55572087,0.35504878,0.07314844,0.016081948,3
773400188,10,하지만 이것도 많이 쓰다 보면 또 생기겠죠.,galaxy_z_flip7,5,3,1,weak_negative,True,0.26087868,0.37917677,0.32681075,0.03313383,2
766404990,11,접히는 구조라서 “내구성이 괜찮을까?”,galaxy_z_flip7,5,3,1,weak_negative,True,0.25883275,0.404283,0.2794775,0.05740673,2
761955693,7,보호필름 1회 부착 서비스를 시행하고 있으니 돈주고 하지마시고 꼭 서비스 받도록 하세요,galaxy_z_flip7,5,3,0,negative,True,0.35040462,0.26380134,0.2985754,0.08721869,1
761955693,21,"그리고 플립을 펼치면, 끊김",galaxy_z_flip7,5,3,1,weak_negative,True,0.323417,0.40373567,0.24595833,0.02688901,2
756300850,16,버튼 한번만 눌러주시길 부탁드립니다❤️,galaxy_z_flip7,5,3,0,negative,True,0.4445563,0.32247925,0.19058391,0.04238054,2
750758013,4,성능은 좋은데 디자인적으로 맘에드는 포인트가 없달까여..,galaxy_z_flip7,5,3,1,weak_negative,True,0.11962251,0.6556417,0.19869429,0.026041478,2
750758013,12,이 정도 발열은 S 25 쓸 때도 있었거든요,galaxy_z_flip7,5,3,1,weak_negative,True,0.24494912,0.5788738,0.14948326,0.026693778,3
750758013,14,이런 부분에 대해서 잘 모르시는 분도 많을 것 같애요.,galaxy_z_flip7,5,3,1,weak_negative,True,0.23232171,0.40858507,0.31948608,0.03960716,2
750758013,19,- 그리고 카메라 화질은 확실히 S 시리즈보다는 떨어지는 편입니다.,galaxy_z_flip7,5,3,1,weak_negative,True,0.09441925,0.47375566,0.38500494,0.046820194,4
750758013,20,확대해 보면 살짝 노이즈도 있구요,galaxy_z_flip7,5,3,1,weak_negative,True,0.24243036,0.37661597,0.3362723,0.04468135,4
750487501,11,"단점 :광학줌이 부재하고 ,저조도성능

에서도 제한 적인 개선이유일 한약점 입니다.",galaxy_z_flip7,5,3,1,weak_negative,True,0.25072002,0.3627758,0.35027516,0.036228973,4
750058165,3,너무 무겁고 주머니에도 잘 안들어가고..,galaxy_z_flip7,5,3,1,weak_negative,True,0.27473977,0.5285864,0.1586828,0.03799103,2
750058165,12,이걸 포기못해서 아이폰 못 넘어가겠다라는게 확 체감되더라고요.,galaxy_z_flip7,5,3,1,weak_negative,True,0.14365363,0.4247673,0.37871212,0.05286691,3
750058165,15,"단점
1. 피려면 두 손으로 공손하게
옛날 사람이라면 피쳐폰을 한손으로 휙 열던걸 기억하실거에요.",galaxy_z_flip7,5,3,0,negative,True,0.39872706,0.30546016,0.26252198,0.033290748,3
750058165,16,플립은 아무래도 그정도의 힘으로 열수는 없더라고요.,galaxy_z_flip7,5,3,1,weak_negative,True,0.16079605,0.45719734,0.34257197,0.03943467,2
750058165,20,이 단점은 기존 아이폰 유저만 해당할거 같네요.,galaxy_z_flip7,5,3,1,weak_negative,True,0.15291998,0.5056726,0.30852336,0.032884073,3
750058165,21,3. 생각보다 불편한 lte.,galaxy_z_flip7,5,3,1,weak_negative,True,0.28368396,0.4879613,0.20958078,0.018774051,2
748056975,1,5년6개월정도 사용하다보니..,galaxy_z_flip7,5,3,1,weak_negative,True,0.12350812,0.58656156,0.2676555,0.022274856,3
746972865,8,케이스 끼우는 게 아까울 정도입니다.,galaxy_z_flip7,5,3,0,negative,True,0.40691572,0.39150628,0.1646679,0.03691012,2
746282348,1,하긴 저같은 60대 아줌마도 샀으니까요,galaxy_z_flip7,5,3,1,weak_negative,True,0.28547472,0.3080809,0.2905955,0.115848854,3
746282348,3,처음 받아본 느낌은 이렇게 비싼 걸 문 앞에 그냥 던지고 가도 되나.,galaxy_z_flip7,5,3,1,weak_negative,True,0.38703758,0.46542984,0.11383844,0.033694066,1
746282348,5,케이스 하나 없이 본체만 달랑 왔고.,galaxy_z_flip7,5,3,1,weak_negative,True,0.23606147,0.4916113,0.25542074,0.016906543,1
746282348,6,충전기도 없이 충전기 줄만 들어있네요,galaxy_z_flip7,5,3,0,negative,True,0.56359345,0.32263207,0.10524239,0.0085320845,1
746282348,7,안쪽은 필름이 붙어 있다고 하는데 밖에있는 부분은 필름이 안 붙어 있고 기존 보다,galaxy_z_flip7,5,3,1,weak_negative,True,0.11788409,0.68165064,0.18477356,0.015691662,2
800373252,13,"단점
한두푼 하는것도 아니고 뾱뾱이 하나 없이 오는건 쿠팡의 문제라고 생각해요",galaxy_z_flip7,5,3,0,negative,True,0.70120335,0.2399493,0.051518664,0.007328688,1
800373252,14,몇년전 에어팟 주문할때도 그러더니 이건 좀 개선해야할거 같습니다,galaxy_z_flip7,5,3,1,weak_negative,True,0.15827811,0.62626684,0.20263243,0.01282266,3
800373252,15,"예전에는 이어폰, 충전기 본체도 줬는데 요즘엔 그런것도 없네요",galaxy_z_flip7,5,3,1,weak_negative,True,0.21361533,0.60556865,0.15872942,0.02208661,3
746165602,3,그런데 공개되고 색상때문에 낙심..ㅠ,galaxy_z_flip7,5,3,1,weak_negative,True,0.20610738,0.5417832,0.2324982,0.019611213,2
745461410,4,"<♡

✅️갤럭시 z플립7 일반인의 솔직한 후기
-커버 디스플레이 잘 안쓰게 됨",galaxy_z_flip7,5,3,1,weak_negative,True,0.11069963,0.450106,0.39528388,0.04391047,4
745461410,5,"( 좀 더 써봐야 알 것 같음)
-카메라가 어쩔땐 흐리게 어쩔땐 선명하게 찍힘.",galaxy_z_flip7,5,3,1,weak_negative,True,0.09081614,0.45940042,0.4115834,0.0382001,4
745461410,6,"-키보드가 짱커서 좋음 , 네일한 사람들은 알겠지만 타자 치기 쉽지않음",galaxy_z_flip7,5,3,1,weak_negative,True,0.11014761,0.45080614,0.40843028,0.030615997,4
745461410,8,-소리가 너무 까랑까랑 하게 나서 귀가 아픔.,galaxy_z_flip7,5,3,1,weak_negative,True,0.14381742,0.6443069,0.19892019,0.012955408,3
745461410,9,-누워서 핸드폰 하면 팔이 저림,galaxy_z_flip7,5,3,1,weak_negative,True,0.32190624,0.47965625,0.18153422,0.016903263,3
745205222,0,3년동안 잘 사용했는데...,galaxy_z_flip7,5,3,1,weak_negative,True,0.16825306,0.55664575,0.25343406,0.021667141,2
745205222,10,문의결과 상품옵션에 따라 출고일이 다르다고 합니다.,galaxy_z_flip7,5,3,1,weak_negative,True,0.26095065,0.46483174,0.2514052,0.022812437,1
745205222,16,"물론 슬림한디자인이라 어쩔수 없다곤 하지만
너무 카메라가 튀어나와서 좀 불안하긴 해요.",galaxy_z_flip7,5,3,1,weak_negative,True,0.17796353,0.45088395,0.33641025,0.034742273,4
744572826,19,내 인생만 제자리에서 머물렀나봐...,galaxy_z_flip7,5,3,1,weak_negative,True,0.21783927,0.6456574,0.12278708,0.013716194,2
744572826,22,다음엔 제발 예쁜 초록색도 좀 좀 좀 뽑아줘요.,galaxy_z_flip7,5,3,1,weak_negative,True,0.10985754,0.44280347,0.3033189,0.14402005,1
789547766,5,이부분은 역시 아쉽긴합니다~~~,galaxy_z_flip7,5,3,1,weak_negative,True,0.12814438,0.48446763,0.36628807,0.02109987,2
784110069,0,"쿠팡으로 폰을 세대 구입했는데
하나같이 포장이 참...",galaxy_z_flip7,5,3,1,weak_negative,True,0.15129226,0.592036,0.23367614,0.022995537,1
784110069,1,뽁뽁이라도 감아서 보내주면 좋을텐데요.,galaxy_z_flip7,5,3,1,weak_negative,True,0.353685,0.4183352,0.21057916,0.017400607,1
784110069,2,문제 없이 받긴 했지만 기분이가 별로에요.,galaxy_z_flip7,5,3,1,weak_negative,True,0.35547972,0.5318506,0.10089459,0.011775136,1
784110069,7,"삼성 젤리 케이스도 구입하고 액정 붙이러 서비스센터 갔는데
내부 보호필름은 부착되어 출고 되고 전면만 붙이면 되는데
공장에서 보호필름이 깔끔하게 부착이 안된거 같다고
무상으로 다시 붙여주셨어요.",galaxy_z_flip7,5,3,0,negative,True,0.46673402,0.21483965,0.28760126,0.03082506,1
745553289,0,플립 첫경험/ 단점!너무뜨거워 아스팔트다!,galaxy_z_flip7,5,3,1,weak_negative,True,0.14868675,0.54603463,0.26217693,0.04310168,2
745553289,9,배터리는 하루 반쯤 느낌. 과하게 쓰면 하루.,galaxy_z_flip7,5,3,1,weak_negative,True,0.3053946,0.44761088,0.21150737,0.035487145,3
812510949,5,"쿠팡박스에 담겨 왔는데 손상은 없었지만 
너무 허술하게 배송되어 살짝 불안했어요ㅜ",galaxy_z_flip7,5,3,1,weak_negative,True,0.0804597,0.6599521,0.23707002,0.022518262,1
812510949,10,배터리가 너무 오래가서 좋더라구요ㅠㅜ,galaxy_z_flip7,5,3,1,weak_negative,True,0.122883454,0.68399405,0.17872809,0.014394313,3
803956913,4,"단점

가격대가 높아 부담스러울 수 있음",galaxy_z_flip7,5,3,1,weak_negative,True,0.14541508,0.4811552,0.34898424,0.024445446,5
803956913,5,플렉서블 디스플레이 특성상 내구성에 민감할 수 있음,galaxy_z_flip7,5,3,1,weak_negative,True,0.11425543,0.4393333,0.41942176,0.02698949,4
809680229,0,#사용하기 더 편리해짐 #액정깨질까무서움 #,galaxy_z_flip7,5,3,1,weak_negative,True,0.0926759,0.43845943,0.41024983,0.05861482,4
809680229,7,"아쉬웠던 점 & 주의할 점

✔️힌지(접히는 부분) 관리 필요 
:  접고 펴는 횟수가 많으면 가끔 “이음새” 느낌이 느껴져서,
너무 거칠게 다루면 오래 못 갈까 걱정됨.

✔️",galaxy_z_flip7,5,3,1,weak_negative,True,0.20242628,0.5487625,0.2335247,0.0152864745,2
750521882,5,"암튼 쿠팡이 배송일정 밀리는것 없이 28일 도착이었고
주문한 것보다 일찍 오긴 했지만
문제가 있었음",galaxy_z_flip7,5,3,1,weak_negative,True,0.29050374,0.38064104,0.2910974,0.037757844,1
773567952,9,"(예전쓰던거는 20% 남아있었음)

그리고 아쉬운건 카메라..",galaxy_z_flip7,5,3,1,weak_negative,True,0.17869976,0.4537493,0.29628408,0.07126686,4
773567952,10,플립6 쓰시는 분꺼랑 비교하면 너무 어두워요....,galaxy_z_flip7,5,3,1,weak_negative,True,0.13999572,0.49360842,0.28102446,0.08537142,4
773567952,11,검색해보니 플립7의 문제점 중 하나더라구요,galaxy_z_flip7,5,3,0,negative,True,0.5353776,0.2952272,0.14400493,0.025390197,4
762926840,1,안전하게 포장돼 있어 박스에 흠집이나 눌림,galaxy_z_flip7,5,3,1,weak_negative,True,0.09167849,0.5044252,0.36715233,0.03674392,1
746532334,9,망설임은 구입시기를 늦출뿐 ...,galaxy_z_flip7,5,3,1,weak_negative,True,0.14338174,0.66388047,0.16707402,0.025663797,1
875549877,7,최신 프로세서 탑재로 멀티태스킹이 끊김,galaxy_z_flip7,5,3,1,weak_negative,True,0.17350876,0.6370053,0.17292465,0.016561264,0
745232607,6,멀쩡한 신랑 갤럭시S24도 접어버리려고 하니까요ㅋㅋ,galaxy_z_flip7,5,3,1,weak_negative,True,0.37421402,0.44316518,0.15203014,0.030590592,3
744936084,12,이전 폰은 그냥 접힌 게 눈에 보이거든요..,galaxy_z_flip7,5,3,1,weak_negative,True,0.100112416,0.6093296,0.25680703,0.033751003,3
744936084,13,그래도 크게 신경 안 쓰고 썼는데 이번에는 보려고 해도 잘 눈에 안 띄어요ㅎㅎ,galaxy_z_flip7,5,3,1,weak_negative,True,0.14889064,0.47797498,0.3380074,0.035126947,4
744936084,25,플립5 카메라가 많이 안 좋았거든요...,galaxy_z_flip7,5,3,1,weak_negative,True,0.07711524,0.45193732,0.4102971,0.060650323,4
745415042,6,당분간 취침이 늦어지겠어요~,galaxy_z_flip7,5,3,1,weak_negative,True,0.1944682,0.466859,0.29817897,0.040493786,2
762683968,1,접히는 스마트폰이 과연 실사용에 편할까,galaxy_z_flip7,5,3,1,weak_negative,True,0.30969903,0.37867624,0.25751808,0.054106686,3
755403556,1,사전예약을 놓쳐서 좀 아쉽긴 한데...,galaxy_z_flip7,5,2,1,weak_negative,True,0.0580774,0.46665132,0.4222198,0.053051453,1
755403556,11,를 기대했는데 웬 노답 메탈 삼형제를 출시했길래 삼성 감다뒤?,galaxy_z_flip7,5,2,1,weak_negative,True,0.2966862,0.5014076,0.16869098,0.033215165,3
755403556,15,엑시노스 넣은건 좀 열받긴 해요ㅠ,galaxy_z_flip7,5,2,1,weak_negative,True,0.26114652,0.47628796,0.24363235,0.01893322,3
755403556,16,아무리 플립 사용자들이 기능보다 디자인을 중요시한다고 해도...,galaxy_z_flip7,5,2,1,weak_negative,True,0.0944743,0.48311126,0.39394262,0.028471848,2
755403556,20,외부액정이 커져서 더 심해졌는지도 모르겠습니다.,galaxy_z_flip7,5,2,1,weak_negative,True,0.2116484,0.4955185,0.26712272,0.025710406,2
755403556,21,안드로이드 오토 연결하면 진짜 터질듯 뜨거워져서 조수석에 통풍시트 틀어드리고 엎어둔 채 운전합니다;;,galaxy_z_flip7,5,2,0,negative,True,0.5554286,0.34127998,0.08542472,0.017866619,3
755403556,23,그리고 전면화면 베젤이 얇다보니 케이스들이 다 별로예요...ㅋㅋㅋ,galaxy_z_flip7,5,2,1,weak_negative,True,0.19779441,0.5930955,0.18238677,0.02672332,2
755403556,24,디자인도 뒷판에만 들어가야 하다보니 예쁜 케이스 찾기가 하늘에 별따기 예쁜 정품케이,galaxy_z_flip7,5,2,1,weak_negative,True,0.20810284,0.45225343,0.27630022,0.063343525,2
770617416,4,좌우 뒤로가기 신세계입니다..ㄷㄷ,galaxy_z_flip7,5,3,1,weak_negative,True,0.24874389,0.39560878,0.2861307,0.06951663,2
770617416,6,사진작가도 아니고 일상생활에서 차고 넘치게 쓸 수 있습니다(역체감이 있을뿐),galaxy_z_flip7,5,3,0,negative,True,0.42070973,0.1708141,0.2892878,0.11918838,2
880246794,2,아..카메라 는 절대 기대하지 마세요,galaxy_z_flip7,5,3,0,negative,True,0.39817083,0.3127789,0.20793352,0.08111668,4
851098630,5,: 저렴한데 스펙은 고급이다.,galaxy_z_flip7,5,3,0,negative,True,0.48888147,0.29473048,0.18149555,0.034892485,5
754594951,4,"스냅드래곤 최신 칩셋 덕분에 앱 실행, 멀티태스킹, 게임 플레이 모두 끊김",galaxy_z_flip7,5,3,1,weak_negative,True,0.28580034,0.41579723,0.26491758,0.033484835,0
766096807,0,우선 제일 걱정됐던 점은 후기마다 뽁뽁이가 있고 없고의 여부였어요 ㅠㅠ,galaxy_z_flip7,5,3,1,weak_negative,True,0.20230572,0.4216749,0.34567317,0.03034625,1
797015392,4,"단점 

여성용 휴대폰이라는 이미지가 강합니다",galaxy_z_flip7,5,3,1,weak_negative,True,0.32290155,0.34495428,0.2701181,0.06202606,3
797015392,5,남자들은 바지에 넣으면 바지가 살살 내려가요 ㅠ,galaxy_z_flip7,5,3,1,weak_negative,True,0.17675224,0.41151083,0.35210824,0.059628733,2
797015392,6,"그리고 남자들의 제일 단점 차량 무선충전기에 제대로 안착이
안되서 매번 이리갔다가 저리갔다가 충전 맞춰놓기 힘듭니다 

ㅠ",galaxy_z_flip7,5,3,1,weak_negative,True,0.30931747,0.52113825,0.13779697,0.031747304,3
797015392,7,저는 이게 제일 큰 단점이였습니다,galaxy_z_flip7,5,3,1,weak_negative,True,0.18892922,0.5588447,0.22840106,0.02382503,2
746913647,1,원래 28일예상 수령이었는데..,galaxy_z_flip7,5,3,1,weak_negative,True,0.20399052,0.5271288,0.2448091,0.024071518,1
803758397,2,일단 가볍고 외부화면 커진건 좋은데 특별하게 활용을 잘 안해요,galaxy_z_flip7,5,3,1,weak_negative,True,0.10403243,0.4266764,0.4125063,0.056784876,4
803758397,3,폰을 거의 닫지를 않아서...,galaxy_z_flip7,5,3,1,weak_negative,True,0.1506636,0.6463058,0.18153556,0.021494955,3
803758397,4,다른것보다 카메라 화질이 진짜 구려요,galaxy_z_flip7,5,3,1,weak_negative,True,0.30379903,0.5560317,0.12528703,0.014882257,4
745974297,3,대신아쉬운점은 이번에는 색이..넘  단순?,galaxy_z_flip7,5,3,1,weak_negative,True,0.102280535,0.70705104,0.17261715,0.0180512,4
802627796,6,그걸 잊을 정도로 디자인이 마음에 드니 패스!,galaxy_z_flip7,5,3,1,weak_negative,True,0.17694771,0.42629993,0.35202023,0.044732094,2
824172826,0,아이폰에서 넘어간 사람입니다,galaxy_z_flip7,5,3,0,negative,True,0.65871894,0.24584088,0.072133616,0.023306554,3
824402592,6,단점 1. 쿠팡 보험이 애매합니다.,galaxy_z_flip7,5,3,0,negative,True,0.4798034,0.2683431,0.22706798,0.024785591,1
808552660,7,아 그리고 구매전에 쿠팡케어 같이해야 보험적용할 수 있으니 구매후에는 ㅠ 번거롭지만 반품하고 다시 해야함..,galaxy_z_flip7,5,3,0,negative,True,0.6640474,0.24178137,0.08467635,0.009494886,1
752974529,8,옛날 플립은 접히는 부분이 티나고 그러던데 요즘 나오는건 그냥 화면이랑 다를게 없어요.,galaxy_z_flip7,5,3,1,weak_negative,True,0.2579173,0.47955567,0.21795045,0.04457661,4
748066947,2,여자 손에 한 손에 안 들어오기도 합니다.,galaxy_z_flip7,5,3,0,negative,True,0.45499972,0.35299516,0.15388995,0.038115174,2
744582360,8,"SNS, 유튜브, 카카오톡, 사진첩 등 자주 쓰는 앱들 끊김",galaxy_z_flip7,5,3,1,weak_negative,True,0.40802324,0.4645972,0.11210576,0.015273887,0
810348355,6,특히 어두울때에는 더더 심했구요..,galaxy_z_flip7,5,3,1,weak_negative,True,0.2322875,0.5591849,0.18375468,0.02477296,4
835918091,6,감도가 너무 높아서 스치기만 해도 아무 어플이나 와다다 눌립니다.,galaxy_z_flip7,5,3,0,negative,True,0.5746741,0.32788825,0.08263652,0.014801085,0
835918091,8,풀충하고 하루종일 쓰다가 자기전에 20퍼-30퍼 정도 돼요.,galaxy_z_flip7,5,3,0,negative,True,0.41884518,0.3851301,0.14771235,0.048312385,3
774634370,1,여러분의 스마트폰에 대한 모든 기준을 버리십시오.,galaxy_z_flip7,5,3,0,negative,True,0.54020596,0.2818719,0.13280544,0.045116756,3
774634370,2,이것은 단순한 '폰'이 아닙니다.,galaxy_z_flip7,5,3,0,negative,True,0.49017948,0.27628216,0.20671824,0.02682005,3
750515270,1,외부액정 커버도 이미 붙였는데 버리게 되었고 이틀 왕복 주유비에.. 데이터 다시 옮기는 번거로움까지... 제가 운이 좋지 않았나봅니다,galaxy_z_flip7,5,2,0,negative,True,0.5942137,0.30717826,0.08227546,0.01633253,3
746049931,14,성능: 엑시노스 2500 탑재로 버벅임,galaxy_z_flip7,5,3,1,weak_negative,True,0.17810707,0.59897035,0.2076031,0.015319517,0
832280894,16,1번째 구매 / 재구매 의사 없음,galaxy_z_flip7,5,2,1,weak_negative,True,0.10584464,0.53508335,0.32963714,0.029434875,1
753410324,0,와이프가 아이랑 물놀이 하다가 핸드폰이 침수가 되었네요..,galaxy_z_flip7,5,3,1,weak_negative,True,0.33446714,0.360759,0.26057938,0.04419438,3
753410324,6,엑시노스냐 스냅드래곤이냐 하더니 지금은 별말없어요,galaxy_z_flip7,5,3,1,weak_negative,True,0.25144207,0.3891321,0.2803133,0.07911247,3
744851933,1,삼성강남 민트컬러 사고 싶었는데..,galaxy_z_flip7,5,3,1,weak_negative,True,0.09904542,0.52564925,0.3324225,0.042882778,1
824069146,20,배터리 타임은 여전히 아쉬울 수 있어요!,galaxy_z_flip7,5,3,1,weak_negative,True,0.17203769,0.39193535,0.36993328,0.06609368,3
824069146,23,"발열 관리가 조금 필요해요! 
    고사양 게임을 오래 돌리면 윗부분이 뜨끈해지는 게 느껴집니다.",galaxy_z_flip7,5,3,1,weak_negative,True,0.23299548,0.5357766,0.19853385,0.03269405,3
760466053,7,"싫은점
- 처음에 아이콘이 아이폰이랑 달라서 어색했던거?",galaxy_z_flip7,5,2,1,weak_negative,True,0.10784176,0.59183586,0.27396902,0.02635333,3
760466053,8,"- 음,,, 없,,,,, 한달반 넘었는데 아직 모르겠어영
- 아 !",galaxy_z_flip7,5,2,1,weak_negative,True,0.167984,0.43314165,0.36171478,0.037159596,2
748250815,5,3는 오래 쓰면 발열이 좀 있었는데 ..,galaxy_z_flip7,5,3,1,weak_negative,True,0.08683383,0.45658866,0.4090975,0.04748003,3
788085171,16,"블특성

상약간 더신경써야 합니다.",galaxy_z_flip7,5,3,1,weak_negative,True,0.18500842,0.4068854,0.37693807,0.031168122,2
788085171,17,일반 스마트폰보다보호옵션이 좀까다로워 요.,galaxy_z_flip7,5,3,1,weak_negative,True,0.103170484,0.42041945,0.41107082,0.06533919,3
875504627,2,저렴한 기종에 노예계약만(심지어 못된 심보 대리점만났는지 과잉 부가서비스 추가) 하시곤 하셔서 이제 제가 살펴드리고 있습니다.,galaxy_z_flip7,5,3,0,negative,True,0.6175182,0.16266182,0.17350157,0.04631843,5
779232732,28,상품 막상 많이 사용하는가?,galaxy_z_flip7,5,3,0,negative,True,0.43667352,0.284743,0.2415413,0.03704219,1
746371672,2,"카메라
접어서 찍는 로우앵글샷이 예술!",galaxy_z_flip7,5,3,1,weak_negative,True,0.14492217,0.3914792,0.37118205,0.09241666,4
747817019,1,"뾱뾱이도 하나도 없이 덩그러니 핸드폰 박스 하나만....
포장이 너무;;어이없어서;;;택배물품이라 기사님들 보면 막 던지기도 하고 그러던데...",galaxy_z_flip7,5,2,0,negative,True,0.5567936,0.3810072,0.05585145,0.0063477424,1
747817019,2,"받자마자 기분부터 상했네요;
(추후에 리뷰들 보니 뾱뾱이 포장 된 분들도 있던데...랜덤인듯?)",galaxy_z_flip7,5,2,0,negative,True,0.61684996,0.2621342,0.108870454,0.012145409,1
747817019,6,"이미 제품을 받아서 그런지 사전예약이 끝나서 그런지 아무것도 보여지지않아서 좀 당황;;;
홈페이지 전화해보니 삼성에 전화해서 물어봐야 한대서 또 당황;;
이래저래 좋은기분보단 찝찝한 기분이 컷던 핸드폰 구매 후기였습니다.",galaxy_z_flip7,5,2,0,negative,True,0.38733345,0.31756526,0.25570917,0.03939219,1
747620340,4,다양성도 모자르고 색이 촌스러워요,galaxy_z_flip7,5,3,1,weak_negative,True,0.4095759,0.4513813,0.12012255,0.01892026,2
747620340,5,"그래서 블랙으로 삿습니다만 

아쉽습니다",galaxy_z_flip7,5,3,1,weak_negative,True,0.11093366,0.5063894,0.30718035,0.07549657,1
830063450,9,일반 바형 폰은 꾸미는거에 뭔가 한계적?,galaxy_z_flip7,5,3,1,weak_negative,True,0.21007441,0.5052783,0.24846037,0.036186885,3
844168781,7,성능도 일상 사용에서는 버벅임,galaxy_z_flip7,5,3,1,weak_negative,True,0.26771408,0.5561819,0.16134681,0.014757146,0
835332808,12,"내구성주의•Re ddit  후기
 기반으로보면
	과거플립 모델일부 는힌지및접히 는화면부분에서 오랜기간사용후 문제를겪 었다는사례 가보고되기 도했어요 —",galaxy_z_flip7,5,2,0,negative,True,0.3906662,0.38864726,0.19824252,0.022443965,2
801564993,1,선물로 드리려고 구매했는데 포장 상태가.. 그냥 휴대,galaxy_z_flip7,5,3,1,weak_negative,True,0.16649579,0.44002455,0.35252905,0.040950596,1
801564993,2,폰 하나 달랑 넣어놓으시면^^..ㅋㅋ,galaxy_z_flip7,5,3,1,weak_negative,True,0.19052355,0.46297485,0.2987503,0.04775126,3
801564993,3,두개 구매했는데 둘 다 그렇게 왔더라구요?,galaxy_z_flip7,5,3,0,negative,True,0.5709788,0.28529236,0.1317893,0.011939563,1
801564993,8,받은 다음날 선물할 예정이라 그냥 받았지 아니었으면 반품했을 거에요.,galaxy_z_flip7,5,3,0,negative,True,0.5878599,0.29523486,0.10305999,0.013845199,1
801564993,9,포장 때문에 불안해서 휴대폰 개봉하기 싫었거든요.,galaxy_z_flip7,5,3,1,weak_negative,True,0.2138238,0.4562364,0.28520086,0.04473896,1
745953607,3,앱등이 졸업 감사합니다❤️❤️,galaxy_z_flip7,5,3,1,weak_negative,True,0.2633475,0.49977428,0.21054827,0.026329936,2
835089922,2,전 케이스 원래 안 끼고 사용해요,galaxy_z_flip7,5,3,1,weak_negative,True,0.37092265,0.42924362,0.1815638,0.018269906,3
746203759,0,구매후기 제품 받자마자 외관 검사 중 내부카메라 아래 화면에 기포인지 불량인지 뭐가 동그랗게 보이는거에요,galaxy_z_flip7,5,3,0,negative,True,0.46726102,0.36617553,0.14944969,0.01711366,1
746243290,0,"포장상태 레전드 ㅋㅋㅋㅋㅋㅋㅋㅋㅋㅋㅋㅋ하하하(화남>기분상함)
같은돈으로 같은폰을 구매 했는데 차별 포장 
누구는 뽁뽁이로 포장에 취급주의 스티커까지 정성포장이고
누구는 에어백 넣어주고 
내폰은 왜 왜 불상하게 쿠팡박스에 달랑 
폰만 넣어서 보내주셧는지 의문입니다
⏬⏬⏬⏬⏬⏬⏬⏬⏬⏬⏬⏬⏬⏬⏬⏬⏬",galaxy_z_flip7,5,3,0,negative,True,0.8146663,0.138668,0.03823611,0.008429712,1
811561878,1,몰랐는데 7부터 화면이 옆으로 넓어졌네요,galaxy_z_flip7,5,3,1,weak_negative,True,0.1898316,0.42032066,0.31353784,0.0763099,4
811561878,4,고속버스 타고 2시간 30분 내내 유튜브보고 폰만 했는데 30-35퍼정도 닳아있었던거같음,galaxy_z_flip7,5,3,1,weak_negative,True,0.38562685,0.38733774,0.19653714,0.03049826,3
744889872,5,사정이 안좋은건 제 지갑뿐이네요,galaxy_z_flip7,5,3,1,weak_negative,True,0.36617637,0.39504892,0.2063586,0.032416157,1
769456730,6,"어머님이 스피커 폰으로만 통화하시는데, 접힌 상태에서는 스피커 폰이 안되고, 펴야지만 되더라고요.",galaxy_z_flip7,5,3,0,negative,True,0.43961626,0.3171071,0.21875924,0.024517376,3
744577581,0,플립은 접었다폈다 하기 불편하다,galaxy_z_flip7,5,3,1,weak_negative,True,0.15397862,0.61231357,0.21055685,0.023150954,2
744577581,1,살짝 떨어트리기만 했는데 as를 몇번했는지 모르겠다는 등등..,galaxy_z_flip7,5,3,1,weak_negative,True,0.31742346,0.5185884,0.15169111,0.012297009,2
749923872,2,박스가 찌그러져서 제품망가지지 않앗나 걱정 많앗는데 그래도 그나마 뽁뽁이 싸져있는 휴대폰 박스를 보고 다행인가싶다가도 괜히리뷰에 배송문제 많은게 아니네요..,galaxy_z_flip7,5,3,0,negative,True,0.42716578,0.4154067,0.13345946,0.023968054,1
749923872,3,100만원넘는 기기 제발 소중히 포장해서 배송만 해줘도 배송문제는 없을텐데...,galaxy_z_flip7,5,3,0,negative,True,0.44024247,0.4287869,0.116597,0.014373679,1
849410027,0,계속 쓰던거이긴한데 이번에 배터리는확실히 기존꺼보다는 딸리는것같네요.,galaxy_z_flip7,5,2,1,weak_negative,True,0.04508418,0.4577929,0.43178648,0.0653364,3
751143373,1,"타 사이트에서 할인을 받던, 여기서 카드할인을 받던 그 금액이 다 비슷하더라고요..",galaxy_z_flip7,5,3,1,weak_negative,True,0.16616172,0.43437958,0.35091895,0.048539802,5
747359552,4,"민트가 그으나마 취향이었는데,,,, 쿠팡에서 구매할 수가 없어서 단념...",galaxy_z_flip7,5,3,1,weak_negative,True,0.096627004,0.4811138,0.356825,0.06543416,1
747359552,5,도대체 색상 누구 취향으로 낸건가요,galaxy_z_flip7,5,3,0,negative,True,0.6208001,0.27397773,0.08923654,0.015985677,2
747359552,6,"삼성
화이트랑 실버 색상 내주는게 그렇게 어렵냐",galaxy_z_flip7,5,3,1,weak_negative,True,0.288616,0.4700231,0.21538055,0.02598035,3
778216508,1,갤럭시가 아이폰보다 움직이는 사람이라던지 찍기가 너무 힘드네요,galaxy_z_flip7,5,3,1,weak_negative,True,0.16115537,0.54486495,0.24631462,0.047665074,3
778216508,2,사진이 흔들려나와서 사진을 찍을땐 기존 쓰던 폰으로 찍고 있어요,galaxy_z_flip7,5,3,1,weak_negative,True,0.11934125,0.55318654,0.28139386,0.046078317,3
778216508,6,베터리양이 증가하면 좋겠어요ㅠㅠ,galaxy_z_flip7,5,3,1,weak_negative,True,0.17007783,0.43935424,0.34438974,0.04617819,1
795120999,2,"폰 많이 보는데 하루는 그냥 가요 물론 불안해서 보배 맨날 챙겨다니는건 안비밀,, 아무튼 카메라는 안좋은 거 알고사서..ㅎ",galaxy_z_flip7,5,3,1,weak_negative,True,0.37731558,0.41852883,0.14605162,0.058103953,3
746938120,0,"후기 박스 겉면에 취급주의 스티커 붙어 있는데

위에 다른 상자들을 쌓아 놨는지

상자가 찌그러져 와서

처음에 좀 걱정 됐어요",galaxy_z_flip7,5,2,1,weak_negative,True,0.26936573,0.3952818,0.31503728,0.020315163,1
748135115,1,그리고 커버화면쓰는거도 익숙하지않아서 의식해야써지고요 ㅎㅎ,galaxy_z_flip7,5,2,1,weak_negative,True,0.091316625,0.61400014,0.25924936,0.035433874,4
748135115,2,이쁘고 다좋은데 카메라가 아주별로에요,galaxy_z_flip7,5,2,1,weak_negative,True,0.06953221,0.656555,0.23766512,0.036247663,4
748135115,4,이건좀더 연구하고 공부해야댈거같아요,galaxy_z_flip7,5,2,1,weak_negative,True,0.21115683,0.44731548,0.32011494,0.021412818,2
748135115,5,목표물을 집중해서 찍어야대는데 주변이선명하고 찍을려는부위는 흐려요,galaxy_z_flip7,5,2,1,weak_negative,True,0.18210357,0.5929872,0.201321,0.023588205,4
747260859,2,이젠 공홈 혜택이 없는거 같은..,galaxy_z_flip7,5,3,1,weak_negative,True,0.11872613,0.5123104,0.31595168,0.05301185,1
769933698,1,고장은 안났는데 터치도 잘 안먹히고 화면이 필터 씌운것처럼 뿌옇게 되는 경우들이 빈번하게 발생해서 이젠 바꿔야겠다 싶더라고요~,galaxy_z_flip7,5,3,0,negative,True,0.41690928,0.4082089,0.15361463,0.021267222,4
744903096,1,근데 뭐 케이스나 필름 이런 건 하나도 없고 그냥 폰만 딸랑 오는거였네요 ㅎ,galaxy_z_flip7,5,0,1,weak_negative,True,0.36988664,0.45016256,0.16310558,0.016845206,1
744903096,2,보통 폰 사면 젤리케이스 하나 정도는 주던데 쿠팡은 그런거 없군요,galaxy_z_flip7,5,0,1,weak_negative,True,0.2595548,0.36996174,0.31578285,0.0547006,1
744903096,3,그리고 안심보험도 가입했는데 막상 조회는 안되고 어떻게 해야 하는지도 모르겠어요,galaxy_z_flip7,5,0,0,negative,True,0.5670089,0.32432756,0.09142805,0.017235521,1
744903096,4,롯데 보험에서도 아무런 항목도ㅜ없고 또 구입하면 쿠팡 캐시도 준다고 했던 거 같은데 그것도 없네요?,galaxy_z_flip7,5,0,0,negative,True,0.77702117,0.14639933,0.06626626,0.010313226,1
795573104,2,근데 갤럭시ai구독클럽 들라고 햇는데 일시불로 결제해서 안된다네요 ㅠㅠ,galaxy_z_flip7,5,3,0,negative,True,0.40187702,0.30178827,0.24796912,0.04836558,1
795573104,3,결제 취소하고 다시 결제하면 안되냐고 햇더니안된다,galaxy_z_flip7,5,3,0,negative,True,0.46842834,0.42862877,0.09283835,0.010104571,1
795573104,4,셔서 ㅠㅠㅠ 삼성카드 괜히 만들엇어요,galaxy_z_flip7,5,3,0,negative,True,0.5607565,0.3160872,0.0950177,0.028138604,2
746356569,2,게임도 안하고 영상도 잘 안봐서..,galaxy_z_flip7,5,3,1,weak_negative,True,0.12254983,0.49038756,0.3359015,0.05116102,0
746356569,4,옛날에 폴더폰 쓰는 느낌이에요ㅋㅋㅋ,galaxy_z_flip7,5,3,1,weak_negative,True,0.2510957,0.5822777,0.14847764,0.018148948,3
792319383,0,한몇달 쓰면서 카메라부분에 이물질이 들어가서 검은점이 생기더라고요,galaxy_z_flip7,5,1,1,weak_negative,True,0.22191584,0.6239845,0.1414392,0.012660406,4
792319383,2,다행히 서비스센터에서 확인후 폰결함이라 판단해 무상으로 교체했지만요,galaxy_z_flip7,5,1,1,weak_negative,True,0.27783844,0.41937482,0.28333515,0.019451583,1
756534484,3,근데 교환받을때 제품은 뽁뽁이 포장 하나 없이 박스에 폰만 덩그러니 담겨져 왔네요.,galaxy_z_flip7,5,2,1,weak_negative,True,0.3539373,0.45394957,0.18096402,0.01114909,1
756534484,4,그래도 140만원 제품인데 다음부터는 신경 좀 써주세요 ㅠㅠ,galaxy_z_flip7,5,2,0,negative,True,0.4391951,0.37790915,0.16403422,0.018861547,1
764634673,0,제품을 받고는 약간 실망스럽네요,galaxy_z_flip7,5,1,1,weak_negative,True,0.11768656,0.5279709,0.32950187,0.024840662,1
764634673,1,"본체와 케이블은 받았지만, 충전기가 없던데
박스를 보니 원래 없는것 같긴한데 그래도 핸드폰을 구매하는 고객으로서 당연히 들어 있어야할 충전기가 없다는건 말이 안돼는것 같습니다",galaxy_z_flip7,5,1,0,negative,True,0.73178804,0.16277346,0.09019703,0.0152414115,1
764634673,2,비싼제품에 몇천원 안하는 충전기가 없다는게 아이러니 합니다,galaxy_z_flip7,5,1,0,negative,True,0.4465788,0.38142556,0.14467451,0.02732107,3
764634673,3,서비스 차원에서 따로 포장해서 보내주시던가 해야하지 않을까요,galaxy_z_flip7,5,1,0,negative,True,0.49900168,0.38458264,0.10859664,0.007819106,1
752851731,1,오후 두신가 시켰는데 밤에왔어요;,galaxy_z_flip7,5,3,1,weak_negative,True,0.36700642,0.518665,0.099481,0.014847577,3
821163382,0,"근데 전면필름도 없고, 혹인 닦는",galaxy_z_flip7,5,2,0,negative,True,0.42586154,0.37545538,0.16297393,0.03570912,2
821163382,1,"헝겊, 혹은 기본클리어케이스  등 그어느 하나 사은품?",galaxy_z_flip7,5,2,0,negative,True,0.39158687,0.3772496,0.20468375,0.026479792,1
747709807,3,"요즘 단통법ㅍㅖ지되면서 다양한 혜택들로 유혹했지만, 비교해보면 똑같더라구요",galaxy_z_flip7,5,3,1,weak_negative,True,0.18822016,0.51289874,0.23730855,0.061572563,5
821193070,0,"쿠팡안심케어는 어디서확인가능한지요 핸폰구매하면서 쿠팡안심케어 까지 구매했는데
쿠팡안심케어가 등록되었는지 어디서 확인가능할까요",galaxy_z_flip7,5,0,0,negative,True,0.63416946,0.13482378,0.1552102,0.07579652,1
746638471,2,"하지만 배터리는 아쉽고, 발열과 카메라는 평범한 수준.",galaxy_z_flip7,5,3,1,weak_negative,True,0.11059648,0.6411185,0.22825614,0.020028867,3
754754938,3,투명케이스로 인해 좀 부담스러운 형광끼?,galaxy_z_flip7,5,3,1,weak_negative,True,0.18466574,0.4070145,0.33528432,0.073035434,2
803784045,0,"지금까지쿠팡에서 한번도안사보고 다 대리점에서샀는데
결국 그냥 쿠팡에서일시불로 사는게촤고더라구요.",galaxy_z_flip7,5,3,0,negative,True,0.47457045,0.39884764,0.089899346,0.036682617,1
746388246,1,걱정했던 힌지는 체감되지 않아요.,galaxy_z_flip7,5,3,1,weak_negative,True,0.15431921,0.43805146,0.35606417,0.051565167,2
748096192,2,그 외에 빠떼리가 생각보다 빨리 줄고 발열도 잇는 거 같아요.,galaxy_z_flip7,5,2,1,weak_negative,True,0.05437439,0.47772765,0.39343956,0.07445845,3
804129316,0,솔직히 플립 폴드라인은 성능 버리고 편리성땜에 사는거라 솔직히 플립이랑 폴드는...성능 좋아져봤자 s22울트라보다 못하잖아요ㅎㅎ,galaxy_z_flip7,5,2,1,weak_negative,True,0.21001785,0.38219553,0.30972445,0.09806222,2
751105381,1,엑시노스 탑재여서 별로다 어쩐다하지만 어쩌겠습니까,galaxy_z_flip7,5,3,1,weak_negative,True,0.1378079,0.40490988,0.3926303,0.06465192,3
857525641,0,"맥세이프 케이스 끼고
맥세이프 그립톡 착용했더니
자력이 닿는 그 구간만큼
노트 펜 인식 안됨^^

✅",galaxy_s26_ultra,1,0,1,weak_negative,True,0.36601436,0.5057136,0.11747214,0.010799842,4
857525641,2,"얼굴인식은
마스크 쓰거나 얼굴 일부 가려져있으면
인식 못함ㅋㅋㅋㅋㅋ",galaxy_s26_ultra,1,0,1,weak_negative,True,0.23988838,0.48925322,0.25029245,0.020565892,4
857525641,3,"무쓸모

✅카톡 사진전송 한번에 30개 밖에 안됨",galaxy_s26_ultra,1,0,1,weak_negative,True,0.39800215,0.50888336,0.08541449,0.007700003,4
857525641,4,"아이폰은 수십수백 선택해도 알아서 30개씩 나눠 전송해줘서 몰랐는데 갤럭시는 무조건 30개씩 끊어서 전송해야 함..

✅",galaxy_s26_ultra,1,0,1,weak_negative,True,0.38035613,0.48639446,0.11859614,0.014653254,3
857525641,5,사진 전송할 때나 다운 받을 때 속도 엄청 느림,galaxy_s26_ultra,1,0,1,weak_negative,True,0.19492301,0.619573,0.17497961,0.010524323,0
857525641,7,난 반대로 갤럭시 전송 속도 보고 놀람....,galaxy_s26_ultra,1,0,1,weak_negative,True,0.15362886,0.55173975,0.25872725,0.03590408,3
857525641,8,"아이폰은 너무 빨라서 갤럭시는 너무 느려서;
같은 공간 같은 무제한요금제 같은 통신사인데
폰 하나 다르다고 이렇게까지 달라지나 싶음",galaxy_s26_ultra,1,0,0,negative,True,0.5264905,0.3352445,0.119750395,0.018514534,3
857525641,9,새로 산 폰으로도 해보니 역시나..,galaxy_s26_ultra,1,0,1,weak_negative,True,0.27808183,0.59631556,0.106021695,0.019580953,3
857525641,10,"평소에 휴대폰 쓰면서
폰 잠금해제 할 때든
결제할 때든
보안해제를 제일 많이 쓰는데
지문도 안돼~ 얼굴인식도 안돼~
어쩌라는건지

맥세이프 구간 만큼 노트펜 못 쓰는 것도 구림

❓삼성페이 > 애플페이 써서 필요성 못 느낌
❓통화녹음 > T전화처럼 통신사 전화어플 쓰면 똑같음
❓",galaxy_s26_ultra,1,0,0,negative,True,0.60223067,0.2913721,0.087953545,0.018443732,3
857525641,11,"ai > 이거야말로 있으면 좋지만 없어도 그만인 기능
❓카메라 > 성능만 좋아지면 뭐함.",galaxy_s26_ultra,1,0,0,negative,True,0.46603984,0.3573708,0.15579227,0.020797126,2
857525641,12,사진 결과물은 아이폰 보다 구림...,galaxy_s26_ultra,1,0,1,weak_negative,True,0.11864961,0.6759373,0.18518329,0.020229802,4
857525641,13,"아이폰15프로랑 갤S26울트라 카메라 켜고 비교해봤는데
15프로는 색감을 그대로 구현하는 반면
울트라는 실제 색감을 그대로 담지 못함",galaxy_s26_ultra,1,0,1,weak_negative,True,0.23629858,0.4023033,0.310332,0.05106614,4
857525641,14,"전면카메라 화질 구린 것도 한 몫..
 
✅",galaxy_s26_ultra,1,0,1,weak_negative,True,0.20540297,0.6053511,0.1735979,0.015648054,4
855243682,0,삼성에선 쿠팡 관리 안하나요?,galaxy_s26_ultra,1,0,0,negative,True,0.8191064,0.13059072,0.042702526,0.007600409,1
855243682,1,갤럭시s26 울트라 예약 후 받았고 갤럭시ai구독 서비스를 신청하려고 아무리 뒤져도 안나와서 연락하니 아주 작게 표시해둔 갤럭시ai구독 자세히보기 들어가서 구입을 해야한다네요?,galaxy_s26_ultra,1,0,0,negative,True,0.42297664,0.15171547,0.30841646,0.1168914,1
855243682,4,"그리고 구독 서비스에 대한 내용을 저는 따로 삼성전자 방문하여 설명 들었기 때문에 구독서비스에 대한 자세한 내용을 볼 필요가 없어서 안들어갔고, 구독 시 필수적으로 자세히보기 항목으로 들어가야한다는 내용 조차 고지가 되어있지 않아서 바로 구매를 했던겁니다.",galaxy_s26_ultra,1,0,0,negative,True,0.57645285,0.1300695,0.21335787,0.08011983,1
855243682,5,자세히보기가 아니라 ai구독 신청하기로 되어있었으면 제 잘 못이겠지만 이건 명백히 업체 잘못입니다.,galaxy_s26_ultra,1,0,0,negative,True,0.839913,0.08162387,0.06854226,0.009920817,1
855243682,6,고객센터에 문의하니 모두가 하나 같이 고객 잘못으로 넘기시는데 기만 아닙니까?,galaxy_s26_ultra,1,0,0,negative,True,0.8483681,0.104697086,0.041185997,0.005748755,1
855243682,7,한 낱 이름 모를 사람 1명이라고 시스템 문제는 생각 못하시고 덮어버리기 바쁘시네요.,galaxy_s26_ultra,1,0,0,negative,True,0.77932304,0.14411412,0.066453435,0.0101093,1
855429611,0,AI구독클럽혜택때문짜증나네요,galaxy_s26_ultra,1,0,0,negative,True,0.45093375,0.34765556,0.17128758,0.030123122,1
855429611,5,이말은AI구독은사용하지말라는말인가요?,galaxy_s26_ultra,1,0,1,weak_negative,True,0.41402334,0.45106202,0.12144252,0.013472094,1
855429611,6,폰만사세사용하는건데핸드폰가지고있는실사용자를위주해야지...,galaxy_s26_ultra,1,0,0,negative,True,0.6289681,0.28318164,0.07842553,0.009424763,3
855429611,7,쿠팡아이디로여러사람이사용하는사람들도있는데..,galaxy_s26_ultra,1,0,1,weak_negative,True,0.17896304,0.5033172,0.2740064,0.043713342,1
855429611,8,광고베네쪽에크게안내를해놓던지...,galaxy_s26_ultra,1,0,1,weak_negative,True,0.15536165,0.66649663,0.15703782,0.021103863,1
855429611,9,소비자가제대로확인못했어그렇다고만하는데..진짜너무하네요...,galaxy_s26_ultra,1,0,0,negative,True,0.7630894,0.19013944,0.03912362,0.0076475013,1
855429611,10,"지급데폰사이유가없어졌고,아니면조금기다렸다가삼성닷컴에서할걸...",galaxy_s26_ultra,1,0,1,weak_negative,True,0.21446423,0.5861859,0.1716544,0.027695501,1
855429611,11,하는후회만남고..다시는쿠팡에서구매를안할겁니다..,galaxy_s26_ultra,1,0,0,negative,True,0.46494144,0.43827134,0.076263696,0.020523513,1
864708546,0,교환을 받으려했으나 교환은 못받고 삼성서비스에서 수리했습니다,galaxy_s26_ultra,1,0,1,weak_negative,True,0.3463269,0.43534955,0.20615302,0.012170462,1
864708546,1,지문쪽 문제였는대 삼성에서도 서비스센터쪽으론 1tb 재고가 안온다하여 교환못받았습니다,galaxy_s26_ultra,1,0,0,negative,True,0.52995867,0.29765618,0.15254217,0.019842934,1
864708546,2,"쿠팡측은 서비스센터의 제품불량판정서가 있어도
자체적으로 검토하여 8일이상 걸릴수있고
만약 재고가 없다면 환불처리한다고 하였습니다",galaxy_s26_ultra,1,0,0,negative,True,0.6153058,0.18453658,0.17797141,0.022186242,1
864708546,3,"환불처리시 보상안이 사전예약 보상보다 못미쳤고
기다릴태니 받을수있냐에대해 아무런 보증도 없었고
초기불량에대해 대처가 매우 미흡했습니다",galaxy_s26_ultra,1,0,0,negative,True,0.8056815,0.13329762,0.050253637,0.010767155,1
864708546,4,"삼성서비스에서 받은 불량판정서가 있음에도 왜 자체적인 검수를 해야하는지 모르겠고
사전예약혜택이 날아가는대 환불처리로밖에 대응을 못하는지 모르겠습니다",galaxy_s26_ultra,1,0,0,negative,True,0.82787067,0.12181462,0.041522354,0.008792339,1
864708546,5,다음번에 산다면 쿠팡에선 사전예약으로 휴대폰구매는 안할거같네요,galaxy_s26_ultra,1,0,1,weak_negative,True,0.19917819,0.373803,0.33918002,0.08783876,1
863714657,0,이백만원짜리 휴대폰인데 뾱뾱이도 없이 배송됨,galaxy_s26_ultra,1,1,1,weak_negative,True,0.32224014,0.5353571,0.12991214,0.012490613,1
858947107,0,220만원 포장상태 ㅋ ;;최악 최악 하..,galaxy_s26_ultra,1,0,1,weak_negative,True,0.39107403,0.5487188,0.05159133,0.008615846,1
858947107,1,"아이폰 17 샀을때도 포장 뽁뽁이 없어서
고객센터에 열불냈는데,
또 이모양으로 배송했네요.",galaxy_s26_ultra,1,0,0,negative,True,0.7176201,0.20100747,0.068408534,0.012963931,1
858947107,2,아니 박스에 달랑 저렇게 200만원 넘는 상품을 보내는 기업이 어디있습니까??,galaxy_s26_ultra,1,0,0,negative,True,0.7692778,0.19122714,0.03148707,0.008007996,1
858947107,3,진짜. 절대 절대 다시는 안삽니다.,galaxy_s26_ultra,1,0,0,negative,True,0.5969232,0.31612316,0.06413285,0.022820815,1
858947107,4,고객센테 문의하면 시정하겠습니다.,galaxy_s26_ultra,1,0,0,negative,True,0.8179813,0.096939296,0.07536276,0.009716673,1
858947107,5,늘 같은말만 반복하고 개선이 하나도 안됨.,galaxy_s26_ultra,1,0,1,weak_negative,True,0.35040867,0.570728,0.06959333,0.009269932,1
858947107,6,"2~30만원 가구하나만 사도 배송기사님들이 오셔서 다 설치해주고 서비스해주고 하는데, 포장상태 볼수록 가관이네요.",galaxy_s26_ultra,1,0,0,negative,True,0.7482716,0.16994448,0.07012012,0.011663791,1
857668416,0,첫 배송때 뽁뽁이  한바퀴 돌리고 큰박스에 들어와서 박스안에서 왔다리갔다리 혹시라도 전자제품이라 이상있을까 반품하며 다시 보내 달라 했는데...,galaxy_s26_ultra,1,0,0,negative,True,0.7459943,0.18264303,0.0646492,0.0067133973,1
857668416,1,상담사님이 알았다고 죄송하다고 꼭 다시 전해 드리겠다고 했는데 다시 배송온거 보니 감싸주지도 않고 휴대폰이랑 뽁뽁이랑 따로 분리되서 옴,galaxy_s26_ultra,1,0,0,negative,True,0.7609463,0.18871737,0.04578194,0.0045543704,1
857668416,2,개짜증 내가 내 돈 주고 170만원이 넘는 제품 샀는데 전자제품을 이따위로 해서 보내는 쿠팡 진짜 개 짜증이 나네요 배송 나만 그런건가요?,galaxy_s26_ultra,1,0,0,negative,True,0.8654793,0.09961566,0.027245479,0.0076595214,1
857473472,0,취급주의 스티커만 붙여놓고 던지는 배송은 좀 너무하지 않았나 생각합니다 아침에 배송된 박스 보고 설마 폰이겠어 했네요...,galaxy_s26_ultra,1,0,0,negative,True,0.6805083,0.13875356,0.16052082,0.020217275,1
858630585,0,갤럭시 AI 구독 서비스 광고만 하고 정확한 방법은 안알려줌.,galaxy_s26_ultra,1,0,1,weak_negative,True,0.23688233,0.5656313,0.17842132,0.019065095,1
858630585,1,"PC로 구매했는데 갤럭시 AI 구독 선택조차 없었고, PC로 구매하지 말고 폰으로만 구매하라는 안내도 없었음.",galaxy_s26_ultra,1,0,0,negative,True,0.59598815,0.25024217,0.13497831,0.018791357,1
858630585,2,"유료 전화, 24시간 채팅 상담, 고객 소리 다 이용했는데 시간만 끌고 다른 사람에게 토스만 함.",galaxy_s26_ultra,1,0,0,negative,True,0.7617666,0.17308742,0.05696943,0.008176532,1
858630585,3,쿠팡 너무 믿지 마세요. ㅜㅜ,galaxy_s26_ultra,1,0,0,negative,True,0.6203558,0.2821257,0.078963816,0.018554756,1
857727256,0,"포장이 제정신이 아님 이럴줄 알았으면 쿠팡에서 안사는건데
아무리 그래도 220만원이 넘는 고가의 휴대폰인데 하다못해 뽁뽁이라도 한장 두르지 그냥 박스에 딸랑 제품만 넣어서 포장하는건 제정신인가 싶음",galaxy_s26_ultra,1,0,0,negative,True,0.7651643,0.19231376,0.036964886,0.005557005,1
857727256,1,원래 리뷰같은거 아예 안남기는데 화나서 남김,galaxy_s26_ultra,1,0,0,negative,True,0.770752,0.15327272,0.059347626,0.016627708,1
855881377,0,뽑기실패 프라이버시 디스플레이가 사전예약기간에 체험한거보다 품질이 안좋은거같아요,galaxy_s26_ultra,1,1,1,weak_negative,True,0.3223517,0.5212076,0.1355834,0.02085733,2
855881377,1,"거의 80도는 돌려야 화면이 안보인다해야하나 
내용이 안보이는게 아니라 밝기 좀 낮춘정도로 보여서 저만 민감한건지..",galaxy_s26_ultra,1,1,0,negative,True,0.5195587,0.39865378,0.0709601,0.010827371,4
857926120,0,쿠팡에서 핸드폰 절대사지마세요,galaxy_s26_ultra,1,0,0,negative,True,0.64220476,0.28523389,0.05558511,0.016976299,1
857926120,1,인해 서비스센터점검받고 배터리불량이라 제품이 없다,galaxy_s26_ultra,1,0,1,weak_negative,True,0.40123436,0.49665022,0.087258905,0.014856513,1
857926120,2,케서 구매한곳 쿠팡에서 회수되8일걸린다고하고 일도 못하고  아그리고 제일 중요한거 전화8번해서 말전부다 바꾸네여,galaxy_s26_ultra,1,0,0,negative,True,0.86086273,0.10209872,0.030921282,0.0061172345,1
857926120,3,전자기기는 쿠팡에서 절대 금지합니다,galaxy_s26_ultra,1,0,0,negative,True,0.4997209,0.34410834,0.12675944,0.029411374,1
855613070,0,일찍 배송받아 앱설치하고 사용해보니 앱스토어 실행후 설치 열기 작업중 핸드폰 액정상단 좌측부분이 너무 뜨거워 손으로 잡고 잇다가는 데일정도로 뜨거워지네요,galaxy_s26_ultra,1,1,1,weak_negative,True,0.33037195,0.377314,0.23949233,0.05282173,3
855613070,1,뽑기가 잘못된건지 발열문의 해야겟습니다,galaxy_s26_ultra,1,1,0,negative,True,0.6688231,0.2526789,0.07013306,0.00836497,1
876032946,0,"밖에서 쿵 소리나길래 뭐지 택배왔나 싶어서 갔더니
이거였음",galaxy_s26_ultra,1,1,1,weak_negative,True,0.23231904,0.5141474,0.21269119,0.040842317,1
876032946,2,거의 200만원짜리 전자기기잖아요 ㅠㅠ,galaxy_s26_ultra,1,1,0,negative,True,0.5455171,0.31999713,0.11045633,0.024029423,1
876032946,3,반품 귀찮아서 그냥 씁니다.,galaxy_s26_ultra,1,1,1,weak_negative,True,0.2914665,0.5177655,0.17803738,0.012730547,1
858947564,0,12일까지 리뷰이벤트인데 13일에 보내주는게 어디있죠?,galaxy_s26_ultra,1,0,0,negative,True,0.67531157,0.25573468,0.058953602,0.010000132,1
858947564,1,라이브방송으로 1만원 페이백해준다고 그렇게 약을팔더니 이거 사기아닌가요?,galaxy_s26_ultra,1,0,0,negative,True,0.8734729,0.08845575,0.029433457,0.008637766,1
869303317,0,이놈들아 멍청한놈들아 전원도 안들어오는거 보내고 잠이와?,galaxy_s26_ultra,1,0,0,negative,True,0.7617859,0.20038608,0.030356646,0.0074713626,3
855968594,1,"해당 부분을 확인하기 위해 3월 3일부터 여러 차례 고객센터에 문의했지만
“담당 부서 확인 중”이라는 답변만 반복되고 명확한 안내를 받지 못했습니다.",galaxy_s26_ultra,2,2,0,negative,True,0.64596313,0.15204991,0.18475929,0.017227627,1
855968594,2,"상담 도중 질문에 대한 답변 없이 채팅이 종료되는 일도 있었고, 결국 며칠 동안 동일한 문의를 반복해야 했습니다.",galaxy_s26_ultra,2,2,0,negative,True,0.5032035,0.3104912,0.16518132,0.021124013,1
855968594,4,안내 지연과 상담 문제로 인해 구매 경험이 매우 불만족스럽습니다.,galaxy_s26_ultra,2,2,1,weak_negative,True,0.3667959,0.39441705,0.20537147,0.033415627,1
855968594,5,"제품 자체는 기대하고 구매했지만, 사전구매 혜택 관련 안내와 상담 처리 과정은 상당히 아쉬웠습니다.",galaxy_s26_ultra,2,2,1,weak_negative,True,0.25320402,0.36691284,0.3306054,0.04927776,1
855771666,0,충전하는중발열생김  한앱을10분이상사용하면발열상황이와요,galaxy_s26_ultra,2,0,0,negative,True,0.47448537,0.3714217,0.13362834,0.020464616,3
860354078,1,2주정도 지났는데 이제 거의 안되네요.,galaxy_s26_ultra,2,1,1,weak_negative,True,0.29207644,0.5121979,0.16784638,0.027879212,3
883513035,0,근데31일만에 메인보드 사망 핸폰 자체는 너무 좋으나 31일만에 유튜브 보던중 갑자기 먹통 전원 꺼짐,galaxy_s26_ultra,2,0,0,negative,True,0.45320904,0.40700042,0.12827303,0.011517549,3
883513035,1,"현상, 서비스센터 방문했으나 30일 지나서 교환불가 메인보드 교체 ㅋ 두번다시 삼성폰 안삽니다",galaxy_s26_ultra,2,0,0,negative,True,0.7000103,0.2398121,0.04817359,0.012004042,1
860725873,0,"기기는 좋은데 배송이 엉망 상자 하나에 아무런 완충재도 없이 폰 상자만 덜렁 보내면 어떡하라고, 어뜰하라고, 어떡콰라고, 어뜨카라고, 억떡하라고, 우뜨카라고, 모루카라고, 오픈카라고, 엉뜨켜라고, 영뚱하라고, 오또카라고 어떡하라고, 어뚫하라고, 어떡콰라고, 어뜨카라고, 억떡하라고, 우뜨카라고, 모루카라고, 오픈카라고, 엉뜨켜라고, 엉뚱하라고 200만 원이 넘는데 신경 좀 씁시다 고가 기기 포장 매뉴얼을 만드삼",galaxy_s26_ultra,3,0,0,negative,True,0.849282,0.112176344,0.029604185,0.008937413,1
856660108,0,이틀동안 잘쓰고 있었는데 s펜 캡처할라고 꺼내고 나서부터 터치가 안되네요,galaxy_s26_ultra,3,0,1,weak_negative,True,0.38644415,0.45827624,0.14275166,0.012527943,4
856660108,1,"재시작도 할수없고 짜증나네ㅛ
하필일요인에 이런일있으니",galaxy_s26_ultra,3,0,0,negative,True,0.60448766,0.33193737,0.056259613,0.007315314,2
858462518,0,배송상태 비추천 아니 적어도 뽁뽁이 정도는 감싸서 와야 되는거 아닌가요..,galaxy_s26_ultra,3,1,0,negative,True,0.61511064,0.3197062,0.052995406,0.012187823,1
858462518,1,박스에 덜렁 기계만 넣어서 왔네요..,galaxy_s26_ultra,3,1,0,negative,True,0.45103452,0.44470227,0.09355657,0.010706717,1
858462518,2,배송중 분명 이리저리 굴럿을텐데..,galaxy_s26_ultra,3,1,1,weak_negative,True,0.25448355,0.5209074,0.21305263,0.011556387,1
858462518,3,배송상태 불량이라 별점 뺏습니다.,galaxy_s26_ultra,3,1,1,weak_negative,True,0.17854793,0.42632794,0.37454653,0.020577537,1
862891184,0,200가까이되는거 사는데달랑핸드폰만보냄?ㅡㅡ,galaxy_s26_ultra,3,0,0,negative,True,0.69038516,0.25919735,0.044917278,0.005500218,1
858327466,10,"대용량 파일을 다루거나 영상 촬영, 편집 등을 할 때도 크게 버벅임",galaxy_s26_ultra,4,3,1,weak_negative,True,0.18182838,0.58710575,0.21485594,0.016209926,0
856675706,1,상품은 좋은데 배송은 정말 최악입니다...,galaxy_s26_ultra,4,1,1,weak_negative,True,0.13184579,0.589185,0.25752252,0.021446722,1
856675706,2,아무리 비가오는날이라도 기계가 돈이 얼마짜리인데 박스 다 젖어서 왔고 그냥 다 던져놓고 뭐하는짓인건지....,galaxy_s26_ultra,4,1,0,negative,True,0.73955107,0.22371855,0.031649552,0.0050808317,1
856675706,4,이따위로 고가의 상품 배송보낼꺼면 고가라인들은 자체 배송 하지마세요!!!!!!,galaxy_s26_ultra,4,1,0,negative,True,0.84593266,0.114231445,0.031015366,0.008820545,1
879979567,5,케이스 없이 바닥에 내려놓았을 때 수평이 맞지 않고 렌즈 주변에 먼지가 끼기 쉽습니다.,galaxy_s26_ultra,4,2,1,weak_negative,True,0.3338189,0.34726736,0.2952672,0.023646535,2
879069956,4,"게임, 영상 편집, 멀티태스킹 다 돌려도 끊김",galaxy_s26_ultra,4,3,1,weak_negative,True,0.36807996,0.5369482,0.08416186,0.010810001,0
855868115,0,좋긴 하지만 드라마틱하게 바뀐게 없는더 비싸다.,galaxy_s26_ultra,4,2,1,weak_negative,True,0.100224905,0.6885108,0.19167496,0.019589337,2
855868115,6,쿠팡으로 폴드6때도 샀었지만 약간 사은품등 아쉽네요,galaxy_s26_ultra,4,2,1,weak_negative,True,0.095766254,0.45362583,0.33290005,0.117707856,1
855868115,7,통신사나 다른데는기본 케이스부터 해서 이것 저것 그래도 쫌,galaxy_s26_ultra,4,2,1,weak_negative,True,0.22070086,0.5484615,0.2098086,0.021029042,5
855868115,8,주는데 쿠팡은 ...이제 메리트가 쫌 떨어지는듯.,galaxy_s26_ultra,4,2,1,weak_negative,True,0.107940964,0.59418637,0.26188606,0.03598662,1
855868115,9,그리고 검수 해보는데 눈에 띄는 문제는 없는데 카메라에 먼지 하나가 보여서 섭 센테 가봐야할꺼,galaxy_s26_ultra,4,2,1,weak_negative,True,0.29463845,0.47611162,0.2140637,0.015186292,4
856189021,0,아이폰 쓰다가 넘어왔는데ㅜ아직 적응이 안되네요,galaxy_s26_ultra,4,1,1,weak_negative,True,0.129578,0.6303186,0.21391606,0.02618737,3
856189021,1,"어쩔수없이 아이폰이랑 비교가 되는데
어플을 켰을때 자연스럽지 않고 튐 현상이라던지
어ㅊ플에 알람 갯수가 떠야하는데 생겼다가 없어졌다 한다던지
실행중인 앱들 확인했을때 비번 걸어놓은 어플들이 블러처리 없이 다 보인다던지 
갤러리같은 경우리에도 하단바에 미리보기로 움직이면
사진이 어두워졌다 밝아졌다 하던지 블러처리 됐다가 돌아오던지해요",galaxy_s26_ultra,4,1,0,negative,True,0.5415191,0.36557105,0.07510811,0.017801682,3
856189021,2,필름씌우니까 지문 인식도 잘안됨,galaxy_s26_ultra,4,1,1,weak_negative,True,0.3581499,0.49489397,0.13094926,0.016006932,4
856189021,3,제폰만의 문제인진 모르겠는데 거슬리는 부분이 상당히 많네요,galaxy_s26_ultra,4,1,1,weak_negative,True,0.21713018,0.4966393,0.2643135,0.021917025,3
856189021,5,기능이 꼭 필요한거 아니면 굳이라는 생각이드네요 ㅠㅠ,galaxy_s26_ultra,4,1,1,weak_negative,True,0.0919286,0.48805225,0.36175865,0.058260452,2
856189021,6,그리고 해당상품 상세 페이지는 왜 없어졌나요,galaxy_s26_ultra,4,1,0,negative,True,0.69284225,0.24522412,0.05158219,0.010351422,1
856189021,7,"리뷰이벤트 확인하려하는데,,",galaxy_s26_ultra,4,1,1,weak_negative,True,0.39235902,0.4320339,0.16056517,0.015041956,1
862924909,0,갤럭시s26울트라가 박스에 그냥 온 부분은 매우아쉬워요,galaxy_s26_ultra,4,2,1,weak_negative,True,0.13477866,0.4630605,0.36052278,0.04163809,1
862924909,2,그렇지만 아쉬운건 이 비싼 핸드폰을 박스에 그냥 넣어 보낸부분은 쫌 그래요.,galaxy_s26_ultra,4,2,1,weak_negative,True,0.2805784,0.46012947,0.23776497,0.02152717,1
862924909,3,비닐이라도 끼워서 보냈으면 얼마나 좋았을까 싶네요.,galaxy_s26_ultra,4,2,1,weak_negative,True,0.20432886,0.4706874,0.30011526,0.024868459,1
859192853,8,배터리는 오래 가긴 하지만 사용하는 만큼 빨리 닳긴 해요,galaxy_s26_ultra,4,3,1,weak_negative,True,0.10532731,0.48934138,0.37074855,0.034582805,3
881546811,3,케이스로 커버하기도 벅차네요 ㅠ,galaxy_s26_ultra,4,3,1,weak_negative,True,0.27043304,0.39916807,0.2859605,0.04443831,2
870263628,0,카메라부분이 튀어나와 테이블에 내려놓았을때 뒤뚱거려요...,galaxy_s26_ultra,4,2,1,weak_negative,True,0.22548491,0.53181577,0.22487873,0.017820587,4
870263628,1,뽁뽁이 달랑 한겹붙여 박스에 넣어 왔는데...,galaxy_s26_ultra,4,2,1,weak_negative,True,0.121538095,0.75113773,0.118621066,0.008703109,1
870263628,2,백오십만원도 넘는 폰을....작동 잘 되길 바래야 하는지...,galaxy_s26_ultra,4,2,1,weak_negative,True,0.28257287,0.4518574,0.2347295,0.030840244,3
860380678,2,배송왔을때 박스가 찢어져있어 그건 기분이 별로였어요,galaxy_s26_ultra,4,2,1,weak_negative,True,0.13680083,0.66009724,0.19069219,0.012409744,1
858053398,0,아이폰에서 넘어왔는데 생각보단 흠...,galaxy_s26_ultra,4,1,1,weak_negative,True,0.055445187,0.51343393,0.3825256,0.04859529,3
858053398,1,생각보다 되게이쁘진않고 뭔가 잡다한 기능이 많아서 기대보단 쏘쏘인것같은 느낌임,galaxy_s26_ultra,4,1,1,weak_negative,True,0.11360717,0.462603,0.36762905,0.056160867,2
858288890,0,"더블스토리지 때문에 예약구매 했지만 
디스플레이 이슈때문에 걱정입니다",galaxy_s26_ultra,4,2,1,weak_negative,True,0.18105216,0.39498758,0.34930924,0.07465103,2
856560525,0,같이 사용중인 17프로맥스에 비하면 모든게 딸립니다 성능에비해 너무 비싼 가격,galaxy_s26_ultra,4,1,1,weak_negative,True,0.1073115,0.5632014,0.24061596,0.08887112,5
882181588,11,"4️⃣ 단점
가격이 높은 편이라 부담이 있습니다.",galaxy_s26_ultra,5,3,1,weak_negative,True,0.111438274,0.42487213,0.39738044,0.06630915,5
882181588,13,또 기본 사용자에게는 성능이 과하게 느껴질 수도 있습니다.,galaxy_s26_ultra,5,3,1,weak_negative,True,0.16280478,0.50933945,0.2955768,0.032279015,2
875095774,18,앱 실행이나 화면 전환이 부드럽고 끊김,galaxy_s26_ultra,5,3,1,weak_negative,True,0.3465811,0.45715064,0.18436277,0.011905411,0
875095774,27,무게는 솔직히 가볍진 않아요.,galaxy_s26_ultra,5,3,1,weak_negative,True,0.11806128,0.46222186,0.3840998,0.035617106,2
874852502,12,빠른 속도로 달릴때나 험한 산길을 걸ㅇ르때 흔들림,galaxy_s26_ultra,5,3,1,weak_negative,True,0.099539414,0.45073694,0.39114892,0.05857467,2
876492899,1,설정 하나로 시야각을 제한해 대중교통이나 공공장소에서 옆 사람이 내 화면을 볼 수 없게 만듭니다.,galaxy_s26_ultra,5,3,1,weak_negative,True,0.38962767,0.4020602,0.18399224,0.024319798,4
871289140,2,와이프와 같은걸 쓰다가  와이프핸드폰  화면이  가네 마네,galaxy_s26_ultra,5,3,1,weak_negative,True,0.33177707,0.48784956,0.15521914,0.02515432,3
870645721,13,앱 전환이나 멀티태스킹도 끊김,galaxy_s26_ultra,5,3,1,weak_negative,True,0.2944262,0.5760588,0.11577224,0.013742789,0
881679909,5,종전 폰의 낮은화질로 인한 시력저하로 고생했기에...,galaxy_s26_ultra,5,3,1,weak_negative,True,0.08801343,0.5072295,0.3494662,0.055290844,4
864412318,14,앱 전환 속도나 멀티태스킹도 버벅임,galaxy_s26_ultra,5,3,1,weak_negative,True,0.23214255,0.5945569,0.16347592,0.009824589,0
863132468,10,"앱 실행 속도, 멀티태스킹, 게임까지 전혀 끊김",galaxy_s26_ultra,5,3,1,weak_negative,True,0.23625441,0.46856862,0.26905653,0.026120376,0
862989548,14,다 넘어온 줄 알았는데 종종 안 옮겨지는 앱들이 있어서 하나하나 수동으로 다시 잡느라 애 좀 먹었습니다.,galaxy_s26_ultra,5,3,1,weak_negative,True,0.29759705,0.335622,0.33208007,0.034700904,3
862820991,17,"일부사용 자들 은새로운개인정보 보호화면( Priv ac yD isp la y)기능이눈 에피로감을 주거나 텍스트가흐릿하게  보인다는의견도 있고 ,또일부리뷰에서는이전모델 대비큰혁신 이없다는지적 도있 습니다.",galaxy_s26_ultra,5,3,1,weak_negative,True,0.24812688,0.35198623,0.34963337,0.050253514,4
862820991,19,그리고고사양게임 을 오래플레이할때 기기발열이다,galaxy_s26_ultra,5,3,1,weak_negative,True,0.18908183,0.6560689,0.13180186,0.023047358,3
870329986,4,"그동안 몇번이나

바꾸자고 했지만 싫다...",galaxy_s26_ultra,5,3,1,weak_negative,True,0.18946725,0.59671426,0.18530582,0.02851271,1
870329986,5,s26 사전예약때도 싫다...,galaxy_s26_ultra,5,3,1,weak_negative,True,0.29278243,0.4311101,0.2190108,0.057096537,1
870329986,6,"얼마전 휴대폰 케이스가 깨졌다고 

새로시켜달라하여 교체할때보니 카메라가 

흔들리고 뒷커버도 흔들리고...",galaxy_s26_ultra,5,3,1,weak_negative,True,0.20260584,0.47042948,0.29040244,0.036562294,3
861235666,9,내년 갤럭시S27 시리즈 때 디자인 및 카메라 풀체인지 소식이 있지만 정말 자동차도 아니고 5년째 엇비슷한 디자인이라뇨...,galaxy_s26_ultra,5,2,0,negative,True,0.40246344,0.39989382,0.16039984,0.03724291,3
861235666,10,이건 삼성이 반성 좀 필요 하다고 봅니다.,galaxy_s26_ultra,5,2,0,negative,True,0.45224577,0.28015712,0.22850059,0.03909656,1
861235666,12,센서는 그대로이나 렌즈가 조금 커졌고 같은 조건하에 빛을 조금은 더 받아들이기 위해 밝기를 키운 걸로 보이는데 카메라 센서는 여전히 재탕에 재탕...,galaxy_s26_ultra,5,2,1,weak_negative,True,0.31412414,0.48319286,0.18769339,0.01498957,4
861235666,16,그래서 카메라 센서 업그레이드 부분역시 아쉽다고 평하고 싶습니다.,galaxy_s26_ultra,5,2,1,weak_negative,True,0.10258387,0.47207886,0.38987762,0.035459675,4
861235666,19,애플의 클린업 기능은 정말 삼성과 비교하면 처참한 수준이라...,galaxy_s26_ultra,5,2,1,weak_negative,True,0.15866391,0.44467995,0.34492183,0.0517343,3
861064660,12,추가적으로 곡률이라고 해야 할까요?,galaxy_s26_ultra,5,3,1,weak_negative,True,0.18170616,0.5250375,0.25843248,0.03482381,2
861064660,24,"애니메이션 넘어가는 것들을 봐도요 ㅎㅎ



➡️",galaxy_s26_ultra,5,3,1,weak_negative,True,0.2616195,0.39308742,0.28824455,0.057048507,4
861064660,27,요정도 느낌은 살짝 있는데 무슨 글씨 하나 하나 확대해서 볼 것도 아니고 휴대폰을 정말 길게 길게 사용헤도 길어야 4~5년입니다.,galaxy_s26_ultra,5,3,1,weak_negative,True,0.2935933,0.32936195,0.32566065,0.05138414,3
861064660,29,세상에 완벽한 물건은 없어요~,galaxy_s26_ultra,5,3,0,negative,True,0.41590324,0.34393865,0.20632528,0.033832826,2
860677813,2,지지리궁상(?) 이제 좀 내려놓기로 했습니다ㅎㅎ,galaxy_s26_ultra,5,2,1,weak_negative,True,0.1702003,0.4489258,0.31545874,0.06541516,2
860677813,7,오히려 “이거 그냥 미개봉으로 반품할까..?” 싶어서 일주일 넘게 고민했습니다;;,galaxy_s26_ultra,5,2,0,negative,True,0.5429131,0.23895809,0.1778548,0.04027399,1
860573287,4,오래 쓰면 손목 아플 것 같아요…,galaxy_s26_ultra,5,3,1,weak_negative,True,0.21837595,0.5241921,0.22455499,0.032876983,2
860573287,8,그거 말고는 깔데가 없네요.,galaxy_s26_ultra,5,3,1,weak_negative,True,0.25786746,0.43908274,0.2783894,0.024660364,2
860573287,10,"어모니 폰인데…

- 가격은?",galaxy_s26_ultra,5,3,0,negative,True,0.5647176,0.2791861,0.12955767,0.026538622,3
860573287,17,"이번에 삼성광고에서 주력으로 밀고있는 ‘프라이버시 보호 기능’을 써봤는데 확실히 따로 착용하는 ‘사생활보호 필름’보다는 나은데, 화면 화질 자체가 낮아진달까요?",galaxy_s26_ultra,5,3,1,weak_negative,True,0.1459152,0.44223773,0.34084785,0.070999146,4
860573287,18,"지하철이나 버스에서 그때그때 키고 끄면서 쓰기 좋으나, 매일 사용하기엔 눈도 침침해지고 화면화질도 미묘하게 낮아져서, 많이는 안 쓸 것 같네요.",galaxy_s26_ultra,5,3,1,weak_negative,True,0.1666114,0.43330446,0.3298451,0.070239015,4
860399616,6,저는 만족스러운 기능이지만 눈 피로감이나 화면 흐림을 느낀다는 의견도 있어서 호불호가 갈리더라구요..!!,galaxy_s26_ultra,5,3,1,weak_negative,True,0.0852482,0.46901512,0.37695345,0.06878318,4
860399616,13,"칩셋
Snapdragon 8 Elite (5세대)
RAM
12GB / 16GB
앱 실행 속도 빠르고 게임이나 영상 편집도 버벅임",galaxy_s26_ultra,5,3,1,weak_negative,True,0.27768332,0.47543898,0.21426745,0.0326103,0
860073019,6,개인적으로 핸드폰때문에 카드발급하는걸 너무싫어하는 편입니다!,galaxy_s26_ultra,5,3,1,weak_negative,True,0.19567946,0.45451534,0.29538625,0.05441896,3
860073019,10,"저는 기존폰에 처음 사생활 보호필름을 꼈다가 일주일도 못쓰고 
버렸거든요 ㅠㅠ",galaxy_s26_ultra,5,3,0,negative,True,0.37436754,0.34219548,0.25525472,0.028182259,3
860073019,11,"특유의 어두움과 자글자글한 액정이 도저히 못참고
폐기했었습니다....",galaxy_s26_ultra,5,3,1,weak_negative,True,0.24021591,0.57388127,0.16762856,0.01827418,4
860073019,16,2. 밝기가 보호기능 껐을때 대비 어두워진다,galaxy_s26_ultra,5,3,1,weak_negative,True,0.20806637,0.5136832,0.2475287,0.030721668,4
860073019,26,"25울트라 쓰면서 제일 아쉬운데 카메라 인데요, 사진은 잘찍히는데
뭔가 어둡게 찍히는느낌이 있었어요.",galaxy_s26_ultra,5,3,1,weak_negative,True,0.19666106,0.52993655,0.2068315,0.0665709,4
859602545,9,"4.  제미나이 사진 편집기능 놀라움

 단점 :  1. 가격이 어마어마 하게 비싸다.",galaxy_s26_ultra,5,3,1,weak_negative,True,0.23825735,0.39097428,0.314685,0.05608344,5
859602545,10,"( 데스크탑 컴퓨터와 가격 비슷 )
            2. 카메라 성능은 그다지 좋은지 모르겠음",galaxy_s26_ultra,5,3,1,weak_negative,True,0.16847539,0.5401856,0.269768,0.0215711,4
859602545,11,"3.  화면 프라이버시 기능, 나에게 필요 없음",galaxy_s26_ultra,5,3,1,weak_negative,True,0.28459933,0.51819867,0.18540704,0.011794937,4
859602545,13,"5.  나에게는 과분한 성능, 딱히 고성능 필요하지 않음",galaxy_s26_ultra,5,3,1,weak_negative,True,0.08103346,0.48876175,0.39018854,0.040016327,2
860243569,0,남편이 핸드폰을 한 5년 정도 썼나 봐요.,galaxy_s26_ultra,5,3,1,weak_negative,True,0.3878866,0.420608,0.1518768,0.03962855,3
860243569,2,지하철 타는 시간이 깁니다.,galaxy_s26_ultra,5,3,1,weak_negative,True,0.29446518,0.41351047,0.25684962,0.03517469,2
860243569,13,단점은  제가 남편의 핸드폰을 보질 못하는 거 그게 단점입니다,galaxy_s26_ultra,5,3,1,weak_negative,True,0.13881887,0.45085803,0.36269698,0.047626104,3
859326831,6,"다만 몇가지 제약은 있으나, 옷 스타일이나 배경, 사람 지워줘",galaxy_s26_ultra,5,3,1,weak_negative,True,0.2917158,0.44018698,0.24315459,0.02494259,4
859213684,9,앱 실행 속도가 빠르고 여러 앱을 동시에 사용할 때도 끊김,galaxy_s26_ultra,5,3,1,weak_negative,True,0.13976392,0.4882586,0.3278849,0.044092547,0
882127759,10,고민은 배송만 늦출 뿐입니다.,galaxy_s26_ultra,5,3,0,negative,True,0.43787548,0.3937032,0.12554327,0.0428781,1
858676575,16,정말 다각도로 보려고 해도 안 보이더라고요.,galaxy_s26_ultra,5,3,0,negative,True,0.6138364,0.26512918,0.10725194,0.013782461,4
858549774,4,"알림창에서 버튼만 딱 누르면 정면에서 보는 내 눈에는 선명한데, 옆 사람 각도에서는 화면이 까맣게 변해서 아무것도 안 보임.",galaxy_s26_ultra,5,3,1,weak_negative,True,0.26645505,0.4389543,0.27140185,0.023188794,4
858549774,6,"팝업에만 부분 적용도 됨!

✔️",galaxy_s26_ultra,5,3,1,weak_negative,True,0.15158877,0.41407394,0.37338993,0.06094736,2
858549774,20,부담스러운 카툭튀: 카메라 기능은 잘 안 써도 물리적인 렌즈가 크고 튀어나와 있어서 책상 위에 생폰으로 올려두고 화면 터치하면 덜덜거림.,galaxy_s26_ultra,5,3,1,weak_negative,True,0.3743435,0.40685862,0.19485301,0.023944851,4
858549774,21,렌즈 보호 필름을 붙이거나 단차가 있는 두꺼운 케이스를 안 씌우면 렌즈에 기스 날까 봐,galaxy_s26_ultra,5,3,1,weak_negative,True,0.3082461,0.52030784,0.15571564,0.015730359,2
858336781,14,이때 아니고 지금 금액보니 엄청 비싸네요,galaxy_s26_ultra,5,3,0,negative,True,0.52700436,0.29041293,0.13702235,0.04556031,5
858336781,20,원래 온다는 기간보다 하루 일찍 배송시켜버리는 클라스!,galaxy_s26_ultra,5,3,1,weak_negative,True,0.18285139,0.44641677,0.30806112,0.0626707,1
858310450,30,그래서 한 손으로 사용할 때 약간 불편하게 느껴질 때가 있습니다.,galaxy_s26_ultra,5,3,1,weak_negative,True,0.1055778,0.49580967,0.36234057,0.036271982,2
858126637,7,예전에 아이* 쓴적있는데..,galaxy_s26_ultra,5,3,1,weak_negative,True,0.12245187,0.65320826,0.20576814,0.018571706,2
858126637,8,진짜 답답해서 못쓰겠더라구요,galaxy_s26_ultra,5,3,1,weak_negative,True,0.36955371,0.5002829,0.11401768,0.016145699,2
858126637,9,지금은 어떤지 모르겠지만 몇년전이라. ㅋ,galaxy_s26_ultra,5,3,1,weak_negative,True,0.16499263,0.39052367,0.3749938,0.06948987,2
858126637,12,"화이트가 이쁘긴 이쁘네요 
근데 케이스 씌울꺼라서..",galaxy_s26_ultra,5,3,1,weak_negative,True,0.06133806,0.47680226,0.41883242,0.04302724,2
858126637,15,그래서 다시 로그인하고..머 인증하고 그런건 귀찮아요,galaxy_s26_ultra,5,3,0,negative,True,0.44835243,0.41945663,0.11747689,0.014714067,3
857622172,0,내돈내산 / 화면 어두움 사실인지 확인해봄,galaxy_s26_ultra,5,3,0,negative,True,0.50260735,0.26990974,0.16767943,0.059803523,4
857622172,9,이 기능은 옆에서 화면 잘 안 보이게 하는 기능이에요.,galaxy_s26_ultra,5,3,1,weak_negative,True,0.26662922,0.36401898,0.32435566,0.04499611,4
857622172,17,옆 각도에서 보면 화면 더 어둡게 보여요,galaxy_s26_ultra,5,3,1,weak_negative,True,0.2454332,0.44630092,0.28344792,0.024818018,4
857622172,18,카메라 돌출 꽤 있는 편이에요,galaxy_s26_ultra,5,3,1,weak_negative,True,0.2895693,0.33055893,0.30982304,0.07004875,4
857622172,19,테이블 위에 두면 살짝 흔들림 있어요,galaxy_s26_ultra,5,3,1,weak_negative,True,0.29557014,0.40812087,0.26338953,0.032919392,2
857622172,20,특히 카메라 돌출은 생각보다 있는 편이에요.,galaxy_s26_ultra,5,3,1,weak_negative,True,0.2516499,0.38039467,0.33686814,0.031087324,4
857622172,21,케이스 없이 두면 흔들림 느껴질 수 있어요.,galaxy_s26_ultra,5,3,1,weak_negative,True,0.25480872,0.39897406,0.30880004,0.037417144,2
857534669,3,그래서 따로 구매를 안했더니 ㅠㅠ 케이스가 없더라구요..?,galaxy_s26_ultra,5,3,1,weak_negative,True,0.18131483,0.51413655,0.27757633,0.026972305,1
857534669,4,그래서 지금 쌩폰이 상태입니다..,galaxy_s26_ultra,5,3,1,weak_negative,True,0.2861194,0.5194253,0.1558902,0.038565103,2
857534669,14,근데 사전예약으로 500메가로 받았지만 저한테는 모자르네요 ..,galaxy_s26_ultra,5,3,1,weak_negative,True,0.11788935,0.55152977,0.28556934,0.045011472,1
857534669,19,제가 인플루언서도 아니고...,galaxy_s26_ultra,5,3,0,negative,True,0.5370438,0.2506263,0.16822627,0.044103593,1
877021646,8,"사용해보니 속도는 말할 것도 없이 빠르고, 앱 전환이나 게임할 때도 버벅임",galaxy_s26_ultra,5,3,1,weak_negative,True,0.18477745,0.5267816,0.25716335,0.031277608,0
857352152,10,보통 혁신적인 기술이라는 것들은 대부분 쓸모 없는 기능들이 많았거든요.,galaxy_s26_ultra,5,3,1,weak_negative,True,0.16870582,0.42259926,0.3509274,0.057767533,2
857352152,15,화질 선명도 차이가 굉장히 많이 납니다.,galaxy_s26_ultra,5,3,1,weak_negative,True,0.22256452,0.46197954,0.28712773,0.028328145,4
856692571,16,그리고 그걸 작동하면 순간적으로 화면이 약간 어두워지긴 하더라구요..,galaxy_s26_ultra,5,3,1,weak_negative,True,0.20327741,0.47041732,0.30383775,0.022467433,4
856191998,13,왜? 일반하고 플러스만 엑시노스 일까?,galaxy_s26_ultra,5,3,1,weak_negative,True,0.19363797,0.4467714,0.32304007,0.036550477,3
856191998,14,고급사양인 울트라에만 스냅드래곤을 넣었을까?,galaxy_s26_ultra,5,3,1,weak_negative,True,0.21706346,0.45345286,0.27914876,0.050334882,3
856191998,16,그렇다고 성능이 빠지는건 아니지만 사골이라고 욕먹는 분위기더군요.,galaxy_s26_ultra,5,3,1,weak_negative,True,0.36813378,0.47447726,0.13670102,0.020687949,2
856145092,6,게임을 할 때도 프레임이 안정적으로 유지되어 끊김,galaxy_s26_ultra,5,3,1,weak_negative,True,0.2666226,0.40763235,0.28302824,0.042716797,0
856011507,12,"아쉬운 점
무게가 좀 나가요.",galaxy_s26_ultra,5,3,1,weak_negative,True,0.11278544,0.50810605,0.35140324,0.027705291,2
855906798,17,앱 실행 속도가 빠르고 여러 앱을 동시에 사용해도 버벅임,galaxy_s26_ultra,5,3,1,weak_negative,True,0.19564039,0.5514912,0.23254944,0.020318974,0
855649574,14,"줌 기능을 써봤는데, 멀리 있는 간판 글씨까지 깨짐",galaxy_s26_ultra,5,3,1,weak_negative,True,0.3009813,0.537694,0.14745685,0.013867867,4
855649574,16,"야간에 찍어도 노이즈 없이 밝게 나오고, 영상 촬영 시 손떨림",galaxy_s26_ultra,5,3,1,weak_negative,True,0.1389793,0.3757534,0.37226135,0.11300592,4
858113507,6,"□화면
이번 s26 울트라 화면 문제로 언급이 많이 되는데요",galaxy_s26_ultra,5,3,1,weak_negative,True,0.1393856,0.47171545,0.35256565,0.036333248,4
858113507,9,오히려 화면 밝으면 너무 눈부시고 시려요ㅠ,galaxy_s26_ultra,5,3,1,weak_negative,True,0.2689021,0.5558747,0.14030239,0.03492075,4
855583083,7,일반: 문앞 박스 안에다 꼭 넣어주세요,galaxy_s26_ultra,5,3,0,negative,True,0.41808343,0.23793055,0.28393683,0.060049187,1
855488014,8,앱 전환이나 화면 스크롤할 때 끊김,galaxy_s26_ultra,5,2,1,weak_negative,True,0.27853343,0.56048423,0.1465238,0.014458523,0
855488014,15,가장 크게 느낀 부분은 카메라 돌출임.,galaxy_s26_ultra,5,2,1,weak_negative,True,0.23658471,0.42972893,0.31325096,0.020435357,4
855488014,17,평평한 곳에 그냥 두면 덜컹거리는 느낌 있어서 케이스 없이 사용하기는 어려울 것 같음.,galaxy_s26_ultra,5,2,1,weak_negative,True,0.1598057,0.47954038,0.33411598,0.026537878,2
855488014,19,사진을 더 많이 찍어봐야 알 것 같긴 하지만 지금까지는 기대했던 만큼의 변화는 아닌 느낌임.,galaxy_s26_ultra,5,2,1,weak_negative,True,0.04747224,0.47218457,0.43918628,0.041156903,4
855488014,20,그리고 개인적으로 가장 아쉬웠던 부분은 쿠팡 포장 방식임.,galaxy_s26_ultra,5,2,1,weak_negative,True,0.13481611,0.59391075,0.25062174,0.020651393,1
855488014,21,제품 박스를 열면 바로 휴대폰 박스가 들어있는 구조라 조금 불안했음.,galaxy_s26_ultra,5,2,1,weak_negative,True,0.130221,0.50955343,0.32499698,0.03522858,1
855464687,4,세월이 흐르다 보니 하루에 배터리 충전을 두 번씩 해야 하는 건 기본이고 최근엔 가끔 터치까지 먹통이 되더라고요.,galaxy_s26_ultra,5,3,0,negative,True,0.39458036,0.31944573,0.24546964,0.040504295,3
855447024,10,"평소에 유튜브, SNS, 사진 촬영, 간단한 게임까지 다양하게 사용하는데도 버벅임",galaxy_s26_ultra,5,3,1,weak_negative,True,0.3209407,0.51483154,0.14646831,0.017759442,0
855446128,9,"여러 앱을 동시에 실행하거나 게임, 영상 편집 같은 무거운 작업을 해도 버벅임",galaxy_s26_ultra,5,3,1,weak_negative,True,0.2461,0.5796682,0.1597614,0.014470363,0
855389192,9,그런데 사진을 찍다보면 화면이 순간적으로 깨지면서 줌이 잡히는데 원래그런건지 불량인건지 난감합니다;;;;;,galaxy_s26_ultra,5,3,0,negative,True,0.66890925,0.2699987,0.054573346,0.0065187262,4
855358151,1,"가볍고 영롱한 S26 울트라 코발트 바이올렛 찐 후기



★ 작성자의 동의 없이 해당 사진 및 리뷰 내용의 일부 무단 복제",galaxy_s26_ultra,5,3,0,negative,True,0.32639164,0.29840645,0.270651,0.10455091,1
855358151,2,"를 금하며, 적발 시 그에 따른 조치를 취함.



╭",galaxy_s26_ultra,5,3,1,weak_negative,True,0.14140165,0.5908141,0.24515876,0.022625498,1
855224419,23,"색감 선명
✔ 야외 시인성 좋음",galaxy_s26_ultra,5,3,1,weak_negative,True,0.10458183,0.38518256,0.3818478,0.12838782,4
859195893,3,"카페처럼 사람 많은 곳에서 휴대폰 사용할때
옆에서 화면이 보일까 신경 쓰일 때가 있는데
이 기능을 켜두면 측면에서 볼때 화면이 잘 안 보이더라구요",galaxy_s26_ultra,5,3,0,negative,True,0.40545386,0.19478345,0.2824276,0.1173351,4
871112003,2,너무 단출해서; 근데 요즘 폰은 다 그런거 같더라고요,galaxy_s26_ultra,5,3,1,weak_negative,True,0.20321186,0.58722514,0.18624902,0.023313973,3
856258370,1,"사진과 영상을 많이 찍어서 울트라를 구매한거라 그 부분에서만 보자면 사진 화질이 꽤 좋아졌지만, 호환 문제로 인해 제가 주로 쓰는 편집 프로그램으로 영상을 불러 왔을 때 영상이 세피아처럼 되면서 쓸 수가 없습니다.",galaxy_s26_ultra,5,3,1,weak_negative,True,0.22028531,0.39092976,0.33884072,0.04994427,4
856258370,3,"기능은 추가된게 많지만, 사진에서 특정 물체를 선택 이동 시키는 단순한 기능조차 선택한 일부가 제멋대로 삭제되거나 하는 등 제가 막상 필요했던 부분이 제대로 구현되지 않아서 엄청 좋다거나 하는 실감은 하지 못하고 있어요. 

(프라이버시 보호)",galaxy_s26_ultra,5,3,1,weak_negative,True,0.34753013,0.35710916,0.24680288,0.048557825,4
855490005,9,"첨부된 사진중 꺼진것처럼 보이는 화면이 사실은 켜져있는 화면이에요...ㅋㅋㅋ

•",galaxy_s26_ultra,5,3,1,weak_negative,True,0.29692808,0.3438784,0.31703895,0.04215464,4
855490005,13,"버튼
한번씩 꾸욱 부탁드려요♡",galaxy_s26_ultra,5,3,1,weak_negative,True,0.2497169,0.38212302,0.3169179,0.051242188,2
878620383,3,해서 앱 전환이나 멀티태스킹 할 때 버벅임,galaxy_s26_ultra,5,3,1,weak_negative,True,0.21688816,0.5624562,0.20759723,0.0130584305,0
879255594,17,장시간 한 손으로 들고 영상을 보거나 통화를 하면 손목에 살짝 무리가 오더라고요.,galaxy_s26_ultra,5,3,1,weak_negative,True,0.20860596,0.3939558,0.3500955,0.04734272,2
879255594,18,그리고 기본 구성품에 충전기 헤드가 빠져 있다는 점은 여전히 조금 야박하게 느껴졌어요.,galaxy_s26_ultra,5,3,1,weak_negative,True,0.27457774,0.41054183,0.28808716,0.026793256,3
876406004,9,한가지 적응 안되는건 툭 튀어나온 카메라에요..,galaxy_s26_ultra,5,3,1,weak_negative,True,0.2227785,0.48282272,0.2556215,0.038777325,4
859395549,1,"아이폰 감성 못 잃어~~ 하면서 살고 있었는데
어느 순간 아이폰의 불편한 점들이 확 느껴지더라구요",galaxy_s26_ultra,5,3,1,weak_negative,True,0.15283981,0.42481917,0.3516357,0.070705324,3
877856471,7,"베젤최소화: 전면디스플레이의 베젤이더욱얇아져몰입감

이상당합니다.",galaxy_s26_ultra,5,3,1,weak_negative,True,0.26944926,0.38108099,0.32591486,0.02355485,4
877420929,12,야외 가독성: 주말에 애들이랑 공원 나들이 가면 햇빛 때문에 화면 안 보여서 손으로 가리고 찍으셨죠?,galaxy_s26_ultra,5,3,0,negative,True,0.32570693,0.23925063,0.31713107,0.11791136,4
877420929,18,똑똑한 AI 편집: 사진 구석에 찍힌 모르는 사람이나 지저분한 장난감?,galaxy_s26_ultra,5,3,1,weak_negative,True,0.34372303,0.5049087,0.13145994,0.019908331,4
877420929,28,"단점: 여전히 묵직한 무게(여성분들은 처음엔 좀 무겁게 느끼실 수도?), 그리고 살짝 사악한 가격(하지만 6년 쓴다 생각하면 충분히 투자할 가치 있음).",galaxy_s26_ultra,5,3,1,weak_negative,True,0.10922134,0.4469815,0.36987695,0.07392017,5
858137887,0,"사용하던 핸드폰이  자꾸만 먹통상태로 ..ㅜㅜ
하루 한번이던게 두번 세번
사용중이다 꺼지는  횟수도 너무 많아져서 
결국  교체..",galaxy_s26_ultra,5,2,1,weak_negative,True,0.305202,0.46250677,0.19883919,0.03345197,3
858137887,1,내꺼가 오래되서 너무 무거웠음,galaxy_s26_ultra,5,2,1,weak_negative,True,0.17339388,0.5455415,0.25371647,0.027348086,2
858137887,2,예전에 카드할인 많이 해줬는데 그런부분은 좀 아쉽네요,galaxy_s26_ultra,5,2,1,weak_negative,True,0.13376695,0.5213499,0.3156238,0.02925939,5
855292697,1,더 커졌다고하는데 체감상으로는 그리 느껴짐,galaxy_s26_ultra,5,2,1,weak_negative,True,0.13751294,0.53374404,0.30900484,0.019738154,2
879913844,13,- 가격이 부담스러울 수 있음,galaxy_s26_ultra,5,3,1,weak_negative,True,0.20432337,0.5102058,0.27172574,0.013745055,5
870517056,9,펜을 쓸 때는 그립톡을 잠깐 떼고 사용해야 하더라구요,galaxy_s26_ultra,5,3,1,weak_negative,True,0.13581625,0.43017626,0.39330482,0.040702645,4
857095807,5,새폰으로 나노유심 옮기실때 기존폰에서 유심보호서비스 해제하시고 옮기세요,galaxy_s26_ultra,5,3,0,negative,True,0.42924273,0.23028997,0.26652032,0.07394699,3
857095807,6,물론 유심 옮길땐 폰 전원 끄고 하셔야합니다,galaxy_s26_ultra,5,3,1,weak_negative,True,0.20573898,0.4199595,0.33139735,0.042904206,3
855429242,9,사진이나 영상 많이 찍는 편이라 용량이 항상 부,galaxy_s26_ultra,5,3,1,weak_negative,True,0.23421107,0.41671985,0.24511698,0.103952095,0
855248145,8,"프라이버시 디스플레이, 즉  화면까매지는기능이 안됩니다............ㅎㅎ.",galaxy_s26_ultra,5,2,1,weak_negative,True,0.37900656,0.4343658,0.16613145,0.020496115,4
855248145,12,보호필름 붙이지 마세요 ㅠㅋㅋㅋㅋㅋㅋㅋ,galaxy_s26_ultra,5,2,0,negative,True,0.5317044,0.2781336,0.17212416,0.018037843,1
855248145,13,해당 기능이 제대로 동작하지 않습니다!ㅎ,galaxy_s26_ultra,5,2,0,negative,True,0.51907206,0.3394945,0.12849526,0.012938247,3
858183999,10,무엇보다 여러 앱을 동시에 켜놓고 전환해도 버벅임,galaxy_s26_ultra,5,3,1,weak_negative,True,0.22668919,0.6389477,0.123737626,0.010625459,0
858216279,5,그리고 또 하나 펜이 휴대폰보다 살짝 튀어나와 있던데 이거 원래 이런걸까요?,galaxy_s26_ultra,5,2,0,negative,True,0.5444127,0.33151072,0.115440845,0.008635761,3
856937869,7,지하철에서 제 화면 볼 때마다 은근 신경이 쓰였거든요..,galaxy_s26_ultra,5,3,1,weak_negative,True,0.21794096,0.50131565,0.24381255,0.03693087,4
856937869,12,"기존에 쓰던 Z Flip은 측면 버튼으로 지문 인식을 했는데, 
화면 지문 인식 방식이라 그런지 강화필름 때문인지 지문 인식이 잘 안 될 때가 가끔 있습니다",galaxy_s26_ultra,5,3,1,weak_negative,True,0.21292716,0.4185459,0.33093044,0.037596494,4
856937869,13,필름을 한번 바꿔봐야겠어요..,galaxy_s26_ultra,5,3,1,weak_negative,True,0.11779758,0.4606377,0.3460356,0.07552913,2
858784356,0,진짜 마지막날에삿는데 그저께받음,galaxy_s26_ultra,5,3,1,weak_negative,True,0.16400018,0.43194377,0.35157233,0.052483708,1
855957937,12,"·｡도움이되셨다면₊·

—♡도움이 돼요♡",galaxy_s26_ultra,5,3,1,weak_negative,True,0.21802223,0.4322594,0.31412905,0.035589322,2
863073768,6,고민은 배송만 늦출 뿐입니다.,galaxy_s26_ultra,5,3,0,negative,True,0.43787548,0.3937032,0.12554327,0.0428781,1
859500814,4,"사전 예약구매에 메리트는 용량 더블업 밖에 없고, 액세서리 할인 등은 별 쓸모없는 것 뿐이라 있으나 마나한 생색내기 용인듯...",galaxy_s26_ultra,5,3,0,negative,True,0.39154264,0.37778175,0.17739557,0.053280037,1
859500814,6,"배송은...빠르게 됐지만 사진에 보다시피 뽁뽁이도 제품에 감싸서 보호해 보낸게 아니라 깔아놓기만 하고, 배송지를 경비실로 선택했는데, 문앞에 두고 갔더군요.",galaxy_s26_ultra,5,3,0,negative,True,0.49135783,0.30384395,0.18825436,0.016543888,1
859500814,7,누가 가져가지 않아서 다행이었지만 없어졌으면 어쩌려고 그랬는지...,galaxy_s26_ultra,5,3,0,negative,True,0.40569836,0.4049318,0.17538752,0.01398231,1
857968498,2,무게도 아이폰 미니 쓰다 보니 생각보다 엄청 무거워요...ㅠㅠㅋㅋㅋ,galaxy_s26_ultra,5,2,1,weak_negative,True,0.059893996,0.45550546,0.39786163,0.086738855,2
857968498,3,예전에는 충전기도 기본이었는데 요즘은 충전기도 없네요.....ㅠㅠ,galaxy_s26_ultra,5,2,1,weak_negative,True,0.27940738,0.52426165,0.1799112,0.016419718,3
857968498,6,아이폰에 저장 해 두었던 메모는 삼성폰으로 넘어가질 않네요....ㅠㅠ,galaxy_s26_ultra,5,2,1,weak_negative,True,0.29230708,0.45875147,0.22698736,0.02195407,3
857968498,7,일일이 수동으로 다 입력 해야 되네요...ㅠㅠ,galaxy_s26_ultra,5,2,1,weak_negative,True,0.16457304,0.54634297,0.27455834,0.014525654,2
857968498,8,아이폰 끼리는 될텐데 기종이 완전 달라서 그런감....ㅠㅠ,galaxy_s26_ultra,5,2,1,weak_negative,True,0.2289674,0.6488804,0.11432599,0.007826209,3
856134415,2,쨍한 화면의 느낌이 아니고 약간 흐리멍텅한 느낌? 쓰는데는 지장없음,galaxy_s26_ultra,5,2,1,weak_negative,True,0.07470494,0.50704265,0.3914746,0.02677783,4
857292783,8,"옆에서 보면 화면 잘 안 보이게 하는 기능 있는데
아직까지는 엄청 유용한지 잘 모르겠음",galaxy_s26_ultra,5,3,1,weak_negative,True,0.16610967,0.46341494,0.345709,0.024766395,4
855612763,4,무게는 생각보다 무겁고 커요! +,galaxy_s26_ultra,5,3,1,weak_negative,True,0.1172686,0.45238942,0.37243646,0.05790551,2
857980300,5,그리고 생각보다 얇지도 가볍지도 않아요^^;;,galaxy_s26_ultra,5,3,1,weak_negative,True,0.11010475,0.58200663,0.28202438,0.02586422,2
875017507,3,주로 외산폰만 사용했습니다.,galaxy_s26_ultra,5,3,1,weak_negative,True,0.1553804,0.53437227,0.2722127,0.03803469,3
875017507,13,솔직히 아이폰 17보다는 못한 것 같습니다.,galaxy_s26_ultra,5,3,1,weak_negative,True,0.11722222,0.38944918,0.34735236,0.14597626,3
875017507,14,카메라 성능이 개선된 것이 별로 없다고 하는 말이 맞는 것 같습니다.,galaxy_s26_ultra,5,3,1,weak_negative,True,0.13022205,0.44058406,0.36581936,0.06337442,4
875017507,19,아이폰이나 샤오미 인공지능 정말 악몽 그 자체입니다.,galaxy_s26_ultra,5,3,1,weak_negative,True,0.24285871,0.45663053,0.23611511,0.06439568,3
875017507,26,오래 사용하면 무게감 느껴집니다.,galaxy_s26_ultra,5,3,1,weak_negative,True,0.22140369,0.518736,0.22477812,0.035082202,2
860221421,2,"택배도 오기로 한날보다 일찍 도착했는데
필름이랑 케이스가 폰보다 늦게 도착하게 주문해서 며칠을 그대로 두고있었어요",galaxy_s26_ultra,5,2,0,negative,True,0.4020367,0.3511121,0.22353667,0.023314497,1
860221421,3,딱하나 카메라가 튀어나와있어서 책상위에 올려놓으면 기울어져있고 덜커덕 거린다고 해야하나?,galaxy_s26_ultra,5,2,1,weak_negative,True,0.2691084,0.607892,0.11524466,0.007754907,4
860221421,4,그린고 폰 들고있다보면 카메라 렌즈에 손가락이들어가야,galaxy_s26_ultra,5,2,1,weak_negative,True,0.39230812,0.4483484,0.14220263,0.017140903,4
860221421,5,조금 안정적이게 들고있을 수있는데 카메라가 좀 지저분해진다는 부분이 있어요,galaxy_s26_ultra,5,2,1,weak_negative,True,0.08926299,0.5411409,0.34160262,0.027993504,4
858368537,6,kt고객센터 밤10시가 넘은 시간인데도 전화함.,galaxy_s26_ultra,5,2,0,negative,True,0.43061852,0.4295756,0.1267008,0.013105107,1
858368537,7,"이유는, 유심변경으로 유심보호서비스가 가입이 되어있어서 인식을 못했다고함.",galaxy_s26_ultra,5,2,1,weak_negative,True,0.2294878,0.5379071,0.21380109,0.018804,3
858368537,9,용쓰지말고 고객센터 문의하길..,galaxy_s26_ultra,5,2,1,weak_negative,True,0.25972536,0.5505274,0.17439224,0.015354937,1
855708546,9,유선이어폰이라도 잇엇음 좋앗겟는대 쩝..,galaxy_s26_ultra,5,2,1,weak_negative,True,0.118833676,0.5298017,0.31622306,0.03514149,1
859073062,3,"약속된 시간에 정확히 도착한 것은 물론이고, 박스 구겨짐",galaxy_s26_ultra,5,3,1,weak_negative,True,0.14804642,0.6549436,0.17994896,0.017061135,1
855273069,0,하루 82 온 나의 쌔폰 와...,galaxy_s26_ultra,5,3,1,weak_negative,True,0.1516735,0.5101782,0.2805249,0.05762338,2
855394758,0,최고에요 고민은 배송만 늦출 뿐..,galaxy_s26_ultra,5,3,1,weak_negative,True,0.16384079,0.42141676,0.3392536,0.07548885,1
855394758,12,"3. 속도 & 배터리
앱 여러 개 띄워놓고 멀티태스킹 해도 버벅임",galaxy_s26_ultra,5,3,1,weak_negative,True,0.39144725,0.49088162,0.10606107,0.011610058,0
855221622,3,"고지한것처럼 6일 금요일에 받을줄알았는데
5일 목요일 새벽배송이라니...",galaxy_s26_ultra,5,3,0,negative,True,0.3986158,0.36262006,0.20056789,0.038196247,1
855221622,4,액정필름이랑 케이스보다 먼저와버려서 아직 제대로 설정도 못하겠어요,galaxy_s26_ultra,5,3,1,weak_negative,True,0.15887858,0.40187693,0.39871073,0.040533777,2
878337204,7,"갤럭시 S26 사전예약
여러 앱 동시에 써도 끊김",galaxy_s26_ultra,5,3,1,weak_negative,True,0.2616439,0.5729657,0.14245802,0.022932366,0
878337204,14,200g 넘어서 손목 부담 약간 있음,galaxy_s26_ultra,5,3,1,weak_negative,True,0.23737183,0.5284749,0.20342395,0.030729264,2
875997750,1,"기존에 쓰던 폰이(S22) 배터리도 빨리 닳고 
사진도 점점 아쉬워지고..",galaxy_s26_ultra,5,3,1,weak_negative,True,0.09227929,0.4745904,0.34524843,0.087881885,3
876143867,11,"단점

가격이 올라서 부담이 됩니다.",galaxy_s26_ultra,5,3,1,weak_negative,True,0.1586187,0.5119408,0.28664201,0.042798564,5
876143867,12,"할부로 하더라도 꽤 부담되는 금액인 것이

아쉽죠.",galaxy_s26_ultra,5,3,1,weak_negative,True,0.1991939,0.4416808,0.3131467,0.04597856,5
859319238,22,화면은 넓은데 무게는 너무 가벼워요.,galaxy_s26_ultra,5,3,1,weak_negative,True,0.20658633,0.5552425,0.21492876,0.023242373,4
857896452,9,매년 계속 오르는 기기 가격도 조금 아쉽긴 하네요.,galaxy_s26_ultra,5,3,1,weak_negative,True,0.09595078,0.445791,0.37416115,0.08409704,5
858210469,5,"S펜도 있어서 메모하거나 간단하게 필기할 때 유용하고 

전체적으로 속도도 빠르고 버벅임",galaxy_s26_ultra,5,3,1,weak_negative,True,0.11450312,0.42398575,0.3854469,0.07606419,4
857858839,1,"새 폰 사고 2년이 되면 케이스 버리는 사람이라, 술 마시고 사진에서처럼 플립3 전면을 깨먹었습니다.",galaxy_s26_ultra,5,3,0,negative,True,0.36976418,0.18393913,0.3289388,0.11735781,3
857858839,6,"참고로 울트라만 스냅드래곤이네, 과거에 엑시노스는 발열이 심했었네",galaxy_s26_ultra,5,3,1,weak_negative,True,0.19216913,0.42036125,0.34873727,0.038732305,3
875901681,6,아쉬운 점은 배터리가 좀 빨리 닳는 것 같았어요.,galaxy_s26_ultra,5,3,1,weak_negative,True,0.06858323,0.48765227,0.41024256,0.033521883,3
858980217,7,진짜 좋은거 사실거 아니면 어중간한거 사지 말고 싼거 몇천원짜리 케이스 필름 사세요,galaxy_s26_ultra,5,3,0,negative,True,0.53320336,0.37768638,0.063911036,0.025199194,1
858579462,3,- 막상 케이스끼면 안보이는건 함정입니다,galaxy_s26_ultra,5,3,1,weak_negative,True,0.24345058,0.44906968,0.2818292,0.02565049,2
858579462,6,"- 메인은 사생활 설정인데요, 개인적으로 설정을 키면 화면이 좀 뿌옇게 보여요",galaxy_s26_ultra,5,3,0,negative,True,0.41342774,0.30954862,0.2517178,0.025305925,4
858579462,7,- 그렇다고 사생활이 크게 잘 가려지진 않는거 같습니다,galaxy_s26_ultra,5,3,1,weak_negative,True,0.137161,0.53679013,0.30013618,0.025912713,4
855786150,6,성능은 세대 차이가 크게 체감돼요.,galaxy_s26_ultra,5,3,1,weak_negative,True,0.11518797,0.42857948,0.3895617,0.06667082,2
855786150,13,근데 저는 화면이 전반적으로 어둡게 느껴져서 잘 안 쓰게 되더라고요.,galaxy_s26_ultra,5,3,1,weak_negative,True,0.16549635,0.45677257,0.34094733,0.03678372,4
874877800,1,"어쩌다보니  너무오래쓴ㅋ
바꾼다 바꾼다 하면서..",galaxy_s26_ultra,5,3,1,weak_negative,True,0.09523088,0.41278267,0.40171847,0.09026798,2
874877800,6,저에겐ㅋ 그리 이렇게까지 이금액에?,galaxy_s26_ultra,5,3,1,weak_negative,True,0.2677611,0.44331923,0.22140688,0.067512766,2
855369246,9,"1. 겉면부 스크래치 및 도장 탈락 확인
2. 디스플레이 픽셀 결함 확인
3. 카메라 초점 정상작동 확인
4. 음량 조절시 정상작동 확인
등등",galaxy_s26_ultra,5,2,0,negative,True,0.35916016,0.26406404,0.35501316,0.021762662,4
855650395,7,유튜버들이 요약 잘해놨습니다,galaxy_s26_ultra,5,3,0,negative,True,0.34685034,0.21564627,0.30181924,0.1356842,4
855650395,10,카툭튀 심하니까 케이스랑 보호필름 미리구매하세요.,galaxy_s26_ultra,5,3,1,weak_negative,True,0.20895039,0.37003857,0.27869773,0.1423133,2
864241544,1,저희 아부지께서 휴대폰을 거의 6년?,galaxy_s26_ultra,5,3,1,weak_negative,True,0.14628036,0.42276412,0.3214441,0.109511435,3
864241544,14,"아쉬운 점: 누워서 쓰기엔 여전히 묵직한 무게감

아무리 그립감이 좋아졌어도 울트라 특유의 묵직함은 어쩔 수 없나 봐요.",galaxy_s26_ultra,5,3,1,weak_negative,True,0.10603273,0.42922404,0.42417705,0.04056624,2
864241544,15,자기 전에 누워서 게임을 하다가 얼굴에 떨어뜨릴 뻔한 적이 한두 번이 아니에요.,galaxy_s26_ultra,5,3,0,negative,True,0.41492012,0.36436573,0.18983248,0.030881718,2
877733537,1,"접히는 감성도 좋았지만, 울트라는 그냥 전반적인 완성도가 다르네요.",galaxy_s26_ultra,5,3,1,weak_negative,True,0.13036615,0.5435359,0.28750208,0.038595915,2
877733537,5,이제 작은 화면으로는 못 돌아갈 것 같아요.,galaxy_s26_ultra,5,3,1,weak_negative,True,0.17879859,0.41761285,0.33083558,0.07275294,4
860025732,6,여러 앱을 동시에 사용해도 끊김,galaxy_s26_ultra,5,3,1,weak_negative,True,0.27789295,0.5621749,0.1437123,0.016219834,0
882768632,6,단점은 때 하나 가격입니다.,galaxy_s26_ultra,5,3,1,weak_negative,True,0.17623964,0.41572958,0.34220397,0.06582675,5
882768632,7,"제발 이번엔  5 년 사용하기를 기도 하며!

아 휴대폰 이나 고가 제품 포장은 신경 쓰세요!",galaxy_s26_ultra,5,3,0,negative,True,0.45689487,0.21769583,0.27767187,0.047737442,1
882768632,8,200만원이 넘는 제품을  에어캡 대충;;,galaxy_s26_ultra,5,3,0,negative,True,0.6640507,0.23768458,0.08711059,0.011154179,1
855578193,6,대충 한 번 둘러진 느낌이라 배송 중 충격이 조금 걱정되,galaxy_s26_ultra,5,3,1,weak_negative,True,0.17224412,0.6110096,0.20305115,0.013695163,1
858487717,9,거기가 프라이버시 디스플레이 ...,galaxy_s26_ultra,5,3,1,weak_negative,True,0.36080265,0.3629042,0.24336237,0.032930728,4
858487717,11,"속도: 
원래도 인터넷 유튜브만 하지만 ..
실험차 여러 앱을 동시에 돌려도 버벅임",galaxy_s26_ultra,5,3,1,weak_negative,True,0.27849635,0.5558978,0.15063341,0.014972458,0
857728040,4,아이폰은 오랫동안 사용하면서도 오타가 잦았어요.,galaxy_s26_ultra,5,3,1,weak_negative,True,0.15992662,0.47485295,0.3290804,0.036140013,3
857728040,5,네이버 키보드 어플을 사용하면서 오타가 줄긴 했지만 여전히 스트레스였습니다.,galaxy_s26_ultra,5,3,1,weak_negative,True,0.12944955,0.48474255,0.3377908,0.048017092,3
857728040,15,안되는 곳 찾기가 더 힘들죠.,galaxy_s26_ultra,5,3,0,negative,True,0.6180188,0.23564959,0.12526596,0.021065712,2
858759863,13,** 케이스는 따로 사야해요,galaxy_s26_ultra,5,3,1,weak_negative,True,0.31259948,0.37008387,0.2766791,0.040637553,2
860553233,5,"플립에서는전원버튼

지문 인식을 사용 했었 는데이모델은
액정지문인식이다 보니 아직 은좀불편하네요.",galaxy_s26_ultra,5,2,1,weak_negative,True,0.20593357,0.38260978,0.37952903,0.0319276,4
860553233,6,"체감
상 인식률도이전 보다 약간떨어지는느낌이들었 습니다.",galaxy_s26_ultra,5,2,1,weak_negative,True,0.103269145,0.53298986,0.32472292,0.039018095,2
860553233,7,"그리고다른분들후기에서보던 것처럼화면이살짝어두워보이는느낌 도있더라고요

.",galaxy_s26_ultra,5,2,1,weak_negative,True,0.15102115,0.54523075,0.2689984,0.034749668,4
856692438,7,게임이나 영상 편집도 거의 끊김,galaxy_s26_ultra,5,3,0,negative,True,0.45016897,0.41745406,0.11821139,0.014165549,0
856294141,33,버튼 한 번만 부탁드립니다!,galaxy_s26_ultra,5,3,0,negative,True,0.57223463,0.2413411,0.14344163,0.04298263,2
855438233,6,갤럭시 디자인의 고정관념도 있을테고..,galaxy_s26_ultra,5,3,1,weak_negative,True,0.13814893,0.55572784,0.2672264,0.038896833,3
855438233,10,"[기타]
발열: ⭐️⭐️⭐️⭐️
발열 자체는 있지만 없는 수준이라는 표현이 적절합니다",galaxy_s26_ultra,5,3,1,weak_negative,True,0.34643203,0.3730199,0.25323552,0.027312519,3
864672146,6,100배 줌: 이전보다 흔들림,galaxy_s26_ultra,5,3,1,weak_negative,True,0.18451753,0.4880058,0.29003397,0.037442684,4
864672146,15,"단점
​가격: 성능만큼 사악해진 가격...",galaxy_s26_ultra,5,3,1,weak_negative,True,0.0800478,0.68261576,0.21921887,0.018117614,5
858172864,8,그래서 케이스를 씌우고도 차에 무선충전이 잘 안되는 경향이 있습니다.,galaxy_s26_ultra,5,3,1,weak_negative,True,0.2530739,0.4414329,0.27312422,0.032369006,3
858172864,9,차에서도 유선충전만 해야 할 것 같습니다.,galaxy_s26_ultra,5,3,1,weak_negative,True,0.25229114,0.37747267,0.32845384,0.04178233,3
857855728,2,"좀 무거운편이고
s펜이 리모컨기능안되는거 극혐 책볼때넘기는게최고였는데
카메라 가까이찍는거랑 멀리찍는거 성능미쳤음",galaxy_s26_ultra,5,2,1,weak_negative,True,0.37048274,0.5153941,0.0956846,0.01843858,4
857855728,4,"그 흔들림없이찍는 그거는 동영상에 사람달리는 그거버튼맞고
가로로 찍어야적용입니당",galaxy_s26_ultra,5,2,0,negative,True,0.4774859,0.42044818,0.09140132,0.010664626,4
858473980,4,"보호필름과 케이스가 없어서 아직 유심칩을
못 바꿨어요..",galaxy_s26_ultra,5,3,1,weak_negative,True,0.09102516,0.44011164,0.4118906,0.056972627,1
856601454,1,프라이버시 디스플레이는 역시 신기한데 아직은 그 쓰임새가 제겐 애매하네요.,galaxy_s26_ultra,5,2,1,weak_negative,True,0.17670196,0.41311657,0.36601046,0.044170953,4
874576088,9,가격대가 있는 편이라 선물용으로는 부담이 조금 있음,galaxy_s26_ultra,5,3,1,weak_negative,True,0.18949716,0.42140597,0.36300644,0.026090486,5
874753526,3,같아서 악세사리까지 구매했는데 가격이 장난아니게 비싸네요ㅠ,galaxy_s26_ultra,5,3,1,weak_negative,True,0.17936987,0.34574106,0.3359731,0.13891597,5
861598600,6,"5. 디스플레이 (신기능 있음)

울트라만 프라이버시 디스플레이 탑재

이게 뭐냐면:

옆에서 보면 화면 안 보임",galaxy_s26_ultra,5,3,0,negative,True,0.4138177,0.1780813,0.3582786,0.04982239,4
861598600,8,"7. 아쉬운 점

솔직하게 말하면:

가격 상승 (체감 큼)

디자인 변화 거의 없음",galaxy_s26_ultra,5,3,1,weak_negative,True,0.18749227,0.49767742,0.2837718,0.031058503,2
858924598,2,고가의 물건이라 그런 생각이 들었네요,galaxy_s26_ultra,5,3,1,weak_negative,True,0.2791583,0.38450143,0.28356996,0.052770328,5
857373976,4,"지하철이나 카페에서 개인정보를 지키기에 탁월하지만, 기능을 켜면 정면 밝기가 약 20~30% 정도 감소하는 특성이 있습니다.",galaxy_s26_ultra,5,3,0,negative,True,0.36923105,0.21342447,0.3595124,0.057832107,4
857285595,6,가끔 릴스에 일본 베이킹쪽을 보다보면 너무 귀여워서 따라 만들고 싶은 것들이 있는데 뭐라는거야?,galaxy_s26_ultra,5,3,1,weak_negative,True,0.37192607,0.39126918,0.17467812,0.062126666,2
857285595,8,(아이패드로 릴스틀고 폰으로 통역 눌러서 했음. 폰에서 영상틀고 통역은 안되서... 내가 할줄 모르는것일수도 있음),galaxy_s26_ultra,5,3,0,negative,True,0.58030707,0.2541349,0.15464689,0.010911139,3
856778178,2,집옥상에서 시청까지 4키로정도인데..,galaxy_s26_ultra,5,3,1,weak_negative,True,0.11130217,0.56835693,0.2843881,0.035952784,4
856780795,1,"게임하면 여전히 뜨끈한건 비슷하고,
Qi2 25W 충전이 좀 오락가락 하는데... 버그인지 충전기 문제인지 참 난감하네요.",galaxy_s26_ultra,5,2,1,weak_negative,True,0.30956158,0.40251657,0.2564447,0.03147712,3
856780795,2,이거 말고는 대부분 문제가 없긴한데...,galaxy_s26_ultra,5,2,1,weak_negative,True,0.18432294,0.58349377,0.21651758,0.015665704,2
856780795,8,"카툭튀가 심해서 케이스 선택시 참 불편감이 심하고,
두께가 심한 케이스는 25W 무선 충전에 문제가 있어보이고..",galaxy_s26_ultra,5,2,1,weak_negative,True,0.38814056,0.47055587,0.11463806,0.026665505,2
856780795,9,아직 25W 인증 케이스가 많지 않은게 아쉽...,galaxy_s26_ultra,5,2,1,weak_negative,True,0.11070649,0.41094232,0.40483758,0.073513664,3
856780795,11,케이스를 구입하려면 이렇게 기다려야 하는게 조금 불편하네요.,galaxy_s26_ultra,5,2,1,weak_negative,True,0.09638479,0.43394455,0.42431074,0.045359865,2
880863965,0,노트 20 울트라 사용하다 토요일 오전에 액정이 깨져버렸다.,galaxy_s26_ultra,5,2,1,weak_negative,True,0.15235552,0.42044884,0.3425795,0.08461603,3
880863965,1,화면 반이 날아가서 사용하기 어려워졌는데 시간이 지날 수록 깨진 부,galaxy_s26_ultra,5,2,1,weak_negative,True,0.21273652,0.5410175,0.2217449,0.024501083,4
880863965,2,분이 커져가서 당장 교환할 전화기가 필요해졌다.,galaxy_s26_ultra,5,2,1,weak_negative,True,0.36718813,0.38154072,0.22095023,0.030320948,3
877303078,4,카메라 성능이 좋아져서 그런가요?,galaxy_s26_ultra,5,3,1,weak_negative,True,0.35591182,0.4423452,0.17744537,0.024297643,4
856434879,2,스냅드래곤이 들어가서 드런지,galaxy_s26_ultra,5,3,1,weak_negative,True,0.34987217,0.5397044,0.09914992,0.011273458,4
856434879,4,게임이나 영상 볼 때도 끊김,galaxy_s26_ultra,5,3,1,weak_negative,True,0.35276854,0.49318698,0.13774209,0.016302394,0
856251926,6,화질 논란: 기능을 켰을 때 화면이 약간 어두워지거나 입자감이 느껴진다는 평이 있습니다.,galaxy_s26_ultra,5,3,1,weak_negative,True,0.17452213,0.4352389,0.36415243,0.026086565,4
856175049,11,"앱 전환하거나 카톡, 인터넷 같은 거 사용할 때 버벅임",galaxy_s26_ultra,5,3,1,weak_negative,True,0.2846468,0.54167867,0.16307811,0.010596412,0
856437447,1,"3월5일 하루 앞 당겨서 배송완료

어쩐일인지~~
쿠팡배송기사분한테 분실 위험있으니 바로",galaxy_s26_ultra,5,3,0,negative,True,0.46494603,0.1763882,0.3033626,0.05530316,1
856437447,2,수령가능한지 전화받았어요^^;;,galaxy_s26_ultra,5,3,0,negative,True,0.49779645,0.34092647,0.1399487,0.02132843,1
857156701,10,"200만 원을 훌쩍 넘는 가격 때문에 ""성능은 인정하지만 너무 비싸다""는 의견이 가장 많습니다.",galaxy_s26_ultra,5,2,1,weak_negative,True,0.17715418,0.378363,0.35590875,0.08857401,5
857156701,11,* 디스플레이 밝기 저하: 프라이버시 기능을 켜면 화면의 픽셀 절반을 제어하는 방식이라 전체적인 밝기가 살짝 어두워지는 느낌을 받을 수 있습니다.,galaxy_s26_ultra,5,2,1,weak_negative,True,0.2971264,0.33793393,0.33190373,0.03303591,4
856778190,8,실제로 사용해보면 앱 여러 개 켜도 크게 버벅임,galaxy_s26_ultra,5,3,1,weak_negative,True,0.2647191,0.5720763,0.15250322,0.010701392,0
856578704,1,(작은차이가 불편함을 만드는 경계에 있습니다),galaxy_s26_ultra,5,1,1,weak_negative,True,0.26763555,0.40104854,0.26866913,0.06264676,2
856578704,4,과격한 움직임은 좀 거슬릴수있습니다,galaxy_s26_ultra,5,1,1,weak_negative,True,0.15650831,0.4306023,0.35268933,0.06020007,2
856578704,5,초기 설정부터 기본기능이 많은데 off로 설정되어있는것이 많습니다.,galaxy_s26_ultra,5,1,1,weak_negative,True,0.24235061,0.41614926,0.3023671,0.039133027,2
856578704,6,그만큼 호불호 갈릴 기능들을 알아서 판단하셔야합니다.,galaxy_s26_ultra,5,1,1,weak_negative,True,0.24058968,0.43940818,0.27241322,0.047588874,2
856578704,11,앱간에 이동이 불편하게 느껴졌습니다,galaxy_s26_ultra,5,1,1,weak_negative,True,0.21511962,0.50594676,0.25656188,0.022371769,0
856578704,15,스피커 사운드는 아이폰보다 많이 안좋습니다.,galaxy_s26_ultra,5,1,1,weak_negative,True,0.30554408,0.4771121,0.17659982,0.04074398,3
856578704,16,(비교적 안좋은거지 들을만 합니다),galaxy_s26_ultra,5,1,0,negative,True,0.4762732,0.40121812,0.10342838,0.01908033,2
856578704,19,얇기 때문인지 카메라 때문인지 몰라도 기술적으로 진동세기가 만족스럽지 않습니다 .,galaxy_s26_ultra,5,1,1,weak_negative,True,0.23100193,0.49526834,0.24780144,0.02592831,4
856578704,21,무게중심이 카메라쪽에 쏠립니다,galaxy_s26_ultra,5,1,1,weak_negative,True,0.30804494,0.50729287,0.16632478,0.0183374,4
856578704,23,그렇다고 손에 떨어질 정도는 아니지만 왼손잡이들은 많이 불편할것으로 보입니다,galaxy_s26_ultra,5,1,1,weak_negative,True,0.119040914,0.4935208,0.35852414,0.02891413,2
855703316,0,"잘쓰고있지만~ 불편한 점 몇가지

1. S펜, 스피커 위치
폰케 씌운 기준으로 S펜 꺼내기 좀 어렵고 (한번에 쇽샥 빠지는 쾌감 X)
스피커가 가로로 잡고 게임할때 손 닿는 위치에 있어서
막혔다 열렸다 하니 쉬웅쉬웅 소리남
음질도 좀 노이즈 낀거같이 들림..",galaxy_s26_ultra,5,1,1,weak_negative,True,0.31075415,0.53390133,0.13881733,0.016527185,4
855703316,1,"2. 볼륨 조절
볼륨 한단계 한단계가 소리 너무 큼",galaxy_s26_ultra,5,1,1,weak_negative,True,0.21493867,0.5780321,0.19125876,0.015770469,3
855703316,3,"2단계가 시끄러워서 1단계로 줄이면 너무 줄어들고
1단계가 잘 안들려서 2단계로 올리면 넘 시끄러움",galaxy_s26_ultra,5,1,1,weak_negative,True,0.21756718,0.60514927,0.15911579,0.018167738,3
855703316,4,"3. 카메라 위치
카메라가 너무 크고, 튀어나왔고, 자리를 많이 차지해서
폰을 쓰다 보면 손가락이 대놓고 카메라에 닿음",galaxy_s26_ultra,5,1,1,weak_negative,True,0.37780496,0.45148832,0.1515635,0.019143142,4
855703316,5,"아마 사진 찍을 타이밍이 오면 지문이 덕지덕지 묻어
뿌연 사진을 찍게 될것임",galaxy_s26_ultra,5,1,1,weak_negative,True,0.28721923,0.46783954,0.22620727,0.018733896,4
855703316,6,카메라 성능이 좋으면 뭐함?,galaxy_s26_ultra,5,1,0,negative,True,0.6999134,0.2092912,0.07884664,0.01194879,4
855703316,7,"맨날 지문 묻어있어서 닦아줘야 하는데

4. 무겁다",galaxy_s26_ultra,5,1,1,weak_negative,True,0.17037249,0.6193762,0.18826425,0.02198714,2
877772333,6,프라이버시 모드?는 눈아파서 도저히 못씀..,galaxy_s26_ultra,5,3,1,weak_negative,True,0.22645657,0.5796133,0.17924142,0.01468868,4
865237293,10,한 줄 평: 비싼 요금제에 묶이기 싫다면?,galaxy_s26_ultra,5,3,1,weak_negative,True,0.14548326,0.40667626,0.3532296,0.0946108,5
880440117,0,"상품과 쿠팡배송은 굿, 단 보상판매 절대 여기서 하지마 멀쩡한 폰을 고철로 만드는 연금술사?",galaxy_s26_ultra,5,0,0,negative,True,0.8313912,0.122938804,0.03539259,0.01027737,1
880440117,1,"어슈어런트코리아의 실체

s20 울트라 유물급이어도 외관 A급에 잔상 하나 없는 기기를 보냈더니, 없던 액정 불량까지 창조해서 ‘만원’을 부르네요?",galaxy_s26_ultra,5,0,0,negative,True,0.78895366,0.13677397,0.061971188,0.012301209,1
880440117,2,이 정도면 보상 프로그램이 아니라 ‘기기 강탈 및 파손 프로그램’ 아닙니까?,galaxy_s26_ultra,5,0,0,negative,True,0.85768634,0.08581277,0.046520792,0.0099800965,1
880440117,3,새 상품급 기기를 가져가서 억지로 흠집 잡고 불량 만들어내느라 고생이 많으십니다.,galaxy_s26_ultra,5,0,0,negative,True,0.5615527,0.2976886,0.118481085,0.02227768,1
880440117,4,최종 보상 금액 마넌 보고 제 눈을 의심했습니다.,galaxy_s26_ultra,5,0,0,negative,True,0.4098497,0.25643057,0.30427334,0.029446304,1
880440117,5,"택배비 아까워서라도 돌려받아야겠지만, 남의 소중한 기기를 이런 식으로 가치 훼손하는 행태는 반드시 공론화되어야 합니다.",galaxy_s26_ultra,5,0,0,negative,True,0.650087,0.11805838,0.18856254,0.04329208,1
880440117,6,검수 내역이 상세한 게 아니라 ‘상세하게 기기를 망가뜨린 내역’은 아닌지 의심스럽네요.,galaxy_s26_ultra,5,0,0,negative,True,0.7644449,0.14768207,0.0773163,0.010556724,1
880440117,7,다시 받아서 다른데 팔자니 이미 부숴놨을거 뻔하고 만원 반품비까지 ㅋ 차라리 노란데가 나은듯.,galaxy_s26_ultra,5,0,0,negative,True,0.4960116,0.3764248,0.11321895,0.014344633,1
880440117,8,"양심이 있다면 사업 접으시고, 다른 분들은 절대 여기 이용하지 마세요.",galaxy_s26_ultra,5,0,0,negative,True,0.6883697,0.23817107,0.059662983,0.013796232,1
880440117,9,만원 받고 기분 잡치느니 그냥 망치로 부숴서 버리는 게 정신 건강에 이롭습니다.,galaxy_s26_ultra,5,0,0,negative,True,0.7819131,0.1347416,0.06667105,0.0166743,1
855642318,23,스마트폰을 일상 기록용이나 영상 시청 중심으로,galaxy_s26_ultra,5,3,0,negative,True,0.43786156,0.33336875,0.19431019,0.034459468,0
876625023,3,아이폰과 비교하는건 바보 같은 일입니다.,galaxy_s26_ultra,5,3,0,negative,True,0.6297891,0.18259093,0.14797004,0.039649922,3
855253177,13,"향상된 모드 사용하면 정면아니면 위,아래, 좌우 하나도안보여요.",galaxy_s26_ultra,5,3,1,weak_negative,True,0.33045164,0.42415488,0.21377596,0.031617533,4
877455103,8,게임이든 영상이든 전혀 끊김,galaxy_s26_ultra,5,3,0,negative,True,0.4634358,0.3980934,0.12627007,0.012200745,0
856211227,3,화이트로 주문한다고 했는데 받아보니 코발트바이올렛이여서 오배송인가 싶어서 확인했지만 제가 애초에 구매를 화이트로 안했나보더라구요.,galaxy_s26_ultra,5,3,0,negative,True,0.66923964,0.20659345,0.10360198,0.020564945,1
857811155,2,프라이버시 기능도 정면 시야각이 너무 어두움.,galaxy_s26_ultra,5,1,1,weak_negative,True,0.15640838,0.63763183,0.19060698,0.015352866,4
819018951,0,무이자할부 라고 했는데 무이자할부 아닙니다,iphone_17_pro,1,0,0,negative,True,0.3985435,0.35230097,0.20779835,0.041357134,1
819018951,1,한 달에 3먄 3챤 원씩 수수료 낸 경우 입니다.,iphone_17_pro,1,0,0,negative,True,0.49859983,0.19307573,0.2693673,0.038957123,5
819018951,6,3개월이 지난 지금 확인해 보니 한 달에 3먄 3챤 원 가량의 이자 가나가고 있었습니다.,iphone_17_pro,1,0,0,negative,True,0.4415517,0.23708023,0.28048193,0.040886126,5
819018951,7,"네, 제가 카드 내역서를 늦게 확인한 탓도 있겠지요",iphone_17_pro,1,0,1,weak_negative,True,0.17066292,0.38967836,0.38551933,0.054139454,5
819018951,8,근데 상담사의 말을 믿었을 뿐입니다.,iphone_17_pro,1,0,0,negative,True,0.5486146,0.19742624,0.23574188,0.018217226,1
819018951,9,대문짝만하게 광고하고 상담원한테 물어 보기까지 했는데 틀리면 그게 이상한 거 아닐까요?,iphone_17_pro,1,0,0,negative,True,0.88715345,0.06722103,0.03641556,0.009209929,1
819018951,12,상담원이 얘기한 것도 틀리면 전 뭘 믿고 구매 합니까?,iphone_17_pro,1,0,0,negative,True,0.8606959,0.094123386,0.038483586,0.0066970307,1
783225719,0,200만 짜리 상품 포장 박스는 다 터져서 왔어요!!,iphone_17_pro,1,0,1,weak_negative,True,0.29582757,0.51366186,0.18080592,0.009704667,1
783225719,1,200만 짜리 상품 포장 박스는 다 터져서 왔다는게 참 어이없네여!!,iphone_17_pro,1,0,1,weak_negative,True,0.28518632,0.5669111,0.13855615,0.009346431,1
783225719,2,정말 뽑뽑이 한겹없이 박스에 달랑 폰을~~박스 밑은 다 터졌어요!,iphone_17_pro,1,0,1,weak_negative,True,0.37162417,0.5061724,0.11289649,0.009306898,1
783225719,3,아무리 그래도 이건 사람이 고의로 테잎을 뜯어야 이렇게 될수밖에 없다는게 믿을만한건지 참 의심스럽!,iphone_17_pro,1,0,0,negative,True,0.6807799,0.24504703,0.064964585,0.009208489,1
790743988,0,"쿠팡 대처능력 정말 .. 아이폰을 구매하였는데 냅두고 있다 다음날 마이그레이션으로 
전에폰에 있던 데이터를 다 넘겨서 쓰던 폰은 초기화를 해서 팔고 
새로 산 17프로에 액정필름을 덮고 케이스를 끼다가 
카메라를 봤는데 카메라 안에 이물질 같은게 있더라고요?",iphone_17_pro,1,0,0,negative,True,0.5483093,0.25274923,0.14669652,0.05224484,3
790743988,1,처음엔 깨진건가 했는데 카메라 안쪽에 뭐가 있었습니다,iphone_17_pro,1,0,0,negative,True,0.54172474,0.22896336,0.20926914,0.0200428,4
790743988,2,고객센터에 전화를 하니 새 휴대폰을 보내드릴테니 데이터를 옮기고 처음 받았던 폰을 초기화해서 밖에 내놓으라고 했습니다,iphone_17_pro,1,0,0,negative,True,0.6082698,0.1898353,0.17124246,0.030652478,3
790743988,5,"근데 다음날 아침 도착한다던 폰이 낮이 되어도 안와서 
다시 고객센터에 전화를 했는데 
지금 핸드폰을 초기화 해서 내놓으면 검수 후 8일후에 교환신청을 받아준답니다 ㅋㅋㅋㅋㅋ",iphone_17_pro,1,0,0,negative,True,0.79109645,0.12467295,0.07257106,0.01165955,1
790743988,6,전에 쓰던 폰을 팔아서 여유분의 핸드폰이 없는데 그럼 저는 8일동안 핸드폰을 없이 사냐니,iphone_17_pro,1,0,0,negative,True,0.55478585,0.28028083,0.12695864,0.03797464,3
790743988,7,죄송하다는 말만 무한반복을 하더군요,iphone_17_pro,1,0,0,negative,True,0.5873598,0.2884016,0.110621884,0.013616695,1
790743988,8,처음 안내해 주신분 바꿔 달라니 그분은 또 퇴근하셨데요 ㅋㅋ,iphone_17_pro,1,0,0,negative,True,0.6144658,0.26947582,0.10176755,0.014290828,1
790743988,9,"해결 못 하실거 같으면 윗사람을 바꿔 달라했는데 
그분도 죄송하다는 말 뿐^^ 
또 높은 사람 바꿔달라하니 cs팀이 가장 높다며 
그분조차 그냥 죄송하답니다",iphone_17_pro,1,0,0,negative,True,0.7635509,0.16770361,0.05655487,0.012190621,1
790743988,10,핸드폰 8일동안 없이 업무보며 살 수 있으시냐고,iphone_17_pro,1,0,0,negative,True,0.4996766,0.33779496,0.12573628,0.036792167,3
790743988,11,근데 아무 말씀 못 하시고 그냥 죄송하다고만 합니다,iphone_17_pro,1,0,0,negative,True,0.5193092,0.32251024,0.14452098,0.013659597,1
790743988,12,"처음 안내해 준 직원분을 교육을 시키겠다해서 
무슨 교육이냐 처음 안내해준 분이 대처한게 제일 맞는 방법인데 
그냥 핸드폰을 보내달라 보내주면 내가 바로 초기화해서 내보낼테니 가져가라 절대 죽어도 안된다며 죄송하다는 말만 듣다",iphone_17_pro,1,0,0,negative,True,0.8274652,0.12716563,0.03653332,0.008835878,1
790743988,13,지쳐서 그냥 나중에 전화 주시라 하고 끊었습니다,iphone_17_pro,1,0,0,negative,True,0.50221467,0.38416642,0.09682669,0.016792225,1
790743988,16,여러분 진짜 조금 귀찮더라도 애플 스토어 가서 사세요,iphone_17_pro,1,0,0,negative,True,0.35160956,0.2581246,0.19591632,0.19434953,3
848907083,0,여러분은 지금 최소 200만원 짜리 휴대폰이 배송된 광경을 보고 계십니다,iphone_17_pro,1,3,1,weak_negative,True,0.28155005,0.46909806,0.196954,0.05239785,1
830532668,3,근데 180만 원짜리를 배송하는 태도 잘 봤습니다,iphone_17_pro,1,0,0,negative,True,0.74997485,0.18660729,0.05328851,0.01012937,1
830532668,4,왜 저는 빨간색 취급주의 스티커조차도 없이 온 건지도 모르겠구요,iphone_17_pro,1,0,1,weak_negative,True,0.33061916,0.5440823,0.11435514,0.010943418,1
830532668,5,그게 아니라고 하더라도 박스를 어떻게 다루는지 태어나서 처음으로 쿠팡 박스 찢어져서 왔는데 그게 또 180만 원짜리네요? ㅋㅋㅋ...,iphone_17_pro,1,0,0,negative,True,0.6972281,0.25733775,0.03710599,0.008328152,1
830532668,6,덕분에 제 아이폰 박스가 세상의 풍파와 먼지를 아주 뒤집어쓰고 나왔습니다,iphone_17_pro,1,0,1,weak_negative,True,0.18373471,0.53375703,0.23262063,0.049887635,1
830532668,7,선물용이었으면 어째야 했을지 참 대단하네요,iphone_17_pro,1,0,1,weak_negative,True,0.22760645,0.37362617,0.34501642,0.053750984,1
830532668,8,안에 내용물은 문제없어서 품절이라 교환 더 기다리기도 지치고 짜증 나서 그냥 씁니다만 똑바로 출고해 주시고 배송도 좀 더 신경써 주세요,iphone_17_pro,1,0,0,negative,True,0.45233783,0.29308826,0.21079132,0.043782573,1
830532668,9,그리고 전 이제 앞으로 쿠팡에서 고가는 안 살 것 같아요,iphone_17_pro,1,0,1,weak_negative,True,0.13680701,0.3797567,0.3541558,0.12928048,1
810166388,0,"쿠팡의 교환 방법 12/2 로켓배송으로 아이폰 수령 후 마이그레이션 완료 후 기존 핸드폰 보상판매 수거 완료

12/3 23시 마지막으로 충전 안됨",iphone_17_pro,1,0,0,negative,True,0.63266265,0.18603691,0.15850985,0.022790585,1
810166388,1,"12/4 정품 충전기, 프리스비 매장 방문하여 충전 시도했지만 안됨.",iphone_17_pro,1,0,0,negative,True,0.4227012,0.41114205,0.14995843,0.016198289,1
810166388,2,"네이버 후기를 보니 아이폰 불량시 쿠팡교환접수 하면 새 핸드폰 발송 후 마이그레이션 후 불량 상품 회수한다는 다수의 리뷰를 보고 교환 접수 진행

그러나 리뷰와는 다르게 불량상품을 회수해야 새 상품을 보내준다는 답변만 옴",iphone_17_pro,1,0,0,negative,True,0.80556864,0.12719391,0.060348943,0.006888476,1
810166388,3,그럼 내 핸드폰 데이터들은?????,iphone_17_pro,1,0,1,weak_negative,True,0.30514562,0.5468365,0.12711191,0.020905891,3
810166388,4,고가의 상품이고 데이터는 안타깝지만 정책이 그러하다는 답변 뿐.,iphone_17_pro,1,0,1,weak_negative,True,0.20671973,0.6073657,0.17534512,0.010569369,5
810166388,5,"정책이 바뀐것이냐, 네이버 후기와는 다른 정책인데 정책 차별하는 이유가 무엇이냐해도 앵무새 같은 답변 뿐

쿠팡에서 아이폰 사는 이유는 자급제 핸드폰 + 불량 상품 교환이 쉽다는 이유인데
사람마다 차별하는 교환 정책에 어이가 없음",iphone_17_pro,1,0,0,negative,True,0.8845116,0.078177184,0.029127147,0.00818398,1
879268178,0,"쿠팡케어 옵션 선택 플랫폼(웹, 앱) 차별 제품 평점을 낮게 드리는것이 아닌 쿠팡 고객센터 응대와 불합리한 소비를 당하지 말라는 차원에서 당부드립니다.",iphone_17_pro,1,0,0,negative,True,0.6692951,0.118032366,0.1739755,0.038697064,1
879268178,1,"저는 17일 제품 구매 당시, &#39;쿠팡 케어&#39;를 가입하고자 하였으나, 19일인 오늘까지 해당 내용을 못찾았고, 이상한것을 발견했습니다.",iphone_17_pro,1,0,0,negative,True,0.50960946,0.14171655,0.2996649,0.04900907,1
879268178,2,"동일제품에 대해
PC버전 구매시에는 &#39;쿠팡케어&#39; 옵션이 안보이고,
&#39;쿠팡 앱&#39;버전 구매시에는 &#39;쿠팡케어&#39; 옵션이 보이고 있는 
이상한 경험을 했습니다.",iphone_17_pro,1,0,0,negative,True,0.71011144,0.14398184,0.12890327,0.017003465,1
879268178,3,"PC버전(웹)과 &#39;쿠팡 앱&#39;은 소비자가 소비 및 계산을 하는 창구의 차이만 있어야 하는데,
마치 장보러가서 봉투를 구매할 사람이 마트 측에는 어떠한 공지도 없이
A키오스크에는 봉투 구매 옵션이 있고,
B키오스크에는 봉투 구매 옵션이 없는
상황과 다름없다고 느낍니다.",iphone_17_pro,1,0,0,negative,True,0.81431806,0.093439505,0.074409306,0.01783306,1
879268178,4,"추후 쿠팡에서 어떤 조치를 취할지 모르지만, 제가 구매할 당시 쿠팡케어관련 문서, 상품 상세설명 어디를 확인해도 &#39;앱&#39;에서만 확인할 수 있다는 안내는 없었습니다.",iphone_17_pro,1,0,0,negative,True,0.706482,0.10517957,0.17047262,0.017865751,1
879268178,5,"쿠팡에서 챗봇 대응은 이미 구매 수령했으므로, 쿠팡 케어 가입이 어렵다는 매크로 답변만 주고,
전화 상담에서 관련부서에 확인해보겠다는 답변을 받았네요.",iphone_17_pro,1,0,0,negative,True,0.7267096,0.15073486,0.106639996,0.015915547,1
879268178,6,-&gt; 30분가량 통화하는 동안 상담사도 &#39;앱&#39;에서만 구매할 수 있다는 글 못 찾아서 확인하겠다 함.,iphone_17_pro,1,0,0,negative,True,0.5893504,0.12944466,0.26536578,0.015839169,1
879268178,7,설령 내가 '앱'에서만 가입해야하는 공지를 못 봤다 하더라도 전문 상담사도 30분을 못 찾는걸 일반 소비자가 잘 찾고 똑똑한 소비를 하라는 건지....,iphone_17_pro,1,0,0,negative,True,0.7962508,0.14519095,0.048704557,0.0098536275,1
879268178,8,"30일 무료반품기간에 반품하고 다시 수령하던지(이떄는 케이스, 필름 다시 구매해야겠지만....)
쿠팡의 대응과 UI, 웹 앱 옵션 선택 차별이 어이 없어 남깁니다.",iphone_17_pro,1,0,0,negative,True,0.8412869,0.10562706,0.045472175,0.0076138154,1
879268178,10,(몰래 잠수함패치 후 너가 확인못했네 이상한 소리할까봐),iphone_17_pro,1,0,0,negative,True,0.6388869,0.23849946,0.110235676,0.012377886,1
879268178,11,"추가로 전화상담으로 '앱'으로 구매한것으로 확인된다고 말씀하셨는데,
'웹' 크롬 브라우저로 구매한 저로써는 황당하면서 쿠팡시스템 의심스럽네요.",iphone_17_pro,1,0,0,negative,True,0.8169011,0.088543,0.079927474,0.014628432,1
851287600,0,이렇게 지저분한 아이폰 받아보긴 처음입니다,iphone_17_pro,1,0,0,negative,True,0.46854338,0.38320336,0.12022537,0.028027898,3
851287600,1,"아무리 자급제라고 해도 상자가 이렇게 더럽다니

찝찝해서 반품하려다가

주말 껴있고 빨리 쓰고 싶어서 그냥 개봉했습니다",iphone_17_pro,1,0,0,negative,True,0.6618161,0.23545124,0.08930041,0.013432257,1
851287600,2,아이폰 기기에는 문제가 없지만 찝찝하네요,iphone_17_pro,1,0,0,negative,True,0.63160396,0.28944862,0.07154669,0.0074007674,3
791456214,0,아니 한두푼하는것도 아니고 살다살다,iphone_17_pro,1,0,0,negative,True,0.5616042,0.34572995,0.080391005,0.012274868,5
791456214,1,백만원짜리를 배송ㅇ 이따구로 주는데는 첨봄 충전재 뽁뽁이 하나 없이 상자안에 저거 하나 달랑 보내는게 맞나요?,iphone_17_pro,1,0,0,negative,True,0.86485827,0.10566919,0.02457227,0.0049002534,1
791456214,2,환불도 안되고 교환도 안되고 아니 안에서 얼마나 구르고 던져졌을지....,iphone_17_pro,1,0,0,negative,True,0.6294452,0.3019389,0.060879514,0.007736339,1
768934458,0,"17일반을 통신사에서 사는게 제일 좋은 선택지 사전예약 측면
- 가격적인 메리트 X
- 새벽배송X

이젠 쿠팡 사전예약이 메리트가 없네요.",iphone_17_pro,1,2,1,weak_negative,True,0.24906899,0.30951837,0.28379452,0.15761817,1
768934458,2,어차피 기스 많이 난다고 하니 걍 씀,iphone_17_pro,1,2,1,weak_negative,True,0.1171588,0.4901353,0.37339222,0.019313736,2
768934458,4,- 그래도 카메라는 정말 많이 좋아짐(광학크롭8배 매우 만족) 하지만 고스트플레어도 심해진 듯..,iphone_17_pro,1,2,1,weak_negative,True,0.14012519,0.58696294,0.23512948,0.03778244,4
768934458,6,"14프로는 항상 뜨거웠어서;
- 근데 카메라랑 발열 빼면 메리트가 없음.",iphone_17_pro,1,2,1,weak_negative,True,0.18263264,0.43168807,0.35311812,0.032561213,3
817804966,0,쿠팡에서 다시는 스마트폰 안사려구요,iphone_17_pro,1,1,0,negative,True,0.6229376,0.317457,0.044850428,0.0147549305,1
817804966,1,크리스마스 선물 주려고 샀는데 이게 뭔가요?,iphone_17_pro,1,1,0,negative,True,0.76833594,0.16132483,0.059288494,0.011050776,1
817804966,2,"아이폰 상자 보시면 던진거 같은데 모서리 완전히 찍혀 있고 

상자 한 쪽면은 다 긁혀 있네요",iphone_17_pro,1,1,0,negative,True,0.46501708,0.40295938,0.12226958,0.009754,1
776260191,0,뭐 이딴 포장에 이딴 배송이 다 있을까싶네,iphone_17_pro,1,0,1,weak_negative,True,0.41477,0.49724454,0.08046383,0.007521658,1
776260191,1,뭐 포장을 이딴식으로 해서 보내지??,iphone_17_pro,1,0,0,negative,True,0.47367644,0.4548402,0.06542313,0.006060223,1
776260191,2,성의가 없어도 너무 없고 제품 하자라도 생기면 지들이 어쩌려고 이딴식으로 배송을 할까 싶네,iphone_17_pro,1,0,0,negative,True,0.6736905,0.2811802,0.038832933,0.0062963506,1
776260191,3,뭐 예의상 뽁뽁이로라도 한번 싸서 보내던가 비닐이라도 하나 넣어보내는게 맞지않나,iphone_17_pro,1,0,0,negative,True,0.6803357,0.2408208,0.07318628,0.005657275,1
776260191,4,어떻게된게 아이폰상자 하나 딸랑 오냐 ㅋㅋㅋㅋ,iphone_17_pro,1,0,1,weak_negative,True,0.20898147,0.60235006,0.17698102,0.011687481,3
776260191,5,이거 주말에 받았으니 평일에 핸드폰 검사해보고 문제 생기면 가만안있지 또,iphone_17_pro,1,0,0,negative,True,0.43817818,0.31644726,0.19612706,0.049247555,1
783414201,1,"200만원 넘는데 ㅋ
모서리 기스도 있구여
뒷면에 작은 빨간점?",iphone_17_pro,1,2,1,weak_negative,True,0.2054514,0.44663164,0.30733752,0.040579498,1
783414201,2,"암튼 안지워지는 것들이 묻어있어요,",iphone_17_pro,1,2,1,weak_negative,True,0.40031207,0.43717703,0.14520419,0.017306723,2
772200870,1,"뽁뽁이로 포장해서 보내주셔야지 고가제품을 이런식으로
보내주시는것이 말이됩니까?",iphone_17_pro,1,0,0,negative,True,0.7594938,0.19781278,0.036465,0.0062283347,1
772200870,2,쿠팡 다 좋은데 서비스 엉망진창 입니다.,iphone_17_pro,1,0,0,negative,True,0.48320922,0.40166837,0.095090784,0.02003162,1
772200870,3,"다른분들 후기보니까 뽁뽁이로 해서 오던데
고객분들마다 가려가면서 보내는 겁니까?",iphone_17_pro,1,0,0,negative,True,0.7780143,0.1725062,0.04110179,0.008377741,1
772200870,4,반품 할려고 하다가 그냥사용합니다.,iphone_17_pro,1,0,1,weak_negative,True,0.264969,0.47383088,0.243264,0.017936124,1
775938915,0,뽁뽁이없이 그냥 아이폰을 상자에다 넣고 오시네요,iphone_17_pro,1,0,1,weak_negative,True,0.17902699,0.68597734,0.12313566,0.01185996,3
775938915,1,180만원 상품을 이렇게 보내는게 쿠팡인가요?,iphone_17_pro,1,0,0,negative,True,0.8916922,0.07284893,0.026668418,0.008790337,1
795078432,0,보상판매 보상판매는 비추입니다,iphone_17_pro,1,0,0,negative,True,0.57593155,0.34617585,0.0658619,0.0120306965,1
795078432,1,"보상판매신청때 금액은 59만이엿고
상태기스하나 없는 폰인데
폰을 수거해가서 3주동안 연락없어서
전화하니까 매일 카톡몇통씩 보냇다는
엉뚱한 대답을 하더라구요",iphone_17_pro,1,0,0,negative,True,0.8242027,0.11973331,0.045209654,0.010854295,1
795078432,2,"왜 전화를 안하고 카톡을햇을가 의문이고
카톡도 오지도 않앗어요",iphone_17_pro,1,0,0,negative,True,0.71539545,0.21009713,0.06321437,0.011292984,1
795078432,3,"그리고 실기스 잇다면서
36만5천에 판매하겟냐",iphone_17_pro,1,0,0,negative,True,0.741447,0.19963874,0.048643466,0.010270776,5
795078432,4,"일방적으로 가격을 35프로씩이나
다운시키고 현금 받겟냐 아님",iphone_17_pro,1,0,0,negative,True,0.6691977,0.27931696,0.044432085,0.0070532854,5
795078432,5,그냥 당근으로 판매하는걸 추천합니다,iphone_17_pro,1,0,0,negative,True,0.45839125,0.44435337,0.082013056,0.015242404,1
795078432,6,"보상가격이 괜찮아서 햇다가
크게 손해본거 같아요",iphone_17_pro,1,0,0,negative,True,0.44146094,0.39136225,0.1380566,0.02912016,1
795078432,7,보상판매는 절대 비추입니다.,iphone_17_pro,1,0,0,negative,True,0.53568494,0.3600561,0.085548416,0.018710453,1
790808837,0,프로맥스처럼 에어백은 넣어서 왔는데 완전히 밀봉이 아니라 사이드는 빈 공간으로 포장시켜서 왔고 하얀 케이스에 잉크인지 이물질인지 붙어서 왔는데 사이드는 그냥 포장 안한 빈 상자네요.,iphone_17_pro,1,0,0,negative,True,0.49840748,0.37538877,0.116838746,0.009364996,1
790808837,2,뭐하러 여기에서 주문을 해요,iphone_17_pro,1,0,0,negative,True,0.42140278,0.34770274,0.19098584,0.039908588,1
779117804,0,이런 200만원짜리 새상품에 하자+ 쓰레기포장 200만원주고 새상품을 사는데 이런 찝찝하고 중고사는 기분은 처음입니다,iphone_17_pro,1,0,0,negative,True,0.8354834,0.12853055,0.028928122,0.007057942,1
779117804,1,반품하려다가 똑같을 거 같아서 걍 씁니다,iphone_17_pro,1,0,1,weak_negative,True,0.25636268,0.47277236,0.25401372,0.016851243,1
779117804,2,뽁뽁이도 한 겹 감을거면 왜 감는건지,iphone_17_pro,1,0,1,weak_negative,True,0.35447875,0.579943,0.05990023,0.005678043,2
770020355,0,와 이게 179만원짜리 배송이 맞는건가요??,iphone_17_pro,1,0,0,negative,True,0.75452346,0.19496311,0.04012887,0.010384526,1
770020355,1,박스에 뽁뽁이 하나 없이 덜렁 보내줬네요.,iphone_17_pro,1,0,1,weak_negative,True,0.085500725,0.6349949,0.26178676,0.017717596,1
770020355,2,박스도 다 꾸겨져서 이 안에 아이폰이 들어있을지는 정말 몰랐네요.,iphone_17_pro,1,0,1,weak_negative,True,0.23304978,0.36912984,0.34859294,0.049227465,1
770020355,3,같이 구매한 케이스가 온줄 알았어요.,iphone_17_pro,1,0,0,negative,True,0.36942568,0.2772221,0.31584993,0.03750225,1
770020355,4,이렇게 포장하는거는 너무 문제가 있다고 생각합니다.,iphone_17_pro,1,0,0,negative,True,0.7141863,0.16703974,0.101836875,0.01693707,1
767515538,0,assurant 보상판매 절대하지 마세요,iphone_17_pro,1,0,0,negative,True,0.79607975,0.13019776,0.06252186,0.01120068,1
767515538,1,어차피 사실거 하루빨리 구입하세요,iphone_17_pro,1,0,0,negative,True,0.604442,0.25064647,0.11351893,0.031392626,5
767515538,2,수정: 쓰던 아이폰 assurant한테 보냈는데 완전 사기꾼입니다…,iphone_17_pro,1,0,0,negative,True,0.71551824,0.17768005,0.08690985,0.019891836,3
767515538,3,기스 하나 없는데 B로 정산하고 회수 요청해서 일주일 지나서 왔는데 같이 보냈던 아이폰 박스는 또 누락됐습니다..,iphone_17_pro,1,0,0,negative,True,0.6643857,0.24427295,0.07509091,0.016250452,1
767515538,4,절대로 보상판매 신청 하지 마세요,iphone_17_pro,1,0,0,negative,True,0.8123548,0.11806612,0.05913853,0.010440604,1
780198514,1,그동안 애플 잘 팔려서 걍 아주 맘대로 하시나봐요~,iphone_17_pro,1,0,1,weak_negative,True,0.3491243,0.40015966,0.22379024,0.026925767,3
780198514,2,보아하니 저만 그런것도 아닌 거 같은데 쿠팡에선 아무런 조치도 없나요?ㅋㅋㅋㅋㅋㅋㅋ,iphone_17_pro,1,0,0,negative,True,0.6359804,0.2537909,0.10200181,0.008226889,1
780198514,3,어케 다 리뷰가 배송 그지 같이 온 것만 가득인지ㅠ,iphone_17_pro,1,0,1,weak_negative,True,0.27797475,0.60931885,0.105445266,0.00726108,1
795929531,0,박스가 더러웠고 찍힘이 있는 제품이 왔어요! ㅋㅋㅋ,iphone_17_pro,1,1,1,weak_negative,True,0.14641163,0.586524,0.25284213,0.01422223,1
795929531,1,교환을 하려다가 환불 후 재주문밖에 안되는것같아서 그냥 씁니다,iphone_17_pro,1,1,1,weak_negative,True,0.17759003,0.5470047,0.25924766,0.01615758,1
809448802,0,급해서 그냥 쓰지만 10만원짜리도 아니고..,iphone_17_pro,1,0,0,negative,True,0.44251826,0.4371207,0.10698511,0.013375885,5
809448802,1,리뷰도 이상하게 달리네요..,iphone_17_pro,1,0,0,negative,True,0.48919177,0.38743427,0.10256391,0.020810075,1
809448802,2,오늘 리뷰쓴게 왜 12월3일로 달리는지???,iphone_17_pro,1,0,1,weak_negative,True,0.19454859,0.5412894,0.22093642,0.043225605,1
789199326,0,"뽁뽁이 하나 없이 택배박스에 우당탕 200민원 짜리 배송하는데
뽁뽁이 하나 없이 택배박스에 덩그러니..",iphone_17_pro,1,0,1,weak_negative,True,0.39213878,0.5164133,0.083928496,0.007519399,1
789199326,1,"배송중 박스 안애서 다 흔들리고 부딪히고 
고장은 한 1~2년 뒤에 나타나서
무상as 다 지난후 수리비 고객부담 이겠죠?",iphone_17_pro,1,0,0,negative,True,0.87105644,0.08696536,0.035044096,0.006934127,1
820005214,1,박스겉에 취급주위가 있으면 뭐하나요?,iphone_17_pro,1,0,0,negative,True,0.6596469,0.260514,0.07417151,0.005667546,1
820005214,2,핸드폰이 200만원 가까이 하는제품인데 핸드폰 자체를 뽁뽁이로 싸야하지 않나요?,iphone_17_pro,1,0,0,negative,True,0.72069085,0.16611108,0.10189507,0.011303014,1
820005214,3,옆에 뽁뽁이는 그냥 넣어진거지,iphone_17_pro,1,0,0,negative,True,0.47495562,0.39995456,0.11929646,0.0057934383,2
820005214,4,만약 핸드폰 사용하다 문제 생기면 포장 문제로 인한 내부 손상이라고 생각하겠습니다.,iphone_17_pro,1,0,0,negative,True,0.5361055,0.22957742,0.21032438,0.023992678,1
779114911,0,"179만원짜리를 뽁뽁이도 없이 비닐에 싸서
배송상자도 찌그러져 제품도 찌그러져....",iphone_17_pro,1,0,1,weak_negative,True,0.3659534,0.54636455,0.07831528,0.009366803,1
779114911,1,다신 쿠팡으로 전자제품 안 사요.,iphone_17_pro,1,0,0,negative,True,0.56990695,0.36026305,0.052358177,0.017471788,1
787651708,0,다른사람은 뽁뽁이라도 있던데 박스에 달랑 폰만넣어서 배송하는게 맞는건가요?,iphone_17_pro,1,0,0,negative,True,0.80224025,0.16183832,0.031345446,0.0045760022,1
787651708,1,폰박스찌그러지고 때가덕지덕지! 포장교육을 따로 하던가요!,iphone_17_pro,1,0,0,negative,True,0.5741376,0.35694683,0.06196438,0.0069511756,1
825630546,0,"어디서 굴러먹다 왔는지 너무 더럽다 포장 택배 상자 말고, 뽁뽁이 안에 애플박스가 진심 개 드러워서 열지 말고 환불할까",iphone_17_pro,1,0,0,negative,True,0.775815,0.18760383,0.031663496,0.004917583,1
825630546,1,그냥 일단 뜯어보자 하고 액정 덮인 용지 떼어내니까 안에 정체 모를 먼지 하나가 붙어있었습니다;;,iphone_17_pro,1,0,0,negative,True,0.41346905,0.3361515,0.23174104,0.018638415,1
825630546,2,너무 찝찝해서 다시는 쿠팡에서 폰 전자기기 안 사려구요.,iphone_17_pro,1,0,0,negative,True,0.62171465,0.28732836,0.066970766,0.023986228,1
807289257,0,"포장 상태 최악 도착하고 뜯는데

1. 상자 찌글찌글
2. 그 속에 핸드폰 상자 덜렁있음

다른것도 아니고 핸드폰이에요ㅋㅋ",iphone_17_pro,1,0,0,negative,True,0.7011306,0.24845329,0.04443054,0.0059855673,1
807289257,1,뽁뽁이가 그렇게 아까우세요?,iphone_17_pro,1,0,0,negative,True,0.6972695,0.21935338,0.07127624,0.012100854,2
784481817,0,"배송시간 말도 안되게 지연 화요일주문 금요일 새벽지정 배송설정
금요일 새벽이 아니라
저녁6시45분쯤 도착
얼마나 지연시킨건지..",iphone_17_pro,1,0,0,negative,True,0.65934336,0.25912955,0.0655055,0.016021572,1
784481817,1,새벽이라는 단어를 모르시나요??,iphone_17_pro,1,0,0,negative,True,0.4347537,0.28536928,0.22328202,0.056594983,2
818139727,0,별 1개준것은 왜 포장지에 뽁뽁이하나 재대로 안싸고 배송하나요,iphone_17_pro,1,0,0,negative,True,0.49407157,0.45013005,0.050005384,0.0057930443,1
818139727,1,그리고 던지고 핸드폰이 충격에 약한거 모르시나요?,iphone_17_pro,1,0,0,negative,True,0.38958687,0.38246074,0.19682106,0.031131307,1
818139727,2,200만원이 넘는 제품 포장하나 재대로 안해서 겁나 충격먹었을거같은데,iphone_17_pro,1,0,0,negative,True,0.68964237,0.24482252,0.05789612,0.007639036,1
854246555,0,"저같은 경우 안에 완충제도 없고 박스에 취급주의 스티커도 안붙은 채로 배송왔습니다 
박스 열자마자 얼마나 황당하던지 ㅋㅋㅋ 헛웃음나고 어이가 없어서
기사님이 우당탕 던지듯이 두고 가신 소리에 놀라서 얼른 들고 들어왔네요",iphone_17_pro,1,0,0,negative,True,0.79485065,0.1464771,0.048054844,0.010617379,1
854246555,1,저 안에서 폰이 얼마나 굴렀을까요??,iphone_17_pro,1,0,1,weak_negative,True,0.23882689,0.37067002,0.35526493,0.03523818,3
854246555,2,핸드폰 박스 여기저기 더럽고 기스나고 찍혀있고 난리 났네요,iphone_17_pro,1,0,1,weak_negative,True,0.39471087,0.48929664,0.10407017,0.011922307,1
854246555,3,이것도 다 상품 가치에 포함되는건데 기분이 너무 나쁩니다,iphone_17_pro,1,0,0,negative,True,0.77381474,0.15764256,0.060062982,0.008479651,2
854246555,4,다시는 고가 상품 여기서 안삽니다,iphone_17_pro,1,0,0,negative,True,0.5466085,0.36259747,0.07142893,0.019365055,1
779485927,0,"쿠팡 고가제품인데 17프로 뽁뽁이없이, 다시는 쿠팡에서 안산다
평점 빵점입니다.",iphone_17_pro,1,1,0,negative,True,0.63919246,0.30089813,0.047845017,0.012064453,1
770214303,0,배송이 미틴 뽁뽁이도 없고 핸드폰 하나 넣어져있어요,iphone_17_pro,1,1,1,weak_negative,True,0.14483507,0.61692667,0.21856773,0.01967056,1
787678310,0,바람빠진 포장재로 대충~ 너무하네요~,iphone_17_pro,1,1,0,negative,True,0.646225,0.28848505,0.057481203,0.0078088557,1
774621378,0,제가 받은 폰은 셀룰러 느림 이슈에 더해서 와이파이도 너무 느려서 실생활에서 사용할수 없을정도입니다,iphone_17_pro,1,0,0,negative,True,0.47782177,0.3944633,0.100207925,0.02750703,3
812858330,0,비싼 전자기기인데 포장 진짜 생각없이 한듯 포장 진짜 개판 .,iphone_17_pro,1,1,0,negative,True,0.61055326,0.32094243,0.061472103,0.0070321313,1
812858330,1,박스는 반뜯어져 도착했고 뽁뽁이는 테이핑도 안한채 대충 싸매서 다 벗겨진채로 도착.,iphone_17_pro,1,1,1,weak_negative,True,0.1702859,0.6766824,0.14426498,0.008766744,1
785645064,0,누가 가져가도 모름 바꿔치기 해도 모름,iphone_17_pro,1,0,0,negative,True,0.58868986,0.31384915,0.08770587,0.009755051,1
795375516,0,렉도 너무 많이 걸리고 핸드폰이 느려요..,iphone_17_pro,1,0,1,weak_negative,True,0.220594,0.61778486,0.14015174,0.021469394,3
795375516,1,최신폰인데 너무 당황스럽네요;;,iphone_17_pro,1,0,0,negative,True,0.45334595,0.3595629,0.15562963,0.031461585,3
817147682,0,휴대폰 개봉해도 괜찮을지..,iphone_17_pro,1,0,1,weak_negative,True,0.36577284,0.44176948,0.15517266,0.037285034,1
817147682,1,파손된 상태면 교환해주나요?,iphone_17_pro,1,0,0,negative,True,0.7954987,0.12189375,0.07246446,0.010143083,1
840654914,0,1-2만원짜리도 아니고 고가의 제품인데 완충재 하나없이 제품만 달랑 왔습니다..,iphone_17_pro,1,0,0,negative,True,0.44958663,0.43786895,0.09857277,0.013971601,1
840654914,1,"취급주의 스티커도 안붙어있고, 상품 박스도 찌그러",iphone_17_pro,1,0,1,weak_negative,True,0.2050188,0.6986767,0.08907694,0.007227574,1
840654914,2,져있고 환불하려다가 말았습니다.,iphone_17_pro,1,0,0,negative,True,0.60704964,0.30197087,0.0752116,0.015767818,1
821650799,0,"비싼핸드폰을 아무런 포장도 없이 그냥 포장해서 배송하네요,,,",iphone_17_pro,1,0,0,negative,True,0.63521916,0.29809734,0.059513506,0.007169967,1
821650799,1,만원짜리를 사도 이렇게 포장은 안할거같은데요...,iphone_17_pro,1,0,0,negative,True,0.5234262,0.40277773,0.065892644,0.007903397,1
865856369,0,"뇌없는 쓰레기 마인드 알바의 포장 200만원이 넘는 핸드폰을
에어캡 포장 하나없이 본품 박스만을 포장한
뇌 없는 알바는 누구일까요?",iphone_17_pro,1,0,0,negative,True,0.72909737,0.20689633,0.055496227,0.008510054,1
865856369,1,관리자 문제가 아니라 남들 엿되라고 에어캡없이 보낸 그 특정 몇몇의 알바들 문제겠죠??,iphone_17_pro,1,0,0,negative,True,0.8292596,0.122713655,0.04134744,0.0066793757,1
865856369,2,"어쩌피 바코드 찍으면서 누군지 다걸러낼수 있을텐데
안하는거죠?? 이래도 사람들이 사주니까??",iphone_17_pro,1,0,0,negative,True,0.85999525,0.09572023,0.03471829,0.009566212,1
865856369,3,"누군지는 몰라도 선의의 피해자 안나오게 관리좀 하시고
이런 개짓거리하는 알바들은 앞길 인생 더 시궁창으로 빠지시길",iphone_17_pro,1,0,0,negative,True,0.8036571,0.14843324,0.03926796,0.008641736,1
830269744,0,내구도가 보급형 미만 나무 재질의 옷장에 살짝 톡 부딪혔는데 옆면에 변형 생김(기스+찌그러짐) 2년 후에는 갤럭시로 갈아탈 예정,iphone_17_pro,1,1,1,weak_negative,True,0.34440374,0.43113896,0.20704204,0.017415302,3
883541857,0,"이게 맞나 싶다 사람들이 그냥 사주니까 검수도 대충 포장도 대충하고
이지경 되서 보내는것도 참 안타깝네",iphone_17_pro,1,0,0,negative,True,0.83185154,0.12314394,0.03748187,0.007522648,1
861547567,0,거의 2백만원짜리 물건 포장 이렇게 한다는게 좀 그러네.,iphone_17_pro,1,0,0,negative,True,0.50375056,0.38397023,0.10214761,0.010131614,1
878418740,0,"와이프랑 같이 17프로 구매
내폰은 이상 없으나 와이프폰은 첫번째 측면전원버튼 잘 안눌리는 불량품이라 교환신청해서 받았더니 카메라섬에 눈에바로 보이는 스크래치 두번이나 하자품받았는데 다음 교환은 8일뒤라는 안내
폰은 만족스러운데 대처가 너무 별로
기존폰 처리했으면 도대체 어떻게 하라는건지?",iphone_17_pro,1,0,0,negative,True,0.7584874,0.18295698,0.04832611,0.010229557,3
878418740,1,폰자체는 대만족인데 갑자기 폰사라진 와이프 옆에서 보고있자니 내가 다 화가나서 적어봅니다,iphone_17_pro,1,0,0,negative,True,0.54833734,0.18254131,0.1958353,0.07328603,3
878418740,2,"오프라인 매장 재고가 없어서 쿠팡에서 샀더니
다시는 쿠팡에서 핸드폰 안살듯",iphone_17_pro,1,0,1,weak_negative,True,0.16726102,0.67083573,0.13566956,0.02623368,1
867545860,0,한번만 더 그러면 환불할꺼임,iphone_17_pro,1,0,0,negative,True,0.75894666,0.18240824,0.050452683,0.008192408,1
867545860,1,전화할때 내 목소리가 안들림;;;;,iphone_17_pro,1,0,1,weak_negative,True,0.37460634,0.5236699,0.092242435,0.009481355,3
867545860,2,한 세번 전화해야 그제서야 목소리 들림 계속그러면 환불할꺼니 바꿔주세염^*^,iphone_17_pro,1,0,0,negative,True,0.49730214,0.27614164,0.20861995,0.017936239,1
771594436,0,쿠팡은 진짜 배송하기전에 포장을 배워야할듯요.,iphone_17_pro,1,0,1,weak_negative,True,0.36200362,0.48949003,0.13051833,0.01798798,1
771594436,1,200만원 짜리를 그냥 20원짜리 마냥 포장하는데 이게 맞나요?,iphone_17_pro,1,0,0,negative,True,0.8415554,0.118772976,0.03309954,0.0065721245,1
771594436,2,"밖스는 찟어져있고, 뽁뽁이는 옆에만 ㅋㅋㅋ
어이가 없어서 웃음만 나오네요",iphone_17_pro,1,0,0,negative,True,0.5216984,0.3667425,0.10137611,0.010183,2
818515278,2,근데 포장 상태가 정말 심각하네요ㅜ,iphone_17_pro,2,1,1,weak_negative,True,0.26737145,0.36543083,0.34821853,0.018979162,1
818515278,3,"다른 리뷰들 보면 완충재가 조금이라도 들어있는데 제가 받은 상품은 완충재, 에어캡 단 한 개도 없이 박스에 덜렁 ㅋㅋㅋ 기사님은 항상 친절하시고 물건도 살살 내려주시지만 택배차에 상차될때까지 무슨 과정을 겪었을지..",iphone_17_pro,2,1,0,negative,True,0.47220832,0.3943735,0.1195471,0.013871075,1
818515278,4,쿠팡 상하차 알바 경험이 다수인 저는 개봉을 해도 될지 너무 고민이 되네요ㅠ,iphone_17_pro,2,1,1,weak_negative,True,0.13756472,0.40265864,0.39979076,0.059985872,1
818515278,5,요새는 화장품 하나를 사도 뽁뽁이에 여러겹 감싸져서 오는데 휴대폰을 이렇게 보내주시면 어떡합니까 진심 매우 불만족입니다,iphone_17_pro,2,1,0,negative,True,0.63815165,0.30258355,0.048423488,0.010841324,1
846981688,0,아무리 그래도 180만원짜리 핸드폰인데 파손주의도 없이 그냥 던져두고 가는게 맞나요?,iphone_17_pro,2,0,0,negative,True,0.8832894,0.079349935,0.029642744,0.007717857,1
846981688,1,포장도 형편없고 제가 열었을땐 이미 충전재랑 핸드폰 따로 굴러다녔어요;;,iphone_17_pro,2,0,0,negative,True,0.55651426,0.3790229,0.056430083,0.008032781,1
846981688,2,박스는 어디서 구르다 온건지 새 핸드폰맞나 의심스럽습니다 ;;,iphone_17_pro,2,0,1,weak_negative,True,0.45483875,0.4589635,0.077945635,0.008252117,1
787933340,0,아니 처음받았을때부터 화면터치가 잘안되고 버벅거리길래 기분탓인가했는데 유튜브나 웹툰볼때 화면 저절로 뒤로가기눌러지고 혼자확대되거 막 난린데 이거 불량아닌가요?,iphone_17_pro,2,0,0,negative,True,0.7133209,0.24141194,0.037075415,0.008191713,4
787933340,1,문의하는것도없고해서 리뷰에 남깁니다,iphone_17_pro,2,0,0,negative,True,0.6972285,0.1858406,0.0924126,0.024518333,1
787933340,2,폰바꿨더니 더 렉걸려서 열받음,iphone_17_pro,2,0,0,negative,True,0.69770485,0.2399868,0.054451626,0.007856706,3
851917717,1,찌그러지고 더러운 상태로 왔네요,iphone_17_pro,2,1,1,weak_negative,True,0.42072725,0.47941977,0.091667995,0.008184945,1
853380302,0,포장 허술함 포장이 너무 허술하고 비싸고 전자 기기인데도 불구하고 상자안에 밀봉되어 있지도 않고 뽁뽁이도 감싸다 만건지..,iphone_17_pro,2,1,1,weak_negative,True,0.44397113,0.46917853,0.076135926,0.010714478,1
853380302,1,"택배들이 던져질 수도 있는게 다반사 인데 , 아무리 취급 주의 스티커를 붙였다곤 하지만 소비자로써 좀 불편함...",iphone_17_pro,2,1,0,negative,True,0.52521247,0.3598364,0.1050773,0.009873795,1
834858350,0,어쩔수 없이 운영체제 때문에 쓰지만.. 할말없는 기기가 되어버렸네요,iphone_17_pro,2,1,1,weak_negative,True,0.23856258,0.47899914,0.24635367,0.036084566,3
834858350,1,애플은 지는 해가 되는것 같네요,iphone_17_pro,2,1,1,weak_negative,True,0.21453387,0.41917953,0.2817052,0.084581375,3
844860256,0,쿠팡에서산거 잔고장이너무심해요,iphone_17_pro,2,1,1,weak_negative,True,0.4046817,0.46909785,0.10427116,0.02194933,1
788117945,0,구매 5일만에 가격인하… 선물하기 이용하면 기기보상 불가…,iphone_17_pro,2,1,1,weak_negative,True,0.31941408,0.42039222,0.2268287,0.033365,1
869805534,0,선물포장까지 했는데 박스 상태가 최악이네요..,iphone_17_pro,2,1,1,weak_negative,True,0.31322923,0.5776728,0.094208784,0.014889198,1
869805534,1,어디서 구르던걸 주신건지 반품된걸 주신건지..,iphone_17_pro,2,1,0,negative,True,0.5205127,0.4096388,0.06262037,0.0072281566,1
869805534,2,선물로 주문했는데 뜯자마자 서로 당황했네요 ㅋㅋ,iphone_17_pro,2,1,1,weak_negative,True,0.30953628,0.42501873,0.24211314,0.023331882,1
869805534,3,선물로 준거라 교환하기도 그렇고..,iphone_17_pro,2,1,0,negative,True,0.45687354,0.25620985,0.2530145,0.033902142,1
851439237,0,"고가 상품이라 경비실에 부탁 드렸는데
집 문 앞에  놓고 가셨네요",iphone_17_pro,2,1,1,weak_negative,True,0.24932511,0.3785004,0.3431853,0.02898918,1
853700362,0,먼지 구덩이에 있던 제품인가 싶을정도로 제품 박스가 더럽네요,iphone_17_pro,2,1,1,weak_negative,True,0.4297917,0.46775097,0.09149351,0.010963765,1
838941143,1,특히 잠금화면 하단 아이콘으로 카메라를 실행할 때 발생하는 심한 버퍼링은 찰나의 순간을 기록해야 하는 기기의 본질을 흐리게 만듭니다.,iphone_17_pro,3,0,0,negative,True,0.43264213,0.33900452,0.20818537,0.02016796,0
838941143,2,한 차례 반품 후 재구매했음에도 동일한 현상이 반복되는 점은 제품 신뢰도에 큰 타격을 주었습니다.,iphone_17_pro,3,0,0,negative,True,0.4847225,0.3170744,0.18292798,0.015275192,1
838941143,4,구매 한 달도 채 되지 않은 시점에서 이런 기본적 기능의 오류를 마주하는 것은 무척 유감스러운 경험입니다.,iphone_17_pro,3,0,0,negative,True,0.5139779,0.25209123,0.20287654,0.031054351,1
770429681,5,새아이폰이 뽁뽁이도 없이 상자안에만 있어서 그런건지...,iphone_17_pro,3,3,1,weak_negative,True,0.16435547,0.68719727,0.13376914,0.014678087,1
770429681,7,살까말까할때는 말까지만 그래도 사야한다면 비싼거!,iphone_17_pro,3,3,1,weak_negative,True,0.17219056,0.50284463,0.25698882,0.067975946,5
801486975,0,"첫 배송 받고 열어보니 잔기스 있어서 반품하고 다시 받았는데,,,
두번째 배송 박스 상태 장난없음......",iphone_17_pro,3,0,0,negative,True,0.6461858,0.29165944,0.05359296,0.00856175,1
801486975,1,구멍 뚫린 상태에 안에 아이폰 박스 나뒹구는......로켓배송 좋지만 하....한두푼도 아니구 신경 좀 제대로 써주세요,iphone_17_pro,3,0,0,negative,True,0.64286876,0.31448945,0.035287537,0.007354268,1
767707106,0,"와 오렌지컬러 진짜 별로다 실버 살 걸 괜히 나댔다는 생각이 자꾸만 듭니다
볼수록 못생겼어",iphone_17_pro,3,3,1,weak_negative,True,0.31987336,0.40957513,0.1676732,0.10287834,1
767707106,4,진짜 중국에서 만든 핸드폰같아요,iphone_17_pro,3,3,0,negative,True,0.5968352,0.33336592,0.05457882,0.01522011,3
833928037,1,대리점 가기도 귀찮고 더 비싸게 사는 기분이랄까요,iphone_17_pro,3,2,1,weak_negative,True,0.4258845,0.42694435,0.116321206,0.03084996,5
824202604,0,배송은 빨랐는데 아이폰 박스 겉면이 너무 더러웠어요.,iphone_17_pro,3,1,1,weak_negative,True,0.12905549,0.61500823,0.24289021,0.013046101,1
824202604,1,바닥에 굴린느낌.. 모서리 하나는 좀 눌려있었음.,iphone_17_pro,3,1,1,weak_negative,True,0.15212771,0.6625519,0.1756517,0.009668635,2
824202604,2,닦으니까 다 닦아지긴 했는데 새상품 받은건데 이래서 기분은 별로였어요.,iphone_17_pro,3,1,1,weak_negative,True,0.38355732,0.48252803,0.121477544,0.012437113,1
824202604,4,저는 제가 사용하려고 산거라 그냥 쓰지만 선물용으론 절대 쿠팡에서 사면 안될듯,iphone_17_pro,3,1,1,weak_negative,True,0.40407872,0.43340808,0.13803177,0.024481418,1
769277175,0,왜인지 모르겠으나 폰박스 한쪽 옆면이 쭉 오염되어있네요,iphone_17_pro,3,1,1,weak_negative,True,0.27958897,0.558216,0.1514654,0.010729626,1
775904581,0,핸드폰에 흠난곳은 없으나 포장상태가 영… 핸드폰 잘 받았는데 사진 보면 남들은 안에 뭐라도 넣어서 주던데 저는 딸랑 핸드폰 박스만 넣어져있었습니다…,iphone_17_pro,3,1,1,weak_negative,True,0.33836156,0.43322766,0.20706771,0.02134305,1
850524911,1,그런데 배송과정에서 어떤 문제가 있는지 모르니까 그런점이 조금 아쉽습니다.,iphone_17_pro,3,2,1,weak_negative,True,0.21551783,0.44410336,0.3234156,0.016963163,1
883364066,0,근데 충전재에 제대로 감싸져서 오는게 아니고…대충하나 달라 넣어져있는데 이게 맞는건가요? ㅋ…,iphone_17_pro,3,1,0,negative,True,0.5860071,0.32582116,0.082068644,0.0061030225,1
883364066,1,비싼건데 엄청 당황스러웠어요,iphone_17_pro,3,1,0,negative,True,0.5056507,0.3637396,0.11579621,0.014813478,2
804662947,1,딱 받고 뜯어보니 대체 어떻게 보관하길래 아이폰 상자가 너무 더럽고…기분이 막 좋지 않았네요…,iphone_17_pro,3,3,0,negative,True,0.508765,0.34920573,0.1268998,0.015129523,1
793743875,0,"폰은 스팩 그대로인데
고가에 상품인데도 배송할때 포장을 신경 안쓰신게 좀 많이 아쉽습니다.",iphone_17_pro,3,1,1,weak_negative,True,0.35097063,0.3615716,0.2565106,0.03094718,1
793743875,1,박스 끝쪽이 살짝 찍혀왔고 뽁뽁이도 별 효능도 못하는 걸로 넣어주셨더라구요.,iphone_17_pro,3,1,1,weak_negative,True,0.19721538,0.40640903,0.36255673,0.03381889,1
798019782,0,기사님 왜 다른집에 배달을.. 집에 있다가 알람보고 바로 나가봐서 다행이지,iphone_17_pro,3,0,0,negative,True,0.51209337,0.32723135,0.15145239,0.009222947,1
798019782,1,앞집에 택배를 가져다 놓으셨길래 기겁했네요,iphone_17_pro,3,0,0,negative,True,0.43847457,0.40100664,0.14451739,0.016001364,1
798019782,2,고가인데 앞집 분이 택배 뜯어보면 어쩔뻔..;;;,iphone_17_pro,3,0,0,negative,True,0.4596924,0.42221537,0.10334667,0.014745554,1
865837507,0,다른건 좋은데 배송을 이렇게 하면 주기만 하면 끝인건가요?,iphone_17_pro,3,0,1,weak_negative,True,0.37339303,0.53049684,0.086133294,0.009976815,1
822088783,0,포장문제 제품은 잘 받았지만 박스를 열어보니 그냥 본체박스만 있고 다른 이중포장도 없어서 좀 당황스러웠습니다,iphone_17_pro,3,1,1,weak_negative,True,0.12927818,0.5495287,0.2975531,0.023639984,1
780761428,0,"업데이트문제같은데 업뎃문제면 하지마시고
찾아보니 17 다들느리다네요..",iphone_17_pro,3,0,0,negative,True,0.69008815,0.2507876,0.04918095,0.009943312,2
777368508,0,미세하게 스크레치 난곳이 있네요,iphone_17_pro,3,1,0,negative,True,0.3536218,0.31205806,0.3182642,0.016055921,2
777368508,1,새제품 산건데 기분은 별로네요,iphone_17_pro,3,1,0,negative,True,0.47603703,0.4030612,0.11035739,0.010544388,1
780366773,0,역대급으로 못생겻다 ㅜㅜ 디자인은 최악이네요 ㅜㅜ,iphone_17_pro,3,1,1,weak_negative,True,0.27467275,0.55062157,0.14932299,0.025382703,2
783413969,0,잘쓰던 기존폰 보상으로 보냈는데 유선충전 불가로 0원?,iphone_17_pro,3,0,0,negative,True,0.67174745,0.2627253,0.056145422,0.009381829,3
783413969,2,다만 보상프로그램 신청하여 보낸지 15일만에 판정결과가 0원이 나와 동의하기 어려운데 개인부담 착불 반송외에는 방법이 없네요,iphone_17_pro,3,0,0,negative,True,0.7282838,0.14687088,0.11312069,0.011724607,1
783413969,3,잘충전하면서 쓰던폰 데이터 재설정 하고 보냈는데 유선충전 불가는 동의하기가 어렵고 많이 아쉬운 부분입니다.,iphone_17_pro,3,0,0,negative,True,0.40600303,0.25445446,0.30087367,0.038668826,3
783413969,4,추가보상해준다고 해서 보냈는데 괜히 신청한거 같네요,iphone_17_pro,3,0,0,negative,True,0.632234,0.29966658,0.058277957,0.0098214885,1
869160765,10,성능은 말 그대로 과하다 싶을 정도다.,iphone_17_pro,4,3,1,weak_negative,True,0.3676141,0.39604226,0.19104677,0.045296904,2
869160765,11,"A19 Pro 칩이 들어가면서 앱 실행 속도, 멀티태스킹, 게임 모두 끊김",iphone_17_pro,4,3,1,weak_negative,True,0.28898022,0.48895794,0.1976294,0.024432424,0
851517977,22,아쉬운 점을 굳이 꼽자면 가격대가 높은 편이라는 점입니다.,iphone_17_pro,4,3,1,weak_negative,True,0.13784418,0.41706577,0.3973278,0.04776223,5
835939730,0,아이폰 싫어하는 사람 손!?,iphone_17_pro,4,3,0,negative,True,0.5408471,0.29388195,0.12158857,0.043682337,3
835093360,7,성능은 일상용으로는 과분할 정도입니다.,iphone_17_pro,4,3,1,weak_negative,True,0.298967,0.43919933,0.21770886,0.044124894,2
788511017,0,"✅구매한 이유
원래 14프로 사용 중이었는데…
배터리도 너무 빨리 닳고 사진 찍을 때 초점이 안 맞아서 너무 답답했어요ㅠ",iphone_17_pro,4,3,1,weak_negative,True,0.119124524,0.5456544,0.26254538,0.072675616,3
788511017,1,"특히 화면 터치해도 초점이 자동으로 잘 안 잡히는 게 은근히 스트레스였고
영상 촬영할 때도 선명하지 않게 찍히는 경우가 많아서 결국 업그레이드 하기로 결정!",iphone_17_pro,4,3,1,weak_negative,True,0.18102378,0.41675425,0.31057864,0.091643386,4
788511017,8,"줌 땡겼을 때 화질 저하가 꽤 눈에 보이고, 손 떨림에도 민감한 편이에요

✅",iphone_17_pro,4,3,1,weak_negative,True,0.20650896,0.52994573,0.23397782,0.029567577,4
788511017,14,줌 촬영은 그냥 참고 쓰는 정도로 만족해야 할 듯ㅎㅎ,iphone_17_pro,4,3,1,weak_negative,True,0.089397095,0.5138376,0.3600855,0.036679834,4
771006806,4,"2. 스크래치취약부위특히“플래토”부분 모서리쪽이나테두리부분이 스크래치나도색 손상에 상대적으로 

약하 다는사용자/분 해보
고있 음.",iphone_17_pro,4,2,1,weak_negative,True,0.29134774,0.3999027,0.29036868,0.018380864,2
771006806,5,"3.카메라글리치보고 사례있 음아주 밝은L ED조명환경등일부특수조건에서사진일부가검은영역이거나이상하 게표현되는글  리치
가보고된바있 고,A pp le 이소프트웨어패치 를약속 한상태임.",iphone_17_pro,4,2,0,negative,True,0.6172853,0.22814563,0.13890691,0.0156622,4
771006806,6,"4 .수리성/ 부품가용성수리 는가능 하지만분해복구가 쉬운구조 는아니고 ,일부부품교체가 복잡하다는 평가일부있음 .",iphone_17_pro,4,2,1,weak_negative,True,0.2954359,0.42054665,0.26506022,0.018957213,2
796856242,6,"전 일반 사람 입니다.

✅",iphone_17_pro,4,3,1,weak_negative,True,0.20873569,0.3945672,0.35162324,0.045073844,2
819532501,4,에어비닐이 하나 겉에 있었지만 사실 제품을 감싸고 있지 않았던 점이 아쉬웠습니다.,iphone_17_pro,4,2,1,weak_negative,True,0.12546876,0.44235742,0.4027937,0.029380118,1
825811963,0,3만원짜리 영양제만도 못한 포장..,iphone_17_pro,4,0,0,negative,True,0.5265593,0.3779138,0.08113266,0.014394285,1
825811963,2,근데 뽁뽁이도 없이 누가 반품한 제품 받은것마냥 찢어진 완충재만 덩그러니..,iphone_17_pro,4,0,1,weak_negative,True,0.41390887,0.4987307,0.07789474,0.009465682,1
825811963,3,안에서 폰이 얼마나 굴렀는지 종이상자 내에 찍힘까지 있더라고요,iphone_17_pro,4,0,1,weak_negative,True,0.34186253,0.4213692,0.21584557,0.020922735,3
825811963,4,똑같운 재품 구매하는데 누구는 뽁뽁이에 충격주의 스티커도 븥어있고 누구는 비닐만도 못한 찢어진 완충재 담아서 오고.,iphone_17_pro,4,0,0,negative,True,0.7757581,0.17312457,0.04414941,0.0069678836,1
825811963,5,고가의 전자기기인만큼 쿠팡측은 이 문제에 대한 개선이 필요할 것 같네요,iphone_17_pro,4,0,1,weak_negative,True,0.23803544,0.41616884,0.31274703,0.03304867,1
768888210,16,기대했던 만큼의 프리미엄 감성은 부족한 듯.,iphone_17_pro,4,2,1,weak_negative,True,0.08709207,0.44671348,0.38719973,0.07899476,2
821546615,4,시리얼 조회해보니 미개봉 신품 맞았습니다.,iphone_17_pro,4,3,0,negative,True,0.55284923,0.18502735,0.21114364,0.050979752,1
833568263,1,"폰 바꾸는 거 자체를 별로 안 좋아하고  
17 디자인이 너무 구려 보여서 안 사고 싶었는데  
카메라 고장 + 충전 안 됨 +",iphone_17_pro,4,3,1,weak_negative,True,0.28305447,0.5041274,0.17279677,0.04002134,3
833568263,2,"배터리 이슈까지 겹쳐서  
어쩔 수 없이 갈아탔습니다.",iphone_17_pro,4,3,1,weak_negative,True,0.120479256,0.43135363,0.36914295,0.0790242,3
836594331,6,기존 핸드폰이 현저히 기능이 떨어지니..,iphone_17_pro,4,3,1,weak_negative,True,0.141155,0.4791676,0.31634298,0.06333442,3
836594331,8,"다른사용자분들도 카메라 부분이 튀어나와서
불편하다고들 하시든데 ..",iphone_17_pro,4,3,1,weak_negative,True,0.13294306,0.42686015,0.41378257,0.02641413,4
836594331,9,저는 실문안보고 그냥 주문한거라서 그런지 ..,iphone_17_pro,4,3,1,weak_negative,True,0.106100366,0.6020143,0.25587782,0.0360075,1
836594331,10,받자마자 솔직히좀 실망스러웠네요 ㅋ,iphone_17_pro,4,3,1,weak_negative,True,0.09653429,0.53961813,0.3319466,0.03190093,1
867401480,1,하지만 가격이 많이 비싸졌어요,iphone_17_pro,4,3,1,weak_negative,True,0.15941785,0.43104848,0.35658622,0.05294741,5
862685720,0,설정 들어가서 검색하면 결과 없다고 뜨네여,iphone_17_pro,4,0,0,negative,True,0.57029676,0.324499,0.09140583,0.01379838,3
862685720,2,저사양 게임 하는데도 버벅 거려서 결국 고민 끝에 교환 신청 했습니다 구매 후 체크가 필요합니다,iphone_17_pro,4,0,0,negative,True,0.5818733,0.22975348,0.16413862,0.02423456,3
796231359,0,"2주이상 걸린다고 해서 해외여행 잡아뇌서
카메라 사용하려고 일부러 하루배송이라해서 주문했는데 그담날 바로 2주이상 배송으로 바뀌어있더라구요",iphone_17_pro,4,2,0,negative,True,0.63862485,0.2955255,0.052557085,0.013292602,1
796231359,1,"어이없었지만 어쩔수없다 생각하고 포기했는데
여행 가기전에 도착했더라구요",iphone_17_pro,4,2,0,negative,True,0.54289424,0.29199418,0.12788874,0.037222866,1
796231359,3,"진짜 다시는 자급제 안사겠다고 다짐하고 다짐했는데
또 모르죠 ㅋㅋㅋ",iphone_17_pro,4,2,1,weak_negative,True,0.29083273,0.4984553,0.17358595,0.03712599,1
796231359,4,다 괜찮은데 카메라가 너무 어두워서 화질이랑 썩 좋은 줄 아직 잘 모르겠네요,iphone_17_pro,4,2,1,weak_negative,True,0.053750735,0.4674214,0.43473363,0.044094138,4
789467278,1,후기보고 나도 설마 완충제 없이 오겠어 했는데 이렇게 올줄이야...,iphone_17_pro,4,3,1,weak_negative,True,0.26056632,0.42720404,0.26131952,0.050910108,1
789467278,2,테스트후 불량아닌 양품받았어요,iphone_17_pro,4,3,0,negative,True,0.7001401,0.22968224,0.06276149,0.0074162045,1
793028491,1,그리고 이번 아이폰 마감 말 많던데 저도 위에 쪽 틈이 있어서 보고 속상...,iphone_17_pro,4,2,1,weak_negative,True,0.21350816,0.5571406,0.2022131,0.027138133,3
793028491,3,근데 170짜린데 포장이 너무 구려,iphone_17_pro,4,2,1,weak_negative,True,0.2333464,0.5976145,0.15307263,0.015966455,1
793028491,4,요 뽁뽁이에 감싸져 온 것도 아니고 위에 얹어서 옴 ㅋㅋ...,iphone_17_pro,4,2,1,weak_negative,True,0.19893065,0.6159785,0.17140841,0.0136824865,2
793028491,5,쿠팡에서 엄청 굴리고 던져져서 배송 왔을 텐데 매우 찝찝하네요,iphone_17_pro,4,2,1,weak_negative,True,0.44254047,0.46819532,0.081182644,0.008081645,1
852925919,0,포장 좀 신경 좀 한두푼도 아니고 여기저기 굴러다니다 온 느낌으로 도착했네요,iphone_17_pro,4,1,1,weak_negative,True,0.26118094,0.6491942,0.08161624,0.008008615,1
847197692,0,급해서 정가 다주고 삼 ㅠㅠ 너무 비싸요,iphone_17_pro,4,2,1,weak_negative,True,0.28326398,0.6181447,0.082907446,0.015683915,5
847197692,1,블루색상도 어울리는 케이스 없음..,iphone_17_pro,4,2,1,weak_negative,True,0.21734273,0.55229104,0.19775586,0.032610346,2
794360155,2,박스안에서 봉지따로 휴대폰 따고 놀고있음. 고가의 전자기기 배송이 만원짜리 케이스하나 오듯이 옴,iphone_17_pro,4,2,1,weak_negative,True,0.34657612,0.37974885,0.24406236,0.029612657,1
783760393,0,아이폰은 11 /15 외에는 안 써봤는데 둘 다 너무 별로였음.,iphone_17_pro,4,3,1,weak_negative,True,0.078223005,0.5922024,0.29261547,0.0369591,3
783760393,1,근데 13 /17 두 모델은 와이프한테 선물해준건데.,iphone_17_pro,4,3,1,weak_negative,True,0.1347845,0.47785735,0.34673363,0.04062451,3
805849639,0,상품은 마음에 들지만 상품포장이 마음에 안들어요,iphone_17_pro,4,1,1,weak_negative,True,0.11345431,0.50061244,0.36130178,0.02463148,1
830739683,1,근데 정가주고 구매했는데 바로 3프로 할인하는건 뭐임,iphone_17_pro,4,1,0,negative,True,0.6873927,0.25073856,0.053436574,0.008432122,5
769878203,0,"역시 아이폰 비싸요, 아이폰 이제 감성은 저 멀리.

디자인도 그다지 이쁘지 않네요",iphone_17_pro,4,1,1,weak_negative,True,0.20155613,0.37378544,0.25927052,0.16538791,3
769878203,1,"기능도 새롭지 않고 가격 비싼 핸드폰 그이상, 그이하도 아님",iphone_17_pro,4,1,1,weak_negative,True,0.2788862,0.60631,0.10166291,0.013140918,3
792658925,0,포장지 까니까 뭔 발톱이 있어요 ..,iphone_17_pro,4,2,1,weak_negative,True,0.34249595,0.4486609,0.18756324,0.02127994,1
778094528,0,선물하려고 구매했지만 디자인은 아무리 봐도 너무 별로예요,iphone_17_pro,4,1,1,weak_negative,True,0.2722977,0.5522979,0.1456646,0.029739812,1
773800646,0,빨리와서 좋은데 발열이 너무 심해요...,iphone_17_pro,4,1,1,weak_negative,True,0.10370994,0.6458914,0.22383279,0.026565822,3
824091475,0,다 좋으나 역시 가격이 문제다ㅋㅋ,iphone_17_pro,4,1,1,weak_negative,True,0.101738274,0.5641362,0.31427366,0.019851793,5
783804234,0,일주일 쓰니 기스나서 에스가려해요,iphone_17_pro,4,1,1,weak_negative,True,0.23056199,0.5823222,0.16980569,0.017310105,2
882245178,15,"단점
가격은 솔직히 부담되죠 ㅜㅜ",iphone_17_pro,5,3,1,weak_negative,True,0.17746234,0.51714957,0.26373166,0.041656386,5
882245178,16,그리고 기본 기능만 쓰는 분들은 성능이 다 체감되진 않을 수도 있어여...,iphone_17_pro,5,3,1,weak_negative,True,0.14603706,0.62972045,0.20049699,0.023745526,2
881553292,15,(비싸서 당연한 걸 수도 있어요...^^),iphone_17_pro,5,3,1,weak_negative,True,0.1060968,0.41767493,0.41376856,0.06245971,5
880313439,15,"구매 전 솔직한 고민 포인트
성능은 완벽하지만, 가격이 정말 만만치 않다는 게 가장 큰 진입장벽이에요.",iphone_17_pro,5,3,1,weak_negative,True,0.20596074,0.40837067,0.30733356,0.07833508,5
880311059,10,"4️⃣ 단점
가격이 확실히 부담되는 편이에요.",iphone_17_pro,5,3,1,weak_negative,True,0.1038359,0.49542898,0.3320561,0.06867903,5
880311059,12,디자인 변화가 크지 않아서 새 제품 느낌이 덜한 점도 조금 아쉬웠어요.,iphone_17_pro,5,3,1,weak_negative,True,0.09199498,0.48270148,0.38280362,0.042499986,2
875467474,11,"아쉬운 점 & 적응이 필요한 부분 
*​카메라 버튼 적응기: 새로 생긴 버튼을 문질러서 줌",iphone_17_pro,5,3,1,weak_negative,True,0.24325031,0.40622413,0.33021095,0.02031457,4
875467474,12,"조절을 하거나 누를 때, 찰칵 용도로 사용시 손가락 힘 조절이 어려워 구도가 살짝 틀어질 때가 있더라구요.",iphone_17_pro,5,3,1,weak_negative,True,0.24719878,0.3916492,0.3193165,0.041835524,2
873013603,9,"그래서 말인데, 집이라고 안보일거라고 생각하고 
빤스 차림으로 돌아다니면 안되겠다... 
라고 생각 했어요.. ㅇㅅㅇ",iphone_17_pro,5,2,0,negative,True,0.37432232,0.2170296,0.324137,0.08451108,2
873013603,15,누워서휴대폰 보지마세요. ...,iphone_17_pro,5,2,0,negative,True,0.5713876,0.32306972,0.0874367,0.01810599,3
873013603,16,코뼈부러질수 도있 으니미리조심 합시다,iphone_17_pro,5,2,1,weak_negative,True,0.16898543,0.67006594,0.1372774,0.023671234,2
873013603,18,"래들다가 새끼손가락변형많이 되니, 프로하시는 분들 은. ..",iphone_17_pro,5,2,1,weak_negative,True,0.26888317,0.51166123,0.1901576,0.029298028,2
873013603,20,"아쉬운점은 카메라 부분이많이튀어나와 

있어요",iphone_17_pro,5,2,1,weak_negative,True,0.2541243,0.42487758,0.30229512,0.018702906,4
873013603,21,그래서뚫려있 는케이스사면 안됩니다 !,iphone_17_pro,5,2,0,negative,True,0.49723023,0.29743904,0.17758341,0.027747335,1
873013603,23,"책상에놓 을때도카메라 부분이 튀어나와있어,딸깍딸깍 흔들림 이있 어서  신경쓰이더라구요",iphone_17_pro,5,2,1,weak_negative,True,0.20235437,0.600827,0.18336797,0.013450643,4
873013603,24,"이건 정말 ... 그래서케이스보호형태로구매 하시 던지,아니면 거치대를쓰 세요. .!!",iphone_17_pro,5,2,0,negative,True,0.5459812,0.36797917,0.073384136,0.0126554,1
873013603,25,"혹시그대로쓰다가렌즈에기스날수도있고 ,생각 
보다아이폰17프로를생폰 으로 쓰시는 분들이 많이계시던데. . .",iphone_17_pro,5,2,1,weak_negative,True,0.1786137,0.4818235,0.28615847,0.053404376,3
873013603,26,"그러다가
흰색부분 때많이 탑니다.. .!!",iphone_17_pro,5,2,1,weak_negative,True,0.23605865,0.56179565,0.18301778,0.019127892,2
873013603,27,그러면매입 할시기에 감가상각이많이까질수 있으니조심하세요!!,iphone_17_pro,5,2,0,negative,True,0.55933833,0.30110112,0.119992025,0.019568482,5
873013603,28,"미끄러워서떨어뜨리면진짜크게  
깨질것 같은 느낌이에요",iphone_17_pro,5,2,1,weak_negative,True,0.30324244,0.42882296,0.24045913,0.02747551,2
873013603,30,"정말

...비싼 휴대폰이라 떨어뜨리면 .. .",iphone_17_pro,5,2,1,weak_negative,True,0.24744415,0.5455751,0.18346862,0.023512153,3
873013603,34,"배터리사이클횟수를생각해서,

너무자주 충전기 꽂지마셔요.",iphone_17_pro,5,2,1,weak_negative,True,0.35138887,0.43015647,0.190581,0.027873691,3
873013603,35,"너무자주꽂 으시는 
분몇계시죠?",iphone_17_pro,5,2,1,weak_negative,True,0.21212396,0.65511996,0.11757664,0.015179493,2
873013603,37,"하 시는 분들 ,불안 해하 지고말고 ,그 습관 을버리세요.",iphone_17_pro,5,2,0,negative,True,0.52559686,0.2820106,0.15245622,0.039936326,1
873013603,38,"* *단순변심
으로 매입하시려는분 들,,2 
주이상 쓰시고, 결정하세요 ..",iphone_17_pro,5,2,0,negative,True,0.5159925,0.16717951,0.26619047,0.050637554,5
873013603,39,"생각 보다많이감가가 
되고, 업체마다다다르 겠지만 ,평균 이 ,사이클횟수가4까지

는감가가없다고하더라구요",iphone_17_pro,5,2,1,weak_negative,True,0.27723017,0.5093252,0.19249335,0.02095128,2
873013603,42,"물론앵그리
버드정도 하지만 요",iphone_17_pro,5,2,1,weak_negative,True,0.17611837,0.4116187,0.3485803,0.06368265,2
872962610,1,"“카메라 하나로 일상 퀄리티가 완전히 달라짐”
✔️“버벅임",iphone_17_pro,5,3,1,weak_negative,True,0.34427905,0.4540481,0.18278071,0.018892208,4
872962610,8,"음식사진
대충 찍어도 색감 살아있어서 맛있어 보임.",iphone_17_pro,5,3,1,weak_negative,True,0.112519786,0.38878956,0.35686126,0.14182943,4
872962610,9,"SNS 올릴 때 보정 확실히 줄음.

✅",iphone_17_pro,5,3,1,weak_negative,True,0.2270936,0.5269327,0.22335683,0.02261683,1
872962610,15,"영상, 게임 → 버벅임 없음

✅",iphone_17_pro,5,3,1,weak_negative,True,0.19281167,0.47879407,0.28832182,0.040072434,0
872962610,17,"하루 종일 사용해도 저녁까지 버팀
•",iphone_17_pro,5,3,1,weak_negative,True,0.19135459,0.46100417,0.31247523,0.035166003,3
872962610,18,"사진 많이 찍어도 급격히 안 닳음
•",iphone_17_pro,5,3,1,weak_negative,True,0.2168178,0.4597426,0.27133083,0.05210875,4
872962610,20,"디스플레이
스크롤 할 때 부드러움부터 다름.",iphone_17_pro,5,3,1,weak_negative,True,0.1193622,0.4612571,0.3789681,0.04041269,4
872962610,22,"체감
이거 쓰다가 다른 폰 보면 “왜 이렇게 끊기지?”",iphone_17_pro,5,3,1,weak_negative,True,0.3421804,0.5141216,0.12323494,0.020463085,3
871670461,7,성능 면에서도 앱 실행 속도가 빠르고 여러 작업을 동시에 해도 버벅임,iphone_17_pro,5,3,1,weak_negative,True,0.12073612,0.5745241,0.2777672,0.026972547,0
869644831,2,폰 하나로 평가 받는 세상이라니요ㅜㅜ,iphone_17_pro,5,3,0,negative,True,0.34754404,0.34116572,0.2545623,0.0567279,3
869644831,8,아 이런맛에 돈을 버나 싶습니다,iphone_17_pro,5,3,0,negative,True,0.34047657,0.22349417,0.2811325,0.15489675,2
869644831,9,사과폰은 아이들에게는 신분같은 존재인가봐요?,iphone_17_pro,5,3,1,weak_negative,True,0.16376407,0.45343232,0.30655363,0.07625003,3
869644831,12,괜히 아이마음에 상처만 준거 같아 미안한 마음이였네요,iphone_17_pro,5,3,1,weak_negative,True,0.17064165,0.5267529,0.2660346,0.03657083,2
869644831,16,지금까지 솔직한 학부모 리뷰?,iphone_17_pro,5,3,1,weak_negative,True,0.30788374,0.32478043,0.28442293,0.082912914,1
869140507,4,"그런데 솔직히 말하면, 케이스 끼우는 순간 이전 모델이랑 큰 차이 안 납니다.",iphone_17_pro,5,3,1,weak_negative,True,0.1906751,0.3880251,0.37164128,0.049658515,2
869140507,6,카툭튀는 여전해서 바닥에 내려놓으면 덜컹거리는 게 꽤 신경 쓰입니다.,iphone_17_pro,5,3,1,weak_negative,True,0.26405674,0.46545684,0.23840998,0.032076437,2
869140507,10,수준의 감동은 솔직히 없습니다.,iphone_17_pro,5,3,1,weak_negative,True,0.1589591,0.4336191,0.31276026,0.09466146,2
869140507,20,침대에 누워서 한 손으로 오래 쓰다 보면 새끼손가락이 저려와요.,iphone_17_pro,5,3,1,weak_negative,True,0.34763426,0.46943745,0.16860788,0.014320425,2
869140507,21,대신 배터리는 깡패 수준입니다.,iphone_17_pro,5,3,1,weak_negative,True,0.3090284,0.43078905,0.23256364,0.027618853,3
869140507,24,"5. 결론: ""돈값은 하지만 무리는 금물""
자급제로 170만 원 가까이 태우면서 ""이게 그만한 가치가 있나?""라고 자문한다면, 솔직히 반반입니다.",iphone_17_pro,5,3,0,negative,True,0.5815356,0.21128155,0.14141276,0.06577008,5
869140507,26,"비싸긴 해도 매일 쓰는 물건이라 만족감은 높지만, 통장 잔고 보면 가끔 현타 오는 딱 그런 현실적인 플래",iphone_17_pro,5,3,1,weak_negative,True,0.2641025,0.41725,0.2763566,0.04229095,5
865194507,7,배송 과정에서 묻은 것 같은데 박스 한쪽에 약간의 오염이 있어서 처음에는 살짝 아쉬운 느낌이 있었습니다.,iphone_17_pro,5,3,1,weak_negative,True,0.1757829,0.4287935,0.372712,0.022711603,1
864261492,5,특히 아이폰 같은 제품은 누가 한 번 썼던 걸 받게 될까 봐,iphone_17_pro,5,3,1,weak_negative,True,0.31805283,0.49515048,0.1633657,0.023431003,3
864261492,8,이 정도면 반품이나 재포장 제품일 가능성은 거의 없어 보였어요.,iphone_17_pro,5,3,0,negative,True,0.40388012,0.23284945,0.3103999,0.05287053,1
864261492,9,받아보고 나니까 괜히 걱정했다 싶더라고요.,iphone_17_pro,5,3,1,weak_negative,True,0.31390676,0.44045055,0.20438862,0.041254014,1
858945349,15,성능이 부드럽고 안정적이에요,iphone_17_pro,5,3,1,weak_negative,True,0.10348935,0.40701497,0.3780466,0.11144908,2
876471617,6,"스펙이 조금 과하게 느껴질 수도 있을 것 같아요.
•",iphone_17_pro,5,3,1,weak_negative,True,0.1497392,0.43493044,0.37377775,0.04155263,2
856083628,16,물론 가격은 솔직히 가볍지 않습니다.,iphone_17_pro,5,3,1,weak_negative,True,0.15544158,0.42702255,0.35918483,0.058351032,5
864464441,3,"AI 에이전트도 그렇지만, 통화 시 자동녹음이 안 되는 점과
녹음 시에 안내 문구가 나가는 점이 굉장히 아쉬워요.",iphone_17_pro,5,2,1,weak_negative,True,0.2760988,0.44524413,0.25804168,0.02061543,3
860102592,3,플라스틱재질은 전혀아니고..,iphone_17_pro,5,3,1,weak_negative,True,0.20216197,0.58994156,0.18907069,0.018825807,1
860102592,7,"색상이 다양하지 않아서 선택하는데 좀 고민이 됐는데 
왜 화이트 색상은 없을까요..??",iphone_17_pro,5,3,1,weak_negative,True,0.20104544,0.43830705,0.30110863,0.059538905,2
860102592,9,처음에 유심칩 끼우니 계정도 만들어야 하고 시간이 좀 걸리네요...,iphone_17_pro,5,3,1,weak_negative,True,0.14367619,0.40786925,0.40383807,0.044616424,3
860102592,13,그리고 카드할인이나 이런게 들어가면 기기값 좀 내려갈텐데..,iphone_17_pro,5,3,1,weak_negative,True,0.10556126,0.41362536,0.40326363,0.07754973,5
864863769,3,고객 센터 전화했더니 아직 언제 들어올지 모른다,iphone_17_pro,5,3,0,negative,True,0.67536855,0.24852666,0.06559451,0.0105103105,1
864863769,11,와서 그렇긴한데 원래 매장가도 그런 포장을 하진 않으니까요..!,iphone_17_pro,5,3,1,weak_negative,True,0.18295227,0.4260226,0.33183905,0.05918609,1
853673003,5,"한 손으로 쓰기 버거울 때도 있고, 오래 사용하면 손목에 무리가 갈 수 있어요. 주머",iphone_17_pro,5,3,1,weak_negative,True,0.15461738,0.43693706,0.37374312,0.034702428,2
853673003,8,케이스 없이 바닥에 놓으면 렌즈가 긁힐까 봐 걱정돼요.,iphone_17_pro,5,3,1,weak_negative,True,0.22299297,0.41356245,0.3273445,0.036100034,2
853673003,11,기존 충전기가 없는 분들은 추가 지출이 있을 수 있으니 참고하세요.,iphone_17_pro,5,3,1,weak_negative,True,0.18414968,0.41212195,0.32503092,0.07869752,5
849830602,3,압도적인 A시리즈 칩셋: 최신 프로세서 탑재로 고사양 게임이나 영상 편집 등 무거운 작업도 끊김,iphone_17_pro,5,3,1,weak_negative,True,0.2969197,0.3541444,0.31023675,0.03869913,0
849671538,3,폰에 대해 잘 모르는 폰알못이라 대리점 가서 호갱 당할까 봐,iphone_17_pro,5,3,1,weak_negative,True,0.2622635,0.5574011,0.15649939,0.023835974,3
849671538,8,"●단점
[초기 비용]: 자급제 특성상 기기값을 한 번에 결제해야 하므로,
카드 할부의 노예가 되거나 통장 잔고가 순식간에 사라짐 ㅠㅠ",iphone_17_pro,5,3,0,negative,True,0.438165,0.2695075,0.26257998,0.029747535,5
849671538,11,"사실 제가 폰에 대해 잘 모르는 기계치라 오프라인 매장 가면
이것저것 부가서비스 가입하라고 할까 봐",iphone_17_pro,5,3,1,weak_negative,True,0.2661948,0.3344764,0.3330101,0.06631866,3
848475788,1,왜 그 많은 선물 중에 아이폰 17이냐?!,iphone_17_pro,5,3,1,weak_negative,True,0.145116,0.4692675,0.31848916,0.06712734,3
848475788,5,"미니를 처음 살때 카메라가 그렇게 다를까 싶었는데,
미니..의 확대한 카메라 화면 보면 진짜 노답이었어요 ㅋㅋㅋ",iphone_17_pro,5,3,1,weak_negative,True,0.30630618,0.3895219,0.24362719,0.060544703,4
848475788,7,"[배터리]
미니 배터리… 
반나절이 안가요..",iphone_17_pro,5,3,1,weak_negative,True,0.33170837,0.5382843,0.11436163,0.015645672,3
848475788,11,배터리만 해도 답답함이 수직 하강했습니다,iphone_17_pro,5,3,1,weak_negative,True,0.26440462,0.5111553,0.17985746,0.04458263,3
848475788,14,그리고 후면 가스레인지???,iphone_17_pro,5,3,1,weak_negative,True,0.31823668,0.3633268,0.29322618,0.025210356,2
848475788,16,그냥 이런 휴대폰인이라고 생각됩니다.,iphone_17_pro,5,3,0,negative,True,0.4783218,0.24421914,0.20849147,0.06896762,3
848475788,20,"한손에 휴대폰이 안쥐어지거나 바지에 휴대폰이 들어가지 않아욬ㅋㅋㅋㅋㅋ 

이런거 때문에 미니를 샀었던 건데..",iphone_17_pro,5,3,1,weak_negative,True,0.30192137,0.51082146,0.17053473,0.016722469,3
848250448,10,아쉬운 점은 가격대가 상당히 높은 편이라 초기 부담이 크다는 점입니다.,iphone_17_pro,5,3,1,weak_negative,True,0.11363169,0.44131795,0.38460827,0.060442157,5
848250448,11,또한 기본 구성품이 단출해 충전 어댑터 등은 별도로 준비해야 합니다.,iphone_17_pro,5,3,1,weak_negative,True,0.14963067,0.44242,0.36210197,0.04584737,5
846508323,2,"고장만 안 나면 오래 쓰는 편이라 계속 사용할 생각이었는데, 4년정도 쓰니까 카메라가 바로 고장나네요",iphone_17_pro,5,3,1,weak_negative,True,0.25394776,0.52990186,0.18862379,0.027526516,3
846508323,5,"새제품 기스-쿠팡 교환후기

처음 받자마자 기스발견으로 쿠팡 교환신청했어요.",iphone_17_pro,5,3,0,negative,True,0.60568523,0.22285163,0.15888023,0.012582888,1
846508323,8,결국 1주이상 걸리긴 했지만 운이 없었던걸로..,iphone_17_pro,5,3,1,weak_negative,True,0.19675753,0.62033874,0.16345671,0.019447036,2
846508323,9,"저같은 경우 있을 수 있으니 개봉하시면서 영상,사진 꼭 남겨두시길 추천합니다.


✔️",iphone_17_pro,5,3,0,negative,True,0.35143143,0.29559493,0.29232723,0.060646478,1
845000800,1,"저번에도 쿠팡에서 아이폰 13Pro를 사줬었는데
그때는 뽑기 운이 안좋았어서
조금 문제 있는 아이로 4년 정도 넘게
그냥 사용해왔어요..",iphone_17_pro,5,3,1,weak_negative,True,0.18917535,0.36473384,0.35961798,0.0864728,1
845000800,5,배송은 조금 당황스럽게도..?,iphone_17_pro,5,3,1,weak_negative,True,0.14904213,0.5996954,0.22813472,0.02312776,1
845000800,6,"박스에 달랑...
그냥 뽁뽁이 얇게 한번 둘러서 왔어요",iphone_17_pro,5,3,1,weak_negative,True,0.117432766,0.60215664,0.26475993,0.015650678,1
845000800,9,가격에 비해 초라한 구성..ㅎ,iphone_17_pro,5,3,1,weak_negative,True,0.21830998,0.55899715,0.20701753,0.015675345,5
843896198,7,사용법이 변하지 않아 적응할 필요가 없다는 뜻으로 받아들여야하는건지.. ㅎ,iphone_17_pro,5,3,1,weak_negative,True,0.1654402,0.56837815,0.241918,0.024263678,2
840596904,6,"평소에 업무용 메신저, 메일, 금융 앱, 영상 시청을 많이 하는 편인데 하루 종일 써도 버벅임",iphone_17_pro,5,3,1,weak_negative,True,0.3875637,0.47700372,0.12380407,0.011628502,0
839595785,8,"멀리 있는 피사체를 확대해도 깨짐이 적고, 흔들림",iphone_17_pro,5,3,1,weak_negative,True,0.11787689,0.48997593,0.35690692,0.0352402,4
836727870,23,1T ?까지는필요할까 싶어요.,iphone_17_pro,5,3,1,weak_negative,True,0.29002288,0.3447815,0.32642677,0.038768813,5
835004585,13,쓰다보니 이마져도 그냥 무뎌지긴 합니다.,iphone_17_pro,5,2,1,weak_negative,True,0.11358755,0.5577136,0.29870933,0.029989464,2
835004585,16,"넓은 부분이 
붙어서 때기도 어렵고 모든 제품이 그런건 아니지만 워낙 붙은 면적이 넓어서 그런가 붙이 자리레 접착된 얼룩이 
보입니다.",iphone_17_pro,5,2,1,weak_negative,True,0.398723,0.4326055,0.15469046,0.013981138,2
835004585,21,"당연히 커버를 사용하지만
언제 생긴지 모르는 상처가 종종 생기더라구요.",iphone_17_pro,5,2,1,weak_negative,True,0.17768127,0.5084083,0.27261811,0.0412923,2
880687397,10,가볍 게쓰는느낌은아니 었음 .,iphone_17_pro,5,3,1,weak_negative,True,0.121247485,0.62718123,0.23479302,0.016778274,2
880687397,11,"카메라 성능이좋은 만큼일반사용 자입장 에서는기능  을
다활용 못하는 느낌 도있 었음 .",iphone_17_pro,5,3,1,weak_negative,True,0.12877363,0.5276817,0.31843793,0.025106737,4
834319675,11,앱 전환이나 멀티태스킹을 해도 버벅임,iphone_17_pro,5,3,1,weak_negative,True,0.2923942,0.5653509,0.13314694,0.00910793,0
833662214,8,"단점(호불호/아쉬운점)
1) 가격은 역시부담 됨좋 긴한데 “폰 한대값”

이

너무세긴 합니다…2)",iphone_17_pro,5,3,1,weak_negative,True,0.13711974,0.47936267,0.29339865,0.09011889,5
833662214,10,3) 배터리는 사용패턴 따라체감갈림,iphone_17_pro,5,3,1,weak_negative,True,0.121130586,0.53021026,0.30611545,0.042543706,3
833662214,11,"라이트 유저는충분한데카메라
/영상/게임많이 하면 생각보다

빨리 닳는느낌 도있 어요 .",iphone_17_pro,5,3,1,weak_negative,True,0.11474145,0.48586738,0.33198148,0.067409694,3
854314659,10,어차피 답은 정해져 있어요.,iphone_17_pro,5,3,0,negative,True,0.40687323,0.31409436,0.2252719,0.05376048,2
828919967,9,케이스 끼우기 아까울 정도예요….,iphone_17_pro,5,3,1,weak_negative,True,0.29519922,0.37020594,0.28053266,0.054062225,2
828352394,4,마음같아선 1TB로 가고 싶었지만 너무 비싸요....,iphone_17_pro,5,3,1,weak_negative,True,0.106865294,0.45605388,0.36246753,0.07461331,5
828352394,7,그런데!!! 아니 이게 무슨 일일까요...?,iphone_17_pro,5,3,0,negative,True,0.48459393,0.35948938,0.14378864,0.012128104,2
828352394,9,프로맥스는 이거보다 더 무겁다는 얘긴데 사용하시는 분들 손목 조심하세요...,iphone_17_pro,5,3,1,weak_negative,True,0.32569355,0.47958037,0.15067168,0.044054363,2
828352394,10,그리고 누워서 보실때도 조심하시구요....ㅠㅠ,iphone_17_pro,5,3,1,weak_negative,True,0.32692215,0.4065475,0.24774715,0.01878322,2
828352394,13,예전엔 배터리 강박(?) 같은 게 있어서 100에서 조금만 떨어져도 충전하곤 했었는데 그게 배터리에 안좋다고 하더라구요~?,iphone_17_pro,5,3,0,negative,True,0.47486186,0.3503125,0.14704847,0.027777161,3
827451739,13,하는 소소한 후회는 있습니다ㅋㅋ,iphone_17_pro,5,3,1,weak_negative,True,0.20980307,0.45605257,0.29623437,0.037909925,2
827033599,11,"제가 원래 13을 사용하면서 
크게 불편한 점은 없었는데 
영상편집 한편하고 , 촬영 하고 , 하루 사용하면 집으로 퇴근하는길에 보면 
10프로 되서 꺼질랑 말랑 했거든요 ....",iphone_17_pro,5,3,1,weak_negative,True,0.12517112,0.60286474,0.21544059,0.056523573,3
825083704,13,장시간 한 손으로 사용하거나 사진을 많이 찍다 보면 손목에 부담이 느껴질 수 있음.,iphone_17_pro,5,3,1,weak_negative,True,0.13989252,0.4678931,0.35016865,0.042045675,2
825083704,15,케이스까지 끼우면 더 무거워져서 이 부분은 확실히 단점으로 느껴짐.,iphone_17_pro,5,3,1,weak_negative,True,0.081956156,0.53638303,0.35639194,0.025268799,2
823656486,3,가장 먼저 신경 쓰였던 건 외관 상태였다.,iphone_17_pro,5,3,1,weak_negative,True,0.22269155,0.3828255,0.36202675,0.03245613,2
822539778,5,17은 참자 하고 맘먹었는데...,iphone_17_pro,5,3,1,weak_negative,True,0.12409044,0.60429084,0.24068439,0.030934343,2
822539778,6,하필이면 핸드폰이 망가졌습니다.,iphone_17_pro,5,3,0,negative,True,0.3512023,0.27797735,0.3237206,0.04709981,3
822539778,23,자기들도 바꿔달라하는데.. 휴.. ㅋㅋ,iphone_17_pro,5,3,1,weak_negative,True,0.19922405,0.5644891,0.21011603,0.026170768,2
822317379,16,이게 은근히 일상에서 체감이 큽니다.,iphone_17_pro,5,3,1,weak_negative,True,0.14981295,0.34690332,0.33537066,0.16791305,2
822317379,20,"2️⃣ 속도·카메라·감성 다 중요한 분들


✅ 단점

1️⃣ 가격이 사악하다.",iphone_17_pro,5,3,1,weak_negative,True,0.19525255,0.4793015,0.23829718,0.08714872,5
822064386,22,"성능은 참 좋은데
기존에 갤럭시를 썻더래서 그런지...",iphone_17_pro,5,3,1,weak_negative,True,0.042017587,0.73393416,0.20289826,0.021149928,3
820005528,6,"여러 앱을 동시에 켜두고 왔다 갔다 해도
버벅임",iphone_17_pro,5,3,1,weak_negative,True,0.34532937,0.5275302,0.11627557,0.010864873,0
820005528,12,성능 좋은 기기로 바꾸면 배터리 소모가 심할까,iphone_17_pro,5,3,1,weak_negative,True,0.24600622,0.5500096,0.18496759,0.01901653,3
819396814,1,그리고 카메라 검은점도 생긴 것..,iphone_17_pro,5,3,1,weak_negative,True,0.19777603,0.6016194,0.17514376,0.02546074,4
819396814,2,"또르르
배터리 효율도 상당히 떨어진 상태라 출장이나 여행시 불편함이 많았습니다",iphone_17_pro,5,3,1,weak_negative,True,0.16236016,0.65466934,0.16323331,0.019737212,3
819241728,4,특히 줌 당겨 찍을 때나 멀리 있는 걸 찍을 때 디테일이 흐려지는 게 계속 신경 쓰이더라구요.,iphone_17_pro,5,3,1,weak_negative,True,0.2404426,0.49443236,0.22952116,0.035603907,4
819241728,10,가격은 진짜 매번 느끼지만 부담이 커요.,iphone_17_pro,5,3,1,weak_negative,True,0.18234445,0.5973993,0.17855701,0.041699275,5
818973238,5,"노치 디자인과 AOD 미지원
노치로 인해 영상이나 게임에서 화면이 온전히 쓰이지 않는 느낌이 있었고, 항상 화면을 켜야만 시계·알림을 확인해야 하는 점이 아쉬웠습니다.
•",iphone_17_pro,5,3,1,weak_negative,True,0.21215186,0.432477,0.31118196,0.044189196,4
818948387,8,평평한 곳에 두면 덜컹거리는 것도 여전하고요.,iphone_17_pro,5,3,1,weak_negative,True,0.11969439,0.72063446,0.14634368,0.013327464,2
818948387,10,"카메라 성능 자체는 좋은데, 
자동초점 잡히는 부분은 여전히 불편하다고 느껴져요.",iphone_17_pro,5,3,1,weak_negative,True,0.100882374,0.49401653,0.3759318,0.02916928,4
818948387,11,"가까이서 찍을 때 초점이 왔다 갔다 하면서 
원하는 타이밍을 놓칠 때가 종종 있는데, 
이건 이전에 쓰던 아이폰에서도 느꼈던 부분이라 
아이폰 특성인가 보다 하고 포기하게 됩니다 (진짜 불편)",iphone_17_pro,5,3,0,negative,True,0.48133403,0.3501673,0.14826971,0.020228896,3
818948387,15,여러 앱을 동시에 써도 버벅임,iphone_17_pro,5,3,1,weak_negative,True,0.4051593,0.4517569,0.13075933,0.012324502,0
818165273,24,고민은 배송만 늦출 뿐이에요!,iphone_17_pro,5,3,0,negative,True,0.4119246,0.36147395,0.1620773,0.06452419,1
816717428,3,"14프로 쓸 때 사진은 괜찮았는데 영상 찍거나 오래 쓰면 배터리 빨리 닳고, 여름엔 진짜 손이 뜨거워질 정도라 스트레스가 꽤 있었거든요.

✔️",iphone_17_pro,5,3,1,weak_negative,True,0.19435464,0.5955637,0.17223059,0.03785104,3
815469455,18,"메신저, 메일, 지도, 금융 앱, 회사 업무용 앱을 동시에 여러 개 켜도 끊김",iphone_17_pro,5,3,0,negative,True,0.55798227,0.34194043,0.08827214,0.011805225,0
815153470,2,"몇 년을 썼는지 이제는 폰이 시도 때도 없이 멈추고 버벅대는, 이른바 '곧 운명하실 것 같은' 징조를 보여서 더 이상 미룰 수가 없었죠.",iphone_17_pro,5,3,0,negative,True,0.35412508,0.3271457,0.24851307,0.070216164,3
812022013,2,진정한 앱등이는 매년 바꾸지 않는다.,iphone_17_pro,5,3,0,negative,True,0.44655955,0.30998227,0.20118645,0.042271715,0
811311691,9,"앱 전환, 멀티태스킹, 고사양 게임까지 버벅임",iphone_17_pro,5,3,1,weak_negative,True,0.32846493,0.53178453,0.12920365,0.010546938,0
811311691,10,"대학 과제 때문에 PDF, 강의 영상, 메모 앱을 동시에 켜두는 경우가 많은데도 끊김",iphone_17_pro,5,3,1,weak_negative,True,0.42566004,0.44168544,0.12104544,0.011609076,0
808842713,13,"티타늄이 아니라 알루미늄이라 
스크래치에 약할까봐",iphone_17_pro,5,3,1,weak_negative,True,0.29086724,0.4864455,0.19365788,0.029029327,2
808424203,1,"내돈내산 솔직리뷰입니다❤

⚠️",iphone_17_pro,5,3,1,weak_negative,True,0.14587149,0.560529,0.2633224,0.03027716,5
808424203,16,진짜... 표현을 잘 못하지만 좋아요ㅠ,iphone_17_pro,5,3,1,weak_negative,True,0.123648144,0.43088847,0.39355114,0.051912192,2
808424203,20,알루미늄이 스크레치에 예민하고 떨구면 바로 휘고 뜨고 특히 찍힘에 취약하다고 알고있어요,iphone_17_pro,5,3,1,weak_negative,True,0.27674255,0.3738395,0.30275455,0.046663404,2
808424203,22,그래서 이번에 폰 바꾸면서 아기한테 절대 폰 안쥐어줍니다..ㅋㅋ,iphone_17_pro,5,3,0,negative,True,0.35656536,0.34993932,0.21997747,0.07351785,3
805077134,4,고해상도 덕분에 인물 사진 찍을 때 피부 질감이나 배경 흐림,iphone_17_pro,5,3,1,weak_negative,True,0.18357557,0.41633463,0.35176957,0.048320286,4
805077134,11,"아쉬운 점
무게나 두께가 아주 가볍진 않아서, 휴대폰을 늘 주머니에 넣고 다니는 제겐 때때로 묵직하게 느껴졌어요.",iphone_17_pro,5,3,1,weak_negative,True,0.0827118,0.4474004,0.42790225,0.04198558,3
800896425,13,"대리점 가면 괜히 비싼 요금제를 강요받는 경우도 많고, 부가서비스도 한두 개는 껴야 한다는 분위기 때문에 부담스러운 경우가 많았거든요.",iphone_17_pro,5,3,0,negative,True,0.3937787,0.26783547,0.28523684,0.053149022,5
800896425,22,앱을 여러 개 켜놓고 왔다 갔다 해도 끊김,iphone_17_pro,5,3,1,weak_negative,True,0.31688946,0.5859972,0.08737556,0.009737777,0
800896425,26,일상 사진 찍을 때도 흔들림,iphone_17_pro,5,3,1,weak_negative,True,0.31798607,0.42770258,0.21699324,0.037318077,4
799770584,4,공식 이미지나 유튜브 리뷰에서 봤던 그 색이 아닙니다.,iphone_17_pro,5,3,1,weak_negative,True,0.19227222,0.4680131,0.29382944,0.045885228,4
799056918,5,"앱 전환이나 인터넷 할 때 거의 딜레이가 없고, 게임도 끊김",iphone_17_pro,5,3,1,weak_negative,True,0.21135083,0.3790368,0.36886528,0.04074705,0
859831888,2,크기는 확실히 적응 필요합니다.,iphone_17_pro,5,3,1,weak_negative,True,0.1864343,0.41994292,0.33189553,0.061727278,2
859831888,23,"소형폰 그리울 수는 있는데, 배터리 자유를 한번 맛보면 안 돌아갑니다.",iphone_17_pro,5,3,1,weak_negative,True,0.30870417,0.42008933,0.21426706,0.056939334,3
794261577,7,"아이폰17은 셀룰러 이슈가 있어서 많이 고민했는데
실제 사용을 이틀정도 했는데 크게 체감은 안되는데 제가 무딘건지..",iphone_17_pro,5,3,1,weak_negative,True,0.083490625,0.4032278,0.3984571,0.11482448,3
788200387,0,그동안 아이폰13으로 버티다가 배터리때문에 맨날 보배들고 다니고 스트레스를 너무 받았었는데요,iphone_17_pro,5,3,1,weak_negative,True,0.11789567,0.3855907,0.38418734,0.11232624,3
799176570,8,원래는 기본회색으로 주문하고싶었지만 사전예약때 이미 품절....,iphone_17_pro,5,3,1,weak_negative,True,0.074878916,0.45221424,0.3580699,0.11483701,1
790518846,5,쿠팡빠른배송실화 인가요. .?,iphone_17_pro,5,3,0,negative,True,0.41056287,0.35917148,0.17406707,0.056198623,1
816543772,15,"25
	6	GB용량:사진·영상 저장시여유가커서 스트레스없 음5. 아쉬웠	던	점• 가격대가 높은편 이라가성비를중시하는 분들께
	는	부담 •무게 감이있 어장시간 한손 사용시 피로감 있음",iphone_17_pro,5,3,1,weak_negative,True,0.13726541,0.46618438,0.35281903,0.043731187,2
816543772,17,"17프로 의제일
큰아쉬움은아무래도
	알루미늄소재 로바뀐것이지요ㅠㅠ",iphone_17_pro,5,3,1,weak_negative,True,0.0771556,0.670667,0.22679628,0.025381086,2
816543772,18,긁힘 에예민한 편이라정말조심히	써야할거같아요,iphone_17_pro,5,3,1,weak_negative,True,0.1610274,0.5226155,0.29826832,0.018088898,2
816543772,23,"자급 제는아무래도

할인

이없어서아쉽 죠.",iphone_17_pro,5,3,1,weak_negative,True,0.092155844,0.469637,0.37019652,0.068010636,1
791286797,5,케이스 씌우기 아까울 정도예요.,iphone_17_pro,5,3,0,negative,True,0.38258627,0.2998984,0.25726822,0.060247116,2
791286797,7,게임이나 영상 편집할 때도 끊김,iphone_17_pro,5,3,1,weak_negative,True,0.36935744,0.47036764,0.14401548,0.016259406,0
790428526,5,하루에 최소 100장은 기본이에요.,iphone_17_pro,5,3,0,negative,True,0.32507274,0.32052544,0.29521316,0.05918864,1
790428526,11,첫째가 요즘 사춘기 예행연습 중인지 툭하면 삐져서 방 구석이나 소파 뒤에 숨어요.,iphone_17_pro,5,3,0,negative,True,0.3756904,0.22753865,0.31441322,0.08235774,2
790428526,14,둘째는 완전 개구쟁이라서 잠시도 가만히 있질 않아요.,iphone_17_pro,5,3,1,weak_negative,True,0.17121905,0.42005342,0.34564957,0.06307798,2
790428526,26,왜 진작 안 샀을까 하는 거요.,iphone_17_pro,5,3,1,weak_negative,True,0.23828635,0.3191091,0.3138363,0.12876818,1
790428526,27,아이들 어릴 때 순간순간이 다시 안 오잖아요.,iphone_17_pro,5,3,1,weak_negative,True,0.25944397,0.48877418,0.21943033,0.032351457,2
789128866,12,"인물 사진 찍을 때 피부 표현이 훨씬 덜 인공적이고, 빛 번짐",iphone_17_pro,5,3,1,weak_negative,True,0.11183189,0.4490741,0.35013464,0.088959366,4
789128866,15,"14 프로 쓸 때도 좋다고 생각했는데, 지금 보니까 14P는 색이 가끔 과하게 올라가거나 샤픈이 좀 인위적이었구나",iphone_17_pro,5,3,1,weak_negative,True,0.16934934,0.49925148,0.28786305,0.043536097,2
789128866,17,"여행 가거나 결혼식장, 공연장 이런 데서 차이 더 날 듯.",iphone_17_pro,5,3,1,weak_negative,True,0.20059168,0.36843997,0.35391498,0.07705337,2
788739284,3,"(아! 그리고 배터리가 진짜 빨리 닳아서 충전기는 매일 갖고 다녀야 될 정도였어요,,;;)",iphone_17_pro,5,3,1,weak_negative,True,0.30487427,0.41412142,0.23931856,0.041685738,3
787095394,4,그 전에는 느리다고 생각한 적은 없는데..,iphone_17_pro,5,3,1,weak_negative,True,0.080582246,0.5237885,0.34884536,0.046783864,2
787095394,6,"- 13미니는 오래 쓰기도 했지만, 풀충하고 출근하면 중간에 한번 충전 해줬어야 했거든요. (충전 안하면 퇴근할 때 20%미만)",iphone_17_pro,5,3,1,weak_negative,True,0.23308209,0.34472278,0.3353701,0.08682506,3
787095394,11,15프로 쓰는 남편이랑 똑같은 것을 찍어도 확실히 별로더라구요....,iphone_17_pro,5,3,1,weak_negative,True,0.13982582,0.71620464,0.1246848,0.019284667,3
787095394,13,뭔가 선명하지 않은 느낌? 그렇다고 xs처럼 감성있는 색감이 나오는 것도 아니구요.,iphone_17_pro,5,3,1,weak_negative,True,0.17655924,0.4562203,0.3166373,0.05058321,4
786171608,15,하루 종일 사진 찍고 영상 보고 SNS를 해도 퇴근할 때까지 버티는 수준이에요.,iphone_17_pro,5,3,0,negative,True,0.35218632,0.254649,0.3275349,0.065629736,3
785639743,5,"어두운 실내에서 아이 사진을 찍으면 노이즈가 많고, 초점이 흔들려서 순간을 예쁘게 담기 어려웠어요.",iphone_17_pro,5,3,1,weak_negative,True,0.20402229,0.482539,0.2672228,0.046215903,4
785639743,6,또 아이가 자는 모습을 동영상으로 찍을 때도 저장 공간이 금방 차서 늘 정리,iphone_17_pro,5,3,1,weak_negative,True,0.11501284,0.39891183,0.37761742,0.10845785,3
785639743,14,또 초기 설정과 데이터 이전에 시간이 좀 걸린 점은 아쉬웠어요.,iphone_17_pro,5,3,1,weak_negative,True,0.10666457,0.46365434,0.38838464,0.041296456,2
785280412,3,"앱 열 때 뚝딱, 사진 저장 순간, 게임도 버벅임",iphone_17_pro,5,3,1,weak_negative,True,0.3468928,0.5149714,0.12685657,0.011279206,0
785280412,13,"하루 종일 유튜브+사진+SNS 돌려도
밤까지 20~30% 남아요.",iphone_17_pro,5,3,0,negative,True,0.3451053,0.1893665,0.33752304,0.12800509,3
782921873,3,그런데 요즘 남편이랑 같이 게임을 돌려보니까 렉이 좀 걸리고 발열도 심해지더라구요.,iphone_17_pro,5,3,1,weak_negative,True,0.1845447,0.4288097,0.32930437,0.057341248,3
782921873,4,그때부터 슬슬 바꿔야 하나 고민이 시작됐어요.,iphone_17_pro,5,3,1,weak_negative,True,0.18560278,0.40373504,0.3424515,0.0682107,2
782921873,7,그런데 아쉽게도 뒤쪽 카메라섬 부분에 아주 살짝 기스가 있어서 바로 교환 요청을 했습니다.,iphone_17_pro,5,3,0,negative,True,0.37272042,0.22820678,0.36089772,0.03817512,4
782304138,3,출시가 200만 원이 넘는 자비 없는 가격에 손 떨면서...,iphone_17_pro,5,3,1,weak_negative,True,0.14804803,0.46095455,0.32042503,0.070572376,1
782304138,8,케이스 씌우기 아까울 정도예요.,iphone_17_pro,5,3,0,negative,True,0.38258627,0.2998984,0.25726822,0.060247116,2
782304138,18,4. 유일하게 아쉬운 점...,iphone_17_pro,5,3,1,weak_negative,True,0.177993,0.5151973,0.28696227,0.01984753,2
782304138,19,"'다이나믹 아일랜드'
17 Pro 정도 됐으면 이젠 UDC(언더 디스플레이 카메라)로 '트루 풀스크린' 넣어줄 법도 한데...",iphone_17_pro,5,3,1,weak_negative,True,0.24876134,0.36231285,0.3157113,0.07321455,4
782304138,20,3년째 이 알약 디자인을 보니 좀 지겹습니다.,iphone_17_pro,5,3,1,weak_negative,True,0.12623218,0.43036827,0.362905,0.08049454,2
782304138,21,"넷플릭스 볼 때마다 살짝 거슬리네요.


✅",iphone_17_pro,5,3,1,weak_negative,True,0.25815985,0.5046418,0.20722906,0.02996936,4
780923117,10,하지만 살짝 부담되는 건 가격이랑 크기예요~,iphone_17_pro,5,3,1,weak_negative,True,0.112803906,0.43958715,0.39481294,0.052796025,5
779411229,2,"총평✅
➡️배송 - 이전에 친정 엄마 폰 사드릴 때도 박스가 다 터져서 와서 매우 당황했었는데 이번에도 찌끄러지고 다 터져서 왔네요",iphone_17_pro,5,3,1,weak_negative,True,0.3402698,0.50777704,0.12983975,0.02211337,1
779411229,4,아무래도 가격이 높은 제품인데 신경을 더 써주셔야 할 것 같구요,iphone_17_pro,5,3,1,weak_negative,True,0.10753018,0.49683177,0.36308652,0.032551534,5
779411229,5,그나마 제품 상 문제가 없어서 반품은 안했습니다,iphone_17_pro,5,3,0,negative,True,0.42299482,0.21030839,0.33441782,0.03227901,1
779411229,11,그리고 인물 모드의 배경이 자연스럽게 흐림,iphone_17_pro,5,3,1,weak_negative,True,0.19637133,0.40484834,0.34065634,0.058124002,4
777270199,17,하루 종일 이것저것 해도 저녁쯤 돼서야 20~30% 남는 수준이에요.,iphone_17_pro,5,3,1,weak_negative,True,0.31987354,0.3676903,0.27340913,0.03902703,3
777270199,23,"아쉬운 부분을 굳이 꼽자면,
밝은 조명 아래서 화면 반사가 살짝 신경 쓰이고, 프레임 부분에 미세한 스크래",iphone_17_pro,5,3,1,weak_negative,True,0.12541658,0.59127307,0.26565227,0.017658059,4
777162493,5,상자 한면이 아예 찌그러져서 이거 반품한 거 그대로 갖다준 거 아닌가 싶을 정도로 좀 그렇더라구요.,iphone_17_pro,5,3,0,negative,True,0.6186447,0.3076716,0.065246575,0.008437107,1
777140225,14,특히 인물 모드의 배경 흐림,iphone_17_pro,5,3,1,weak_negative,True,0.21182936,0.53869975,0.2258922,0.023578668,4
776766321,6,바지 주머니에 넣어놓으면 바지가 축 처지더라고요.,iphone_17_pro,5,3,1,weak_negative,True,0.19111983,0.6133678,0.17362821,0.021884141,2
775553693,9,다만 망원 렌즈가 없어서 공연 같은 데서 줌 땡기면 화질이 깨지는 건 아쉬움.,iphone_17_pro,5,3,1,weak_negative,True,0.11188012,0.46628883,0.37588185,0.045949176,4
775553693,16,"단점
망원 렌즈 없음 (줌 땡길 때 실망)",iphone_17_pro,5,3,1,weak_negative,True,0.1344639,0.5727135,0.26220164,0.030620938,4
775553693,17,"(케이블만 줘서 충전기 또 사야 함)
가격 여전히 비쌈… 학생 입장에선 부담 크죠",iphone_17_pro,5,3,0,negative,True,0.50467587,0.34091905,0.13249455,0.021910535,5
775205946,5,그리고 베터리가 진짜깁니다.,iphone_17_pro,5,3,0,negative,True,0.36003026,0.2847107,0.23188582,0.12337321,3
775205946,8,"예전폰은 한번이상외부에서 풀 충전을
했어야했어요 .",iphone_17_pro,5,3,1,weak_negative,True,0.16167293,0.47930697,0.29692292,0.062097184,3
775205946,11,"써보기 전까지 확대하면

그래도화질 깨지겠지?",iphone_17_pro,5,3,1,weak_negative,True,0.15517437,0.49349412,0.30135322,0.049978334,2
775205946,18,무거운무게 는적응되 지않음⭐ ️,iphone_17_pro,5,3,1,weak_negative,True,0.18570803,0.45511463,0.3421588,0.017018488,2
775205946,19,"케이스 필수+그냥
핸드폰무게가무시할수없습니다.",iphone_17_pro,5,3,1,weak_negative,True,0.21011987,0.53680545,0.1932944,0.059780236,2
774694402,8,절대 작년 16프로보다 너프된게 아닙니다...,iphone_17_pro,5,3,1,weak_negative,True,0.26030838,0.52003646,0.17645153,0.043203585,2
774694402,11,너무 밝아서 영상볼때 빼고는 밝기 50%로만 하고 사용합니다..,iphone_17_pro,5,3,1,weak_negative,True,0.17855841,0.54576015,0.22833537,0.047346067,4
814088979,3,"기본 17이 성능 차이도 있는데 가격이
동결이라니……ㅋㅋㅋ 억울한..",iphone_17_pro,5,3,1,weak_negative,True,0.34914398,0.49184638,0.13945669,0.019552926,5
814088979,10,:..: 바꿔서 나쁠게없네요,iphone_17_pro,5,3,0,negative,True,0.39576274,0.2656725,0.2824828,0.056082036,2
773444039,15,256에도 충분하고 데이터 다 옮겼는데도100기가도 안차네요,iphone_17_pro,5,3,1,weak_negative,True,0.22341439,0.3928797,0.3141864,0.0695195,3
772923817,15,물론 가격은 확실히 부담돼요.,iphone_17_pro,5,3,1,weak_negative,True,0.19049518,0.45130754,0.31606227,0.04213493,5
772699345,39,영상 통화나 스트리밍 중에도 끊김,iphone_17_pro,5,3,0,negative,True,0.43028504,0.39572385,0.15905114,0.014939977,0
772537646,1,"구매동기/
12프로 4년8개월 사용중이었고 ios26으로 업데이트하니 감당을 못해 잠금화면 푸는것도 오래걸리고 노래틀어놓고 인터넷하거나 사진편집하면 못버티고 앱이 꺼졌습니다.",iphone_17_pro,5,3,1,weak_negative,True,0.17178181,0.46760455,0.2568097,0.10380392,3
772537646,13,옆으로 돌려찍으면 눈이 이상한 곳 보고있잖아요.,iphone_17_pro,5,3,0,negative,True,0.4205689,0.40927815,0.14939831,0.020754576,4
772537646,22,실내에서는 최대 밝기가 너무 밝아서 저는 살짝 내려놓구요.,iphone_17_pro,5,3,1,weak_negative,True,0.18710265,0.411449,0.3375794,0.06386896,4
772537646,23,"햇빛 쨍할때 진짜 하나도 안보일때가 있었는데
이젠 안그래요.",iphone_17_pro,5,3,1,weak_negative,True,0.17581236,0.34609404,0.32250026,0.15559334,4
772537646,24,"주의사항/
1. 알루미늄 유니바디.",iphone_17_pro,5,3,1,weak_negative,True,0.3463409,0.39531082,0.23179041,0.02655786,2
772537646,25,스크래치가 잘 나는거 잘 아시죠,iphone_17_pro,5,3,1,weak_negative,True,0.33002657,0.46125683,0.190256,0.018460605,2
772537646,29,"주의.

3. 갤럭시급 ai 불가.",iphone_17_pro,5,3,0,negative,True,0.45146725,0.3665242,0.15066437,0.031344213,3
772537646,31,짜잘한 질문들은 챗지피티한테 물어봐요 ㅋㅋ,iphone_17_pro,5,3,1,weak_negative,True,0.26886627,0.3933578,0.27689913,0.06087679,1
772537646,32,그렇게 어려운거 하지 않는 일반인이라 ..,iphone_17_pro,5,3,1,weak_negative,True,0.121693514,0.42040294,0.416498,0.041405525,2
772537646,33,4. 좀 무겁고 가격대가 있는것.,iphone_17_pro,5,3,1,weak_negative,True,0.27552488,0.5597438,0.1479966,0.016734652,2
772537646,38,셀룰러이슈는 잘 못 느끼겠음.,iphone_17_pro,5,3,1,weak_negative,True,0.040456586,0.5410993,0.39277792,0.025666071,3
772537646,40,카메라섬 약간 부끄러우면서도 자랑스러운 이것.,iphone_17_pro,5,3,1,weak_negative,True,0.27511126,0.32817653,0.31908262,0.07762961,4
772199829,8,근데 그 딱1가지가 나에겐 너무 큰 부분이였어요.,iphone_17_pro,5,3,1,weak_negative,True,0.17668241,0.5554495,0.25037643,0.017491728,2
772199829,16,이런 댓글많았는데 오히려 나는 실물 보고 이건 안되겠다 싶어서 마음 접음,iphone_17_pro,5,3,1,weak_negative,True,0.33233917,0.4641227,0.17535,0.028188057,1
772199829,25,그래서 세이지(녹색)을 봤은데 정답은 세이지였음.,iphone_17_pro,5,3,1,weak_negative,True,0.090590134,0.46218956,0.37290794,0.074312426,2
772199829,28,"저는 유심인줄 알고 새 핸드폰으로 다 옮겨지면  기존 핸드폰에 
’esim 삭제 및 데이터 삭제‘
’esim 유지 및 데이터 삭제‘

이렇게 버튼 뜨는데 생각없이 esim삭제 해서 새핸드폰에서 문자 전화 수신이 안되었네요...",iphone_17_pro,5,3,0,negative,True,0.5963128,0.2263341,0.1575292,0.019823948,3
772199829,29,(기존 핸드폰도 esim이 없어서 안돼요 ㅎㅎ),iphone_17_pro,5,3,1,weak_negative,True,0.14645708,0.5067311,0.29513502,0.051676832,3
772089524,14,"디스플레이
화면은 그냥 끝판왕.",iphone_17_pro,5,3,1,weak_negative,True,0.16130482,0.52812505,0.28306463,0.027505443,4
771327890,3,그래서 주문하려고 보니 사전예약은 지났고 지금 주문해도 한달뒤에 받을 수 있다고 해서 좌절했어요 ㅎㅎㅎ,iphone_17_pro,5,3,0,negative,True,0.3761828,0.3235973,0.21677439,0.083445534,1
770986347,11,"보정 기능

⭐단점
① 충전 속도가 여전히 아쉽게 느껴짐",iphone_17_pro,5,3,1,weak_negative,True,0.09084218,0.59978926,0.2912162,0.018152343,3
770986347,12,② 기본 저장 용량 선택 시 금방 부족할 수 있음,iphone_17_pro,5,3,1,weak_negative,True,0.18057086,0.507429,0.29216477,0.019835353,3
770293851,19,박스에 오염물질이 묻어와서 오자마자 물티슈로 잘 닦긴했는데 안닦이는 부분도 있더라구요ㅜ,iphone_17_pro,5,3,1,weak_negative,True,0.19489267,0.6269086,0.16806988,0.010128828,1
770054217,8,게임이나 영상 편집 같은 고사양 작업도 버벅임,iphone_17_pro,5,3,1,weak_negative,True,0.23815459,0.60559434,0.14267951,0.013571531,0
770054217,11,"사진을 찍을 때 색감이 자연스럽고, 영상 촬영 시 손떨림",iphone_17_pro,5,3,1,weak_negative,True,0.15099774,0.56848186,0.25920558,0.02131486,4
769919131,1,"사람들은 카메라 섬이 너무 별로라며 안이쁘다고 하지만 저는 카메라 섬보다 투톤인게 더 별로인 것 같더라고요,,,
투톤 때문에 오히려 카메라 섬은 괜찮아 보이는,,,?",iphone_17_pro,5,0,1,weak_negative,True,0.21125942,0.3385898,0.3366368,0.11351398,4
769919131,8,일반 배송 상태는 진짜 별로에요…..,iphone_17_pro,5,0,1,weak_negative,True,0.26074558,0.58722734,0.13548407,0.016543075,1
769919131,9,"그래도 휴대폰이고 고가의 상품인데 박스 포장을 작은 것에 딱 맞게 해주지 커다란 상자에 뽁뽁이 넣어서 배송해주니 진짜 별로네요,,,,,",iphone_17_pro,5,0,0,negative,True,0.734707,0.21699487,0.04104829,0.007249807,1
769919131,10,어쩔수 없이 배송기사님들은 던지실텐데 불안불안하네요,iphone_17_pro,5,0,1,weak_negative,True,0.22381653,0.5802128,0.18256874,0.013401943,1
769919131,11,"애플은 박스를 딱 맞게 해줘서 안전해보이던데,,,

다른 리뷰 보니 휴대폰 박스도 더러워진 분들도 있던데 저도 그러네요,,,",iphone_17_pro,5,0,1,weak_negative,True,0.2691071,0.4665436,0.2282997,0.036049586,3
769919131,13,그래서 쿠팡에서 산거 좀 후회하고 있어요,iphone_17_pro,5,0,0,negative,True,0.44250593,0.43631372,0.09963462,0.021545738,1
769919131,14,"애플 정품이라고 해도 뭔가 못 믿더운 느낌,,,,?",iphone_17_pro,5,0,1,weak_negative,True,0.31343454,0.54212105,0.12871674,0.015727669,3
769919131,15,핸드폰 받고 첫날 직장에서 핸드폰이 안터져서 핸드폰 불량인가 했는데 다행히 기지국 문제였어서 잘 해결되었는데 뭔가 자잘한 문제 생길때마다 쿠팡에서 산거 후회할 것 같아요,iphone_17_pro,5,0,0,negative,True,0.51940763,0.34845087,0.10370119,0.028440297,1
769919131,16,웬만하면 그냥 공홈에서 사세요,iphone_17_pro,5,0,1,weak_negative,True,0.3912069,0.45389727,0.111529484,0.04336634,5
769254567,14,배터리배터리는하루 정도는무난하 게갑니다.,iphone_17_pro,5,3,1,weak_negative,True,0.098711185,0.43863183,0.39830935,0.06434763,3
769254567,18,"아쉬운점 •무게는확실히있
	어요.",iphone_17_pro,5,3,1,weak_negative,True,0.08359341,0.50669503,0.36126423,0.04844738,2
768906147,8,게임이나 영상 편집 같은 고사양 작업도 버벅임,iphone_17_pro,5,3,1,weak_negative,True,0.23815459,0.60559434,0.14267951,0.013571531,0
768780236,10,이제는 60Hz 화면을 보면 역체감이 심하게 느껴질 정도입니다.,iphone_17_pro,5,3,1,weak_negative,True,0.121262714,0.5456017,0.28207952,0.051056106,4
768746984,8,케이스도 뻥 뚫려잇어서 좀 불안해요 ㅋㅋ ㅠ,iphone_17_pro,5,3,1,weak_negative,True,0.1276789,0.6235057,0.22896898,0.01984641,2
768746984,12,그래도 왜… 아이폰프로로 갔느냐…?,iphone_17_pro,5,3,1,weak_negative,True,0.15614022,0.39552742,0.37037528,0.07795704,3
768744064,10,카메라 품질도 확실히 일반 모델과 차이가 나고 야간 촬영이나 줌,iphone_17_pro,5,3,1,weak_negative,True,0.11386954,0.44859973,0.3573345,0.08019622,4
768563514,14,"단점 / 아쉬운 점

무게 & 그립감
Pro 버전 자체가 크고 무거움.",iphone_17_pro,5,3,1,weak_negative,True,0.07597953,0.468517,0.41572312,0.039780393,2
768563514,15,손이 작은 편이면 한 손 조작이 꽤 부담됨.,iphone_17_pro,5,3,1,weak_negative,True,0.10745764,0.42633906,0.42398947,0.04221379,2
768563514,16,주머니에 넣고 다니면 좀 묵직한 느낌. 케이스 씌우면 더 무거워짐.,iphone_17_pro,5,3,1,weak_negative,True,0.06069837,0.5234999,0.3682501,0.047551654,2
768563514,19,"이건 아이폰 색상 있는 모델들 대부분 그렇지만, 잘 만든 케이스가 아니면 색이 덜 돋고 지문도 좀 묻음.",iphone_17_pro,5,3,1,weak_negative,True,0.20096247,0.5254275,0.24347267,0.030137397,3
768563514,21,"충전 속도 한계
공식 발표된 20분 50% 충전은 고출력 USB-C 어댑터 사용 시이고, 기본 동봉 충전기는 없거나 약할 가능성.",iphone_17_pro,5,3,1,weak_negative,True,0.36394086,0.36853096,0.2498363,0.01769187,3
768563514,22,무선 충전은 편하긴 한데 유선 대비 속도 덜함.,iphone_17_pro,5,3,1,weak_negative,True,0.08645845,0.5852269,0.30498862,0.02332611,3
768563514,27,"주의할 점

서비스센터 수리비 / 보증 정책 확인 필요

처음 언락(unlock) 상태인지, 혹시 통신사 락이 걸렸는지 체크

충전기, 케이블 등 부속품 구성 확인 필요 — 번들 악세서리가 적을 가능성 있음",iphone_17_pro,5,3,0,negative,True,0.56630284,0.25830933,0.15936586,0.016021967,5
768470581,0,아이폰 17 프로는 인기가 없음,iphone_17_pro,5,3,1,weak_negative,True,0.17305195,0.43035904,0.34969544,0.046893626,3
768470581,2,예전과 달리 사전 예약이 미달일 정도로 확실히 예전만큼의 인기는 체감되지 않았습니다.,iphone_17_pro,5,3,1,weak_negative,True,0.082916476,0.43194026,0.38925532,0.09588798,2
767752450,11,라이더 센서가있으니 이게 프로에있는 센서자나요,iphone_17_pro,5,3,1,weak_negative,True,0.15852654,0.38220617,0.33685768,0.12240959,4
767680129,0,"오렌지가 레전드입니다, 색은예쁜데 17프로 무거워요 ㅠ",iphone_17_pro,5,3,1,weak_negative,True,0.06699953,0.5373053,0.30229336,0.09340185,2
767541035,3,저는 통신사 대리점에서 약정이나 부가서비스까지 끼워 파는 방식이 늘 불편했어요.,iphone_17_pro,5,3,1,weak_negative,True,0.33053726,0.35894585,0.26924315,0.041273773,5
767412739,10,"앱 실행 속도가 워낙 빠르고, 게임이나 영상 편집 같은 고사양 작업도 끊김",iphone_17_pro,5,3,1,weak_negative,True,0.12837467,0.41052884,0.39105728,0.07003917,0
769593577,8,아이폰은 카메라가 많이 발전했지만 줌 땡겼을 때 화질이 구린 것 같아요,iphone_17_pro,5,3,1,weak_negative,True,0.15062794,0.5880124,0.22310817,0.038251486,4
769593577,10,그리고 15프로에 비해 확실히 무거워요 ㅠㅠ,iphone_17_pro,5,3,1,weak_negative,True,0.107855186,0.50833404,0.30752438,0.076286405,2
772506846,1,"쿠팡에서 배송되는 아이폰 글들보면 좀 부실하게 오는 경우가 많대서 

쿠팡 고객센터에 따로 배송주의 붙여달라고 요",iphone_17_pro,5,2,0,negative,True,0.5004623,0.30102354,0.17998451,0.018529655,1
772506846,3,근데 취급주의만 붙혀있고 안에는 부실하게 공기보호막?,iphone_17_pro,5,2,1,weak_negative,True,0.3202101,0.5506896,0.118935615,0.010164678,1
772506846,7,그것조차 안붙히고 허접하게 배송 오는 경우를 많이 봤거든요..,iphone_17_pro,5,2,0,negative,True,0.5627297,0.34813258,0.08017424,0.008963478,1
797657531,11,단점이라면 가격이 너무 높아서 결제할 때 살짝 마음 아픈 정도… 그리고 영상 오래 보면 발열은 조금 있는 편 정도?,iphone_17_pro,5,3,1,weak_negative,True,0.15153638,0.40895477,0.3989382,0.040570676,5
881011188,2,"성능
- A19 Pro 칩이라 그런지 앱 전환, 게임, 영상 편집까지 전부 버벅임",iphone_17_pro,5,3,1,weak_negative,True,0.21709006,0.5660587,0.19956778,0.017283497,0
842897875,1,"앱 실행 속도나 화면 전환이 전반적으로 더 부드러워졌고, 여러 앱을 동시에 써도 버벅임",iphone_17_pro,5,3,1,weak_negative,True,0.1292255,0.41662276,0.41118938,0.04296234,0
769310230,5,"장시간 사용시 
       손에 열이 전달되는 경우가  거의 사라짐..",iphone_17_pro,5,3,1,weak_negative,True,0.08639826,0.43955982,0.43160868,0.0424332,3
867862985,5,특히 멀티태스킹이나 고사양 작업에서도 버벅임,iphone_17_pro,5,3,1,weak_negative,True,0.17376795,0.62091005,0.19342363,0.011898429,0
791842687,2,디자인으로 왜 욕먹는지 모를 1인...ㅎ,iphone_17_pro,5,3,1,weak_negative,True,0.16249946,0.6017655,0.21173245,0.02400259,2
830404605,0,"쿠팡,코**코,트***스,*마트,하*** 
가는곳 마다 품절.",iphone_17_pro,5,3,0,negative,True,0.44764763,0.3920685,0.13761012,0.022673758,1
830404605,7,"우리집은 죄다 C타입인데 
조카만 오면 8핀 안가져와서 충전 못하던 날들.",iphone_17_pro,5,3,1,weak_negative,True,0.28164923,0.4777976,0.2154986,0.025054598,3
776770246,13,"오래 쓰고 싶으신 분은, 꼭! 배터리 최대 충전 80으로 제한하고,
단축어 설정으로 30미만 저전력모드 저절로 켜지고
30이상은 저전력모드 자동으로 꺼지는 기능 꼭 해두세요.",iphone_17_pro,5,3,0,negative,True,0.42167664,0.20811188,0.25117314,0.11903835,3
881100562,1,"(A19 Pro 체감 확실) 앱 전환, 게임, 영상 편집까지 전부 끊김",iphone_17_pro,5,3,1,weak_negative,True,0.38595736,0.47985014,0.12228326,0.011909213,0
881100562,6,"4. 배터리 체감 상승 하루 종일 써도 충분히 버티는 느낌
(게임 많이 안 하면 이틀도 가능)

단점
1. 가격 부담 솔직히 비쌈.",iphone_17_pro,5,3,1,weak_negative,True,0.27624893,0.3532893,0.3205799,0.049881827,3
881100562,7,쿠팡에서도 100만원대~ 시작이라 부담 있음,iphone_17_pro,5,3,1,weak_negative,True,0.17893048,0.35694185,0.331629,0.13249864,5
826337871,10,카메라 렌즈에 지문 자국이 많이 남는 것도 단점으로 꼽을 수도 있을 것 같습니다.,iphone_17_pro,5,3,1,weak_negative,True,0.14616086,0.4729293,0.3426833,0.03822663,4
770446944,2,저 5년만에 바꾸는거 같아요,iphone_17_pro,5,3,1,weak_negative,True,0.41581103,0.4439487,0.10946382,0.030776484,3
770446944,8,"택배박스를 여니 흰 핸드폰 박스가 더럽더라구요
ㅠㅠ",iphone_17_pro,5,3,1,weak_negative,True,0.26596472,0.53863376,0.18120494,0.014196585,1
770446944,9,무슨일이있던거니 어디서 굴렀니..,iphone_17_pro,5,3,1,weak_negative,True,0.3477224,0.4549448,0.17632851,0.021004284,1
770446944,10,"그래도 뭐 안에만 깨끗하면 괜찮지 라는 생각으로 
썼는데 
찝찝ㅠㅠㅠ 왜냐면 터치가 잘 안되더라고여ㅠㅠㅠ
속상하다",iphone_17_pro,5,3,1,weak_negative,True,0.29108745,0.50378865,0.18630376,0.018820193,4
770446944,12,케이블 머리는 따로 구매 해야되요,iphone_17_pro,5,3,1,weak_negative,True,0.25968042,0.3588901,0.33261886,0.04881062,5
770446944,13,"홀수는 실험작이고
짝수가 찐이라는 말이 있던대",iphone_17_pro,5,3,1,weak_negative,True,0.15318294,0.4557241,0.32697427,0.06411876,2
770446944,14,그때까지 못 기다리겠더라고요ㅜㅜㅜ,iphone_17_pro,5,3,1,weak_negative,True,0.2750351,0.44169497,0.24532624,0.03794365,2
836704932,11,"버튼 
한번만 부탁드릴게요~",iphone_17_pro,5,3,0,negative,True,0.545322,0.2669181,0.15123756,0.036522325,2
829779295,2,박스에는 여기저기 찍힌 자국들도 많고요..,iphone_17_pro,5,2,1,weak_negative,True,0.13555838,0.65858305,0.19141385,0.014444722,1
829779295,4,결론은 그냥 문제없이 잘 사용하고있긴한데요,iphone_17_pro,5,2,1,weak_negative,True,0.11843202,0.57847923,0.27968252,0.023406195,2
829779295,5,배송 중 파손 우려가 큰 만큼 포장 개선이 필요해 보입니다.,iphone_17_pro,5,2,1,weak_negative,True,0.12917869,0.4362536,0.40392676,0.03064093,1
834540720,6,"부드러운 성능 체감
앱 실행, 화면 전환, 멀티태스킹까지 전반적으로 매우 부드러워요. 고사양 게임이나 영상 편집 같은 작업도 버벅임",iphone_17_pro,5,3,1,weak_negative,True,0.124155745,0.48659176,0.31393874,0.07531378,0
841005789,9,무거운 앱을 사용해도 전혀 버벅임,iphone_17_pro,5,3,1,weak_negative,True,0.33922845,0.5115491,0.13442077,0.014801639,0
834263855,10,"앱 실행 속도, 멀티태스킹, 게임 플레이까지 끊김",iphone_17_pro,5,3,1,weak_negative,True,0.2851641,0.5598962,0.14036657,0.014573202,0
834263855,20,"아쉬운 점
✘ 가격이 꽤 센 편이라 고민 많이 했던 건 사실
✘ 무게가 가볍진 않아서 한 손 장시간 사용 시에는 조금 묵직
✘ 고사양 덕분에 설정을 이것저것 만지다 보면 배터리 빨리 소진될 때도 있음",iphone_17_pro,5,3,1,weak_negative,True,0.10772319,0.43440008,0.39234307,0.06553371,2
843926490,10,"단점
가격대가 높아 선물로는 부담이 되는 편이었음",iphone_17_pro,5,3,1,weak_negative,True,0.16091968,0.505993,0.3027856,0.030301739,5
837838871,9,"● 아쉬운 점
가격대는 확실히 부담되는 편입니다.",iphone_17_pro,5,3,1,weak_negative,True,0.10076008,0.47093728,0.36205754,0.06624507,5
837838871,11,호불호가 있을 수 있습니다.,iphone_17_pro,5,3,1,weak_negative,True,0.15249048,0.44716737,0.35772094,0.04262124,2
825232743,5,"단점: 가격이 높은 편이라 부담됨, 기본 용량이 아쉽게 느껴 수 있고, 스크레치가 심하다는 평이 많음",iphone_17_pro,5,3,1,weak_negative,True,0.20688379,0.4758461,0.29682243,0.020447694,5
825232743,9,"단점
	•	가격이 확실히 비싼 편임
	•",iphone_17_pro,5,3,1,weak_negative,True,0.16347422,0.5647932,0.25281945,0.018913096,5
767713570,8,"단점

무게감이 있어 오래 들고 쓰면 살짝 부담됨!",iphone_17_pro,5,3,1,weak_negative,True,0.06212838,0.45541507,0.43149891,0.050957613,2
767713570,9,가격이 높아 초기 지출이 큼 ㅠ,iphone_17_pro,5,3,1,weak_negative,True,0.21681245,0.49725553,0.25980866,0.026123313,5
809296042,1,"(네, 맞습니다. 변기 옆에 뒀다가 케이스 맞고 튕겨나가 액정이 사망했습니다... )",iphone_17_pro,5,3,0,negative,True,0.6180873,0.20742111,0.1488281,0.025663536,3
809296042,3,이젠 제 손에서 떨어진 게 죄라면 죄죠...,iphone_17_pro,5,3,1,weak_negative,True,0.2995659,0.45604166,0.21426791,0.030124532,2
809296042,12,꿀팁 방출! (긴급 상황 대비),iphone_17_pro,5,3,0,negative,True,0.3534955,0.29272643,0.2993057,0.054472324,2
809296042,13,저처럼 갑자기 화면이 나가버려서 백업을 못 하는 분들이 계실 수 있어요.,iphone_17_pro,5,3,0,negative,True,0.3555052,0.3424541,0.26265496,0.039385702,4
809296042,37,"비싼 아이폰, 그냥 사지 마세요!",iphone_17_pro,5,3,0,negative,True,0.6346923,0.24287727,0.089624576,0.03280578,3
809296042,42,"이렇게 되면 체감 실구매가가 훨씬 낮아지니, 구매 전에 반드시 확인해 보세요!",iphone_17_pro,5,3,0,negative,True,0.38246638,0.23547515,0.31175363,0.07030486,5
804289759,1,"씰도 정상이고 지문도 없음
하지만 박스에 먼지는 많이 껴서 옴",iphone_17_pro,5,2,1,weak_negative,True,0.1642933,0.5620643,0.2604927,0.013149648,1
804289759,2,"제품에도 먼지는 좀 있었음


#️⃣",iphone_17_pro,5,2,1,weak_negative,True,0.13085487,0.48584718,0.36599922,0.0172987,1
793986196,16,아쉬운점및유의 사항•가격이꽤높 아요.,iphone_17_pro,5,3,1,weak_negative,True,0.10332523,0.54356086,0.3206416,0.032472335,5
793986196,19,"일부 리뷰 에서는알루미늄백 이긁히거나스크래치가

쉽게 생긴다는지적이 있습니다
	.	•",iphone_17_pro,5,3,1,weak_negative,True,0.2976315,0.47047204,0.21773846,0.014158044,2
793986196,20,"망원 ( 8×줌등 )기능이 탑재됐 다고 는하지만, 실제 저조도조건이나극단적 확대상황에서는
	기대만큼의 성능향상이체감되지않는다",iphone_17_pro,5,3,1,weak_negative,True,0.27012742,0.39257413,0.3195772,0.01772129,4
793986196,22,"즉	,업그레이드 체감은사람마다달라요.",iphone_17_pro,5,3,1,weak_negative,True,0.09160776,0.61807597,0.26967674,0.020639535,2
882817521,2,갤럭시만 쓰셨던분들 아이폰에 적응 못한다?,iphone_17_pro,5,3,1,weak_negative,True,0.22419065,0.36441606,0.33039325,0.08100002,3
882817521,4,갤럭시에 비해 안되는거 몇가지?,iphone_17_pro,5,3,1,weak_negative,True,0.3345081,0.45913047,0.17519264,0.031168774,3
773354899,13,제가 영상 편집 앱도 가끔 쓰는데 전혀 버벅임,iphone_17_pro,5,3,1,weak_negative,True,0.35689524,0.5007603,0.13145357,0.010890822,0
773354899,17,그냥 두면 살짝 덜컹거리거든요.,iphone_17_pro,5,3,1,weak_negative,True,0.2920398,0.43748894,0.24083684,0.029634368,2
767430504,1,진짜 프로맥스는 사는게 아님.,iphone_17_pro,5,3,0,negative,True,0.45157483,0.4358216,0.099490754,0.013112777,2
861492537,16,약정2년 노예에서 벗어날수있어요.,iphone_17_pro,5,3,0,negative,True,0.33952114,0.27282774,0.30976418,0.07788699,5
861492537,17,약정 너무 길고 지겹고...,iphone_17_pro,5,3,1,weak_negative,True,0.2907764,0.55402845,0.1338819,0.021313284,2
861492537,19,애플 케어 플러스도 정말 고민했지만 케어 가입은 ㄴㄴ (저는 폰 분실 한번도 없고 그렇다고 파손도 없었던... 보험료 아까워요. 교체해준다해도 리퍼라...저는 그닥...),iphone_17_pro,5,3,1,weak_negative,True,0.3061639,0.35210305,0.23009844,0.1116346,3
861492537,25,버튼 한 번만 부탁드립니다!,iphone_17_pro,5,3,0,negative,True,0.57223463,0.2413411,0.14344163,0.04298263,2
785915955,3,"영상도 4K로 찍으면 깔끔하고, 편집할 때도 끊김",iphone_17_pro,5,3,1,weak_negative,True,0.22876097,0.5604114,0.1833216,0.027506046,4
868088316,9,또한 기본 구성품이 간소화되어 충전기 등은 별도 구매가 필요할 수 있습니다.,iphone_17_pro,5,3,1,weak_negative,True,0.14981811,0.41474605,0.39088395,0.0445519,5
780646589,1,처음 공개됐을때 디자인 별로여서..ㅋ,iphone_17_pro,5,3,1,weak_negative,True,0.1250288,0.5056596,0.33534414,0.033967447,2
866040581,8,"앱 실행 속도가 빠르고, 다양한 작업을 동시에 진행해도 끊김",iphone_17_pro,5,3,1,weak_negative,True,0.12321967,0.47660682,0.34271523,0.057458356,0
771000163,6,2점은 무게와 스크래치 취약 및 가격 상승입니다.,iphone_17_pro,5,2,1,weak_negative,True,0.16883713,0.42234504,0.36885127,0.03996656,5
817249522,8,"특히 인물 모드는“아이폰으로찍었 다”는
 느낌 이거의안 나요 .",iphone_17_pro,5,3,1,weak_negative,True,0.20755555,0.37746623,0.32885176,0.08612645,3
809940363,9,일단 폰 카메라가 조금 튀어나와있긴 하더라구요,iphone_17_pro,5,3,1,weak_negative,True,0.16339874,0.43496537,0.35583764,0.045798317,4
859969185,4,고민할바에는 바로 사는게 맞아요,iphone_17_pro,5,3,0,negative,True,0.29799324,0.18953325,0.23674895,0.27572456,5
858804669,6,속도도 빠르고 앱 실행이나 카메라 사용할 때도 버벅임,iphone_17_pro,5,3,1,weak_negative,True,0.103759885,0.41959924,0.40122336,0.07541742,0
859672410,2,5년정도 쓴 12프로는 배터리가 몇시간도 못가고 사진 2배줌하면 계속 화면이 흔들려서 쓸 수가 없더라고요ㅜㅜ,iphone_17_pro,5,2,1,weak_negative,True,0.42085832,0.4720996,0.09207858,0.014963531,3
859672410,4,새폰인데도 초점을 잘 못잡는거 같기도하고 사진 편집 기능도 다른 업체만 못한거 같고요.,iphone_17_pro,5,2,1,weak_negative,True,0.39766866,0.45106003,0.11841506,0.03285616,4
859672410,6,이런건 점점 멀어지는거 같아요.,iphone_17_pro,5,2,1,weak_negative,True,0.2383627,0.48892736,0.23030713,0.04240278,2
859672410,9,상세페이지에 있는 내용은 굳이 자세히 적지 않습니다.,iphone_17_pro,5,2,0,negative,True,0.563646,0.19659343,0.21289973,0.026860833,1
838762817,11,"정품 박스, 미개봉
초기 상태 이상 없음",iphone_17_pro,5,3,1,weak_negative,True,0.27018452,0.37617078,0.32441616,0.02922849,1
868210858,5,해서 앱 여러 개 켜놓고 써도 버벅임,iphone_17_pro,5,3,1,weak_negative,True,0.3838467,0.52508926,0.08399656,0.0070675276,0
773902702,2,그러던 어느 날 제 iPhone 홈버튼이 죽어 버렸습니다ㅠㅠ,iphone_17_pro,5,3,1,weak_negative,True,0.28971615,0.47717303,0.2114618,0.021649076,3
773902702,3,홈버튼이 죽으니까 엄청 난감 하더라구요.,iphone_17_pro,5,3,0,negative,True,0.5018626,0.27648747,0.1926783,0.028971687,3
773902702,6,금액을 보는데 어마어마하네요.,iphone_17_pro,5,3,0,negative,True,0.4035436,0.2728712,0.2885204,0.03506478,5
773902702,14,사진도 별로 찍지 않습니다.,iphone_17_pro,5,3,1,weak_negative,True,0.29225376,0.37556222,0.26607224,0.06611184,4
769544228,10,야간촬영하면 원래 몇초기다려야,iphone_17_pro,5,3,0,negative,True,0.54313153,0.36123133,0.0803216,0.01531555,4
769544228,11,하는데 17프로는 그냥 띡하고 바로 찍히는?,iphone_17_pro,5,3,1,weak_negative,True,0.18705371,0.62517035,0.17093807,0.016837837,2
769544228,19,"한번만 부탁드리겠습니다.


+",iphone_17_pro,5,3,0,negative,True,0.41306928,0.3273123,0.22421214,0.035406254,2
853088883,12,고민은 배송만 늦출 뿐이에요.,iphone_17_pro,5,3,0,negative,True,0.42199433,0.39931098,0.13468242,0.044012252,1
847459975,10,가격이 꽤 나가는 편이니까요.,iphone_17_pro,5,3,1,weak_negative,True,0.24345522,0.44630462,0.2742647,0.03597549,5
827110929,1,"아직도 쓰는 사람이 있다는 게 신기할 정도로 버텼는데, 솔직히 말하면 더 이상은 무리였어요.",iphone_17_pro,5,3,1,weak_negative,True,0.24783358,0.37798887,0.28676564,0.087411895,2
827110929,2,"배터리는 반나절도 못 가고, 카메라는 밤만 되면 노이즈가 심했고, 앱 전환 속도도 확실히 느려졌어요.",iphone_17_pro,5,3,1,weak_negative,True,0.21557468,0.5560848,0.19639814,0.031942315,3
827110929,13,카메라는 ‘세대 차이’가 아니라 ‘급 차이’였어요,iphone_17_pro,5,3,1,weak_negative,True,0.2621876,0.48551542,0.21638009,0.035916883,4
827110929,18,배터리는 스트레스가 사라졌어요,iphone_17_pro,5,3,1,weak_negative,True,0.14776942,0.3599541,0.32313237,0.16914412,3
827110929,27,XS에서 바로 갈 필요는 ‘필수’는 아니었어요,iphone_17_pro,5,3,1,weak_negative,True,0.1978342,0.46491978,0.27897364,0.058272447,2
827110929,30,XS 에서넘어오면체감차이는매우큼✔️,iphone_17_pro,5,3,1,weak_negative,True,0.17323405,0.5514826,0.24409197,0.03119141,2
827110929,31,"성능 ·
카메라·배터리전부만족했어요✔️",iphone_17_pro,5,3,1,weak_negative,True,0.13635266,0.42016894,0.3904224,0.05305606,4
786745062,2,배터리도 발열이 전화하면서 다른거 해도 그렇게 높지 않음,iphone_17_pro,5,2,1,weak_negative,True,0.14770664,0.44853508,0.35377306,0.04998525,3
856038745,2,최신 A19 Pro 칩이 들어가서 그런지 게임이나 영상 편집 같은 작업도 끊김,iphone_17_pro,5,3,1,weak_negative,True,0.18720652,0.5351168,0.24258485,0.035091855,0
844939934,0,애플 너무 싫음 몇백짜리 팔면서 설명서도 없고 이틀동안 생쇼하다가 핸드폰 불량이라는걸 깨닫고 새로 받았음,iphone_17_pro,5,0,0,negative,True,0.82133055,0.13917585,0.032762103,0.0067314752,3
844939934,5,애플스토어보상판매하시면 거기서 처음 안내하는 예상금액 받지도 못합니다,iphone_17_pro,5,0,0,negative,True,0.66562545,0.26316047,0.054110467,0.01710364,1
844939934,6,아니그리고 핸드폰인데 상자 다 찢어져서 왔어요 ㅋㅋ,iphone_17_pro,5,0,0,negative,True,0.54786474,0.38623506,0.059663355,0.006236856,1
838238066,12,"손

이

작은 경우 장시간 사용시

부담이될수 있습니다.",iphone_17_pro,5,3,1,weak_negative,True,0.21792242,0.42860425,0.3192084,0.03426497,2
792390072,1,"물량을 어떻게 확보 한 건지 마트도 모르는 경로라고 하지만
소비자 입장에서는 구매 안 할 이유가 없습니다",iphone_17_pro,5,2,0,negative,True,0.5416408,0.19864273,0.22448294,0.035233542,1
792390072,4,알루미늄 이라 흠집이 정말 잘 나긴 합니다,iphone_17_pro,5,2,1,weak_negative,True,0.2588828,0.45624608,0.24409759,0.040773556,2
792390072,5,"액정필름을 붙히다 액정필름 가드 커버를 씌우고 뺐는데
양쪽에 흠집이 생겼어요 ㅋㅋㅋ",iphone_17_pro,5,2,0,negative,True,0.35028142,0.34743348,0.2884004,0.01388472,2
792390072,6,"어쩌피 케이스 끼워 몇 년 사용할거니 상관없다 싶은데
유통해주시는 분 책임은 아니니까요!",iphone_17_pro,5,2,0,negative,True,0.77756,0.104954116,0.10738897,0.0100969365,1
884214517,1,앱 전환이나 카메라 실행할 때 버벅임,iphone_17_pro,5,3,1,weak_negative,True,0.26999032,0.5111582,0.20520031,0.013651024,0
832666031,2,"마이그레이션하고 나서 발열이 좀 있길래 뒀다가 써봤는데 발열감이 전 왜 느껴지는지 ;; 이게 불량인건지 그냥 메신저랑 sns만 했는데 ;;
그리고 배터리도 프로맥스라인을 썼을 때랑 비슷?",iphone_17_pro,5,2,1,weak_negative,True,0.21678315,0.51021075,0.2493744,0.023631673,3
832666031,4,비싸도 아이폰만 쓰게되는 이상한 매직,iphone_17_pro,5,2,0,negative,True,0.4882456,0.4047977,0.08695218,0.020004548,3
811954882,4,앱 여러 개 켜놓고 써도 끊김,iphone_17_pro,5,3,0,negative,True,0.44646043,0.42859563,0.115937166,0.00900678,0
834269640,4,그리고 소재가 알루미늄으로 바뀌면서 기스나 찍힘에 너무 취약합니다.,iphone_17_pro,5,3,1,weak_negative,True,0.19900723,0.48599237,0.27592513,0.039075285,2
834269640,5,"생폰으로 쓰기에는 확실히 불안하고, 특히 카메라섬(Plateau) 테두리 부분이 날카롭게 마감되어 있어서 이 부분이 긁히거나 도색이 나가는 게 눈에 잘 띄네요.",iphone_17_pro,5,3,0,negative,True,0.33091432,0.32501483,0.3010654,0.043005474,2
834269640,7,"2. 여전한 소프트웨어 버그 (셀룰러 사파리)
제일 짜증 나는 건 가격은 이렇게 비싸면서 고질적인 버그가 안 고쳐졌다는 거예요.",iphone_17_pro,5,3,0,negative,True,0.44760972,0.39264363,0.13693178,0.022814836,0
834269640,8,5G나 LTE 등 셀룰러 모드에서 사파리를 켜면 가끔씩 먹통이 되거나 한참 뒤에 뜨는 증상이 여전합니다.,iphone_17_pro,5,3,0,negative,True,0.5414034,0.25135514,0.17753413,0.029707408,0
848757732,3,이제 큰 폰은 못 쓸 것 같아요.,iphone_17_pro,5,3,1,weak_negative,True,0.10211741,0.38293576,0.375362,0.13958476,3
787299775,12,"아쉬운점1 .

무게 감이좀있 어요.",iphone_17_pro,5,2,1,weak_negative,True,0.107965186,0.5947616,0.27772164,0.019551499,2
787299775,13,"솔직히
한손으로오래들면손목이아파요.",iphone_17_pro,5,2,1,weak_negative,True,0.2921908,0.53211176,0.1461922,0.029505197,2
787299775,17,"2.배터리생각 보다크게차이안

나요 .",iphone_17_pro,5,2,1,weak_negative,True,0.17088333,0.39795718,0.39470613,0.03645335,3
787299775,20,"솔직히1

3프로도아직 쌩쌩 하게잘돌아가는데백만원넘게더주 고바꾼다고생각 하 면살짝후회
될수 도 있어요.",iphone_17_pro,5,2,0,negative,True,0.5345698,0.278972,0.1596428,0.026815413,5
781526842,0,아이폰 쿠팡에서 사지 마세요,iphone_17_pro,5,0,0,negative,True,0.5244882,0.32204062,0.08847921,0.06499205,1
781526842,5,"업무 마감하고 근처에서 저녁먹고 다시 사무실로 복귀
저녁 10시 30까지 기다려도 오지 않아서 쿠팡 고객센터에 전화함 
생각보다 전화가 빨리 연결돼서 놀람 
이럴 줄 알았으면 진작 전화할걸 ㅠㅠ 
배송기사에게 상담원이 연락해 보겠다 했고 회신된 통화에서 
당일 배송이 어렵다고 답변받음….",iphone_17_pro,5,0,0,negative,True,0.5975546,0.20030421,0.17563191,0.026509257,1
781526842,6,퀵 배송이라고 따로 배송한다던데 나한테 연락 한번 오질 않음,iphone_17_pro,5,0,1,weak_negative,True,0.3534725,0.5126286,0.12585767,0.0080412235,1
781526842,7,쿠팡 앱 주문상세 내용에도 다음날 배송에 대한 정보가 없었음,iphone_17_pro,5,0,1,weak_negative,True,0.32362497,0.4261438,0.2373114,0.01291983,1
781526842,8,“”하지만 결국 배송된다고 연락온 날은 배송되지 않음.,iphone_17_pro,5,0,1,weak_negative,True,0.2491824,0.5912707,0.15116802,0.008378881,1
781526842,11,"충격 그 자체… 여긴 CCTV도 없단 말이다… 
200만 원짜리 상품을 배송하면서 고객에게 연락도 없고 
다른 택배보다 못한 배송 수준… 기사에게 연락할 수 없는 구조 

아이폰 구매 쿠팡에서 추천한다 한 사람 다 나와!!",iphone_17_pro,5,0,0,negative,True,0.7629148,0.12311987,0.08936184,0.024603546,1
781526842,12,"2. 포장 
완충재 하나 없이 이게 뭡니까 진짜!! 
박스 찌그러져 있지 않아서 넘어갑니다",iphone_17_pro,5,0,0,negative,True,0.42714554,0.26980567,0.2641453,0.03890345,1
803205874,6,얼굴에 떨구면 아프긴 하더라고요 ㄹㅇ,iphone_17_pro,5,3,1,weak_negative,True,0.15482756,0.41716343,0.36611056,0.061898496,2
803205874,9,이 부분 때문에 너무 버전업 되어서 적응 못한건지 기기 하자인지 몰라서 서비스센터 다녀왔어요.,iphone_17_pro,5,3,0,negative,True,0.68043053,0.21890426,0.0885789,0.012086261,3
803205874,10,"기기 문제는 아니고 소프트웨어 한계, 문제라고 함.",iphone_17_pro,5,3,1,weak_negative,True,0.2172346,0.58532417,0.18666789,0.01077342,0
830927680,10,여러 앱을 동시에 띄워도 버벅임,iphone_17_pro,5,3,1,weak_negative,True,0.40818498,0.44202107,0.13844094,0.0113530345,0
777017591,11,스크래치 취약성: 알루미늄 프레임은 티타늄보다 스크래,iphone_17_pro,5,3,1,weak_negative,True,0.16930704,0.6006346,0.21408664,0.015971834,2
777017591,12,"치에 약해 케이스 필수.
•",iphone_17_pro,5,3,1,weak_negative,True,0.1601198,0.4313785,0.34637874,0.062122993,2
847843673,4,"단점
기기 무게가 약간 묵직하게 느껴졌다는 의견이 있었음",iphone_17_pro,5,3,1,weak_negative,True,0.08869804,0.55286056,0.33011824,0.028323198,2
847843673,5,유선 이어폰 단자가 없어 무선 기기 사용이 기본이었음,iphone_17_pro,5,3,1,weak_negative,True,0.16459388,0.58431226,0.21873029,0.032363564,3
849547558,9,"성능 빠릿빠릿
앱 전환, 영상 편집, 게임까지 버벅임",iphone_17_pro,5,3,1,weak_negative,True,0.3559772,0.51492393,0.116151206,0.012947621,0
824057348,7,앱 전환이나 무거운 작업을 할 때도 버벅임,iphone_17_pro,5,3,1,weak_negative,True,0.20414998,0.5986443,0.18555105,0.01165475,0
824057348,18,"다만 무게가 조금 있는 편이라 한 손으로 오래 들고 있으면
손목에 부담이 느껴질 때도 있어요",iphone_17_pro,5,3,1,weak_negative,True,0.107155524,0.48409244,0.3700033,0.038748696,2
768597474,5,"사실 오렌지도 보면 화사하니 이쁜데
제가 그런 계통 색을 선호하지 않고, 
무난하게 실버 갈라 그랬는데 실버는 실물이 너무 실망인 ㅠ 
등 부분이 너무 둥둥 떠요;",iphone_17_pro,5,3,1,weak_negative,True,0.22654657,0.43495074,0.23072019,0.1077825,4
794794574,6,이제는 과거의 프로 모델 디자인들이 오히려 어색하게 보일 정도 입니다,iphone_17_pro,5,3,1,weak_negative,True,0.10234438,0.5256148,0.3064589,0.06558196,2
809432678,2,잘못된 투자로 거지가 되어 8개월 쓴 16프로 팔고 XS 몇 달 사용해 왔어요.,iphone_17_pro,5,2,1,weak_negative,True,0.2997666,0.4108019,0.25302878,0.036402695,3
809432678,7,색감은 점점 아이폰만의 색을 잃는 것 같아 아쉽지만... 셀룰러도 이슈 있다더니 진짜 가끔 짜증나네요.,iphone_17_pro,5,2,1,weak_negative,True,0.43338546,0.45888898,0.08433916,0.023386426,3
809432678,8,스피커도 16프로 대비 안 좋아진 것 같고.,iphone_17_pro,5,2,1,weak_negative,True,0.15762812,0.5924859,0.22201392,0.027872043,3
809432678,13,그리고 하드 케이스를 사용하는데 그냥 뺐다 꼈다 하는 정도로 하단이 약간 찌그러져있더라구요...,iphone_17_pro,5,2,1,weak_negative,True,0.22188954,0.6340122,0.13345772,0.010640506,2
809432678,14,알루미늄 바디라 해도 내구성이 진짜 너무 안좋네요.,iphone_17_pro,5,2,1,weak_negative,True,0.3876646,0.5235907,0.076044336,0.012700397,2
809432678,15,왜 이슈 됐는지 단번에 이해 됨...,iphone_17_pro,5,2,1,weak_negative,True,0.08709524,0.4119076,0.4009815,0.100015655,2
769572883,11,알루미늄 바디라 티타늄 바디에 비해 스크래,iphone_17_pro,5,3,1,weak_negative,True,0.16872555,0.4240715,0.36308482,0.044118185,2
