cluster,topic,sentence,review_id,rating
0,3,인터넷도 눈에띄게 딜레이가 자주 생기고 카카오톡 글자 쓰는칸이 간헐적으로 사라져서 안보일때도 있고..,812780766,1
0,0,"속도도 체감상 굉장히 빠르고, 앱 전환이나 멀티태스킹 시 버벅임",815515706,4
0,1,여러 앱을 동시에 사용해도 버벅임,829445678,4
0,4,해서 앱 전환이나 실행할 때 버벅임,882786975,5
0,-1,"앱 실행 속도, 멀티태스킹, 게임 구동까지 전반적으로 끊김",873997416,5
0,0,"앱 실행 속도나 전환 속도가 매우 빠르고, 
여러 작업을 동시에 해도 버벅임",871266155,5
0,-1,"일상적인 앱 사용은 물론이고, 고부하 작업에서도 버벅임",866331997,5
0,-1,"카톡, 인스타, 유튜브, 게임, 사진 촬영까지 막힘",849421187,5
0,0,"성능 또한 일상 사용에서는 부족함을 느끼기 어려웠고, 여러 앱을 동시에 실행해도 끊김",840910856,5
0,-1,터를 옮길수 있는데 소프트웨어 버전이 중요합니다!,786484903,5
0,5,"앱 전환, 카메라 실행, 멀티태스킹 모두 끊김",827564396,5
0,-1,"성능
앱 전환, 멀티태스킹, 게임까지 버벅임",842031631,5
0,0,속도는 말해 뭐해… 앱 전환 빠르고 버벅임,842027337,5
0,5,무거운 앱이나 멀티태스킹도 끊김,811780840,5
0,-1,"앱 실행,전환, SNS, 영상 시청, 게임까지 일상에서 버벅임",808923517,5
0,0,"앱 실행 속도는 물론이고, 여러 앱을 동시에 돌려도 끊김",802870779,5
0,6,성능 & 내부 사양 A19 칩 탑재로 속도 쾌적하고 버벅임,777092388,5
0,2,무거운 게임이나 영상 편집 앱 돌릴 때도 버벅임,772161148,5
0,-1,무거운 게임이나 영상 편집 앱 돌릴 때도 버벅임,772161463,5
0,1,여러 앱을 왔다 갔다 할 때도 버벅임,877729508,5
0,0,"기기 발열도 거의 없고, 무거운 앱 돌릴 때도 버벅임",815483242,5
0,0,"앱 전환 속도도 엄청 빠르고, 멀티태스킹 해도 버벅임",815483242,5
0,5,해서 앱 실행이나 멀티태스킹할 때 끊김,874425764,5
0,1,앱 여러 개 동시에 켜도 버벅임,879072680,4
0,1,내가 사용했던 앱들 모두 닫기안됨,884675667,5
0,1,여러 앱을 동시에 켜놓고 써도 버벅임,876186742,5
0,0,"속도는 진짜 체감 바로 되는 부분인데
앱 전환이나 영상, 게임 돌릴 때 버벅임",879974706,5
0,0,"앱 실행이나 화면 전환
바로바로 넘어가고
끊김",865801287,5
0,2,"영상 보거나 게임해도
버벅임",865801287,5
0,4,앱 전환이나 카메라 실행할 때 버벅임,876175386,5
0,3,"근데 나는 게임을 하는 것도 아니고 인터넷 서칭

유투브 사진 날짜 노트 계산기ㅋㅋ 이",860479278,5
0,0,"화면 전환도 부드럽게 이어지고, 
인터넷이나 영상 재생도 끊김",857429093,5
0,2,"사진 정리나 영상 시청, 게임 같은 다양한 작업에서도 끊김",856894467,5
0,5,앱 실행이나 화면 전환도 끊김,856398914,5
0,-1,"각종어플 실행 등

그리고 구글 제미나이..",874477822,5
0,-1,"성능
앱 전환, 게임, 영상 편집까지 전반적으로 끊김",868501614,5
0,-1,"앱 실행, 멀티태스킹, 영상 시청이나 게임 실행 시에도 끊김",858352331,5
0,0,"앱 실행 속도 빠르고, 여러 개 동시에 켜도 버벅임",874815235,5
0,6,온디바이스 AI 덕분인지 작업 속도가 끊김,880179958,5
0,0,사용해보니 전반적인 속도가 매우 빠르고 끊김,877748137,5
0,4,해서 앱 전환이나 게임할 때 버벅임,879977549,5
0,4,앱 전환이나 멀티태스킹 할 때 버벅임,874499641,5
0,2,"거의 없고, 게임이나 영상 볼 때도 끊김",874499641,5
0,2,영상 편집이나 게임도 해봤는데 끊김,863679344,5
0,-1,"3. 성능: ""버벅임? 그게 뭐죠?""",870332868,5
0,-1,"파일 관리: 외부 저장장치·클라우드 연결, 파일 이동, 변경이",878708325,5
0,-1,온도 제어도 좋아져서 장시간 유튜브나 인스타 릴스를,775063775,5
0,3,저처럼 카톡하고 네이버 검색하고 유튜브쇼츠나 보는 사람에겐 비추.,768087540,4
0,0,3. 성능 + 램 여유 (16GB급) 앱 여러 개 띄워도 끊김,871981458,5
0,3,"지금은카톡, 웹서핑 ,인 스타 전부그냥 접은채 로합니다.",805873153,5
0,1,두세 개 앱을 동시에 띄워도 전혀 버벅임,792594123,5
0,5,"앱 전환이나 

멀티태스킹 시에도 끊김",780715429,5
0,1,화면을 나눠서 2~3개 앱을 동시에 띄우고 작업해도 버벅임,759366476,5
0,5,앱 전환이나 멀티태스킹할 때 끊김,789267437,5
0,-1,여러가지 앱사용이나  연동에  오류가 있었는대요,751711020,5
0,4,"그중 티머니갤럭시워치앱과    웨어러블앱이  오류가 떠서  워치가 연동이 

어려웠습니다",751711020,5
0,-1,(연동후  기존데이터 사용됩니다),751711020,5
0,-1,간혹 앱 충돌이나 데이터 오류로 인해 문제가 발생할 수 있습니다.,751711020,5
0,-1,"4. 기타 유의사항

장기 미사용 오류: '티머니 갤럭시워치' 앱은 잔액 및 고객정보 보호를 위해 일정 기간(한 달 등) 앱을 실행하지 않으면 '장기 미사용'으로 인식되어 한도 복원이 안 될 수 있습니다.",751711020,5
0,3,"저는 주로 화면 분할해서 왼쪽에 인터넷, 오른쪽에 메모 앱 켜놓고 쓰는데, 속도 끊김",751385826,5
0,5,앱 전환이나 화면을 나눠 써도 끊김,747359597,5
0,2,게임하면서 유튜브 보거나 동시에 여러 작업해도 끊김,795913521,5
0,3,"여행때 찍었던 영상같은거?
2. 지도 앱 굳..",813852095,5
0,-1,여행가서 길찾을 때 여행어플 쓰자나요??,813852095,5
0,-1,"앱 전환, 멀티태스킹, 게임까지 버벅임",748871003,5
0,2,하지만일부커뮤니티사용자리뷰에서는고사양게임 을오 래,817342048,5
0,1,가장 큰 단점으로는 여러앱들의 화면크기의 호환이 안좋다는 것입니다,748089432,5
0,3,"인터넷이나 웹툰등을 볼때 우리가 원하는 방식이 아니라 좌우에 맞춰서 늘려져 나와서 오히려 한칸에 볼수 있는게 작아지는것이 있고, 어느 앱(열었을때)은 좌우로 긴대 위아래를 맞추다보니 좌우가 짤려 못보는 경우도 있습니다",748089432,5
0,1,여러 앱을 동시에 실행해도 끊김,745309750,5
0,3,"근데 여성분이 쓰기엔별로일수도..
영상이나 게임 안하고 주로 카톡,웹툰,소설 보는데 펼쳐서 사용하는걸 자꾸 까먹어요",843675174,5
0,3,유튜브 틀어서 넓게보는순간 이건 사야된다,746081191,5
0,5,화면을 다 지우고 다른 앱으로 들어갈 때 전에 화면이 조금 남아 있음.,836204252,3
0,4,게임도 게임모드 했음에도 불과하고 밑 버튼쪽으로 살짝 누르면 화면을 바꾸는 버튼이 자꾸 뜨면서 핸들 버튼이 오작동 남.,836204252,3
0,0,속도도 확실히 빠르고 앱 전환이나 게임할 때 끊김,867670853,5
0,5,특히 초점 대상을 변경할 때 끊김,848888093,5
0,2,게임이나 동영상 편집 같은 작업에서도 전혀 끊김,832016072,5
0,5,"앱을 열고 닫을 때, 사진을 스크롤할 때, 모든 동작이 끊김",786201349,5
0,2,게임할 때 프레임 안 떨어지는 정도?,777163956,5
0,1,특히 여러 앱을 동시에 켜도 버벅임,826350288,5
0,6,최신 A19 Pro 칩 덕분에 버벅임,847842944,5
0,4,앱 전환이나 스크롤할 때 버벅임,834741429,5
0,-1,웹 검색 비행기모드 해보랍니다.,778329760,5
0,3,"인터넷 볼 때나 영상 볼 때, 사진 찍고 편집할 때, 여러 앱 왔다 갔다 하면서 써도 버벅임",867505205,5
0,3,웹서핑이나 SNS를 할 때도 끊김,866334792,5
0,0,앱 실행이나 화면 전환이 빠르고 끊김,862312643,5
0,3,평소에 영상 자주 보고 사진도 많이 찍는 편인데 버벅임,829665539,5
0,6,"2) 성능 안정성
A-시리즈 칩 성능 덕분에 앱 실행, 멀티태스킹, 게임 등에서 버벅임",832668727,5
0,3,"앱 전환이나 웹 서핑, SNS 스크롤까지 모든 동작이 끊김",831117801,5
0,1,여러 앱을 동시에 실행해도 끊김,843871118,5
0,4,"성능 — 속도와 안정성

테스트도 안 했는데 그냥 느낌으로
앱 실행, 멀티태스킹, 게임까지 다
버벅임",842587092,5
0,1,여러 앱을 동시에 사용해도 끊김,849438011,5
0,4,앱 전환이나 게임 실행할 때 버벅임,877366229,5
0,5,앱 실행이나 화면 전환이 끊김,868728527,5
0,-1,그렇게 하루 종일 일하면서 유튜브나.,782579264,5
0,6,최신 프로세서 탑재로 멀티태스킹이 끊김,875549877,5
0,6,"스냅드래곤 최신 칩셋 덕분에 앱 실행, 멀티태스킹, 게임 플레이 모두 끊김",754594951,5
0,3,"SNS, 유튜브, 카카오톡, 사진첩 등 자주 쓰는 앱들 끊김",744582360,5
0,0,감도가 너무 높아서 스치기만 해도 아무 어플이나 와다다 눌립니다.,835918091,5
0,6,성능: 엑시노스 2500 탑재로 버벅임,746049931,5
0,-1,성능도 일상 사용에서는 버벅임,844168781,5
0,2,게임도 안하고 영상도 잘 안봐서..,746356569,5
0,0,사진 전송할 때나 다운 받을 때 속도 엄청 느림,857525641,1
0,2,"대용량 파일을 다루거나 영상 촬영, 편집 등을 할 때도 크게 버벅임",858327466,4
0,-1,"게임, 영상 편집, 멀티태스킹 다 돌려도 끊김",879069956,4
0,0,앱 실행이나 화면 전환이 부드럽고 끊김,875095774,5
0,5,앱 전환이나 멀티태스킹도 끊김,870645721,5
0,4,앱 전환 속도나 멀티태스킹도 버벅임,864412318,5
0,-1,"앱 실행 속도, 멀티태스킹, 게임까지 전혀 끊김",863132468,5
0,6,"칩셋
Snapdragon 8 Elite (5세대)
RAM
12GB / 16GB
앱 실행 속도 빠르고 게임이나 영상 편집도 버벅임",860399616,5
0,0,앱 실행 속도가 빠르고 여러 앱을 동시에 사용할 때도 끊김,859213684,5
0,0,"사용해보니 속도는 말할 것도 없이 빠르고, 앱 전환이나 게임할 때도 버벅임",877021646,5
0,2,게임을 할 때도 프레임이 안정적으로 유지되어 끊김,856145092,5
0,0,앱 실행 속도가 빠르고 여러 앱을 동시에 사용해도 버벅임,855906798,5
0,5,앱 전환이나 화면 스크롤할 때 끊김,855488014,5
0,3,"평소에 유튜브, SNS, 사진 촬영, 간단한 게임까지 다양하게 사용하는데도 버벅임",855447024,5
0,-1,"여러 앱을 동시에 실행하거나 게임, 영상 편집 같은 무거운 작업을 해도 버벅임",855446128,5
0,4,해서 앱 전환이나 멀티태스킹 할 때 버벅임,878620383,5
0,3,사진이나 영상 많이 찍는 편이라 용량이 항상 부,855429242,5
0,1,무엇보다 여러 앱을 동시에 켜놓고 전환해도 버벅임,858183999,5
0,1,"3. 속도 & 배터리
앱 여러 개 띄워놓고 멀티태스킹 해도 버벅임",855394758,5
0,1,"갤럭시 S26 사전예약
여러 앱 동시에 써도 끊김",878337204,5
0,1,여러 앱을 동시에 사용해도 끊김,860025732,5
0,3,"속도: 
원래도 인터넷 유튜브만 하지만 ..
실험차 여러 앱을 동시에 돌려도 버벅임",858487717,5
0,2,게임이나 영상 편집도 거의 끊김,856692438,5
0,2,게임이나 영상 볼 때도 끊김,856434879,5
0,4,"앱 전환하거나 카톡, 인터넷 같은 거 사용할 때 버벅임",856175049,5
0,1,실제로 사용해보면 앱 여러 개 켜도 크게 버벅임,856778190,5
0,4,앱간에 이동이 불편하게 느껴졌습니다,856578704,5
0,3,스마트폰을 일상 기록용이나 영상 시청 중심으로,855642318,5
0,2,게임이든 영상이든 전혀 끊김,877455103,5
0,4,특히 잠금화면 하단 아이콘으로 카메라를 실행할 때 발생하는 심한 버퍼링은 찰나의 순간을 기록해야 하는 기기의 본질을 흐리게 만듭니다.,838941143,3
0,6,"A19 Pro 칩이 들어가면서 앱 실행 속도, 멀티태스킹, 게임 모두 끊김",869160765,4
0,2,"영상, 게임 → 버벅임 없음

✅",872962610,5
0,0,성능 면에서도 앱 실행 속도가 빠르고 여러 작업을 동시에 해도 버벅임,871670461,5
0,6,압도적인 A시리즈 칩셋: 최신 프로세서 탑재로 고사양 게임이나 영상 편집 등 무거운 작업도 끊김,849830602,5
0,3,"평소에 업무용 메신저, 메일, 금융 앱, 영상 시청을 많이 하는 편인데 하루 종일 써도 버벅임",840596904,5
0,4,앱 전환이나 멀티태스킹을 해도 버벅임,834319675,5
0,1,"여러 앱을 동시에 켜두고 왔다 갔다 해도
버벅임",820005528,5
0,1,여러 앱을 동시에 써도 버벅임,818948387,5
0,1,"메신저, 메일, 지도, 금융 앱, 회사 업무용 앱을 동시에 여러 개 켜도 끊김",815469455,5
0,5,진정한 앱등이는 매년 바꾸지 않는다.,812022013,5
0,-1,"앱 전환, 멀티태스킹, 고사양 게임까지 버벅임",811311691,5
0,1,"대학 과제 때문에 PDF, 강의 영상, 메모 앱을 동시에 켜두는 경우가 많은데도 끊김",811311691,5
0,1,앱을 여러 개 켜놓고 왔다 갔다 해도 끊김,800896425,5
0,-1,"앱 전환이나 인터넷 할 때 거의 딜레이가 없고, 게임도 끊김",799056918,5
0,2,게임이나 영상 편집할 때도 끊김,791286797,5
0,4,"앱 열 때 뚝딱, 사진 저장 순간, 게임도 버벅임",785280412,5
0,2,영상 통화나 스트리밍 중에도 끊김,772699345,5
0,2,게임이나 영상 편집 같은 고사양 작업도 버벅임,770054217,5
0,2,게임이나 영상 편집 같은 고사양 작업도 버벅임,768906147,5
0,0,"앱 실행 속도가 워낙 빠르고, 게임이나 영상 편집 같은 고사양 작업도 끊김",767412739,5
0,6,"성능
- A19 Pro 칩이라 그런지 앱 전환, 게임, 영상 편집까지 전부 버벅임",881011188,5
0,0,"앱 실행 속도나 화면 전환이 전반적으로 더 부드러워졌고, 여러 앱을 동시에 써도 버벅임",842897875,5
0,-1,특히 멀티태스킹이나 고사양 작업에서도 버벅임,867862985,5
0,6,"(A19 Pro 체감 확실) 앱 전환, 게임, 영상 편집까지 전부 끊김",881100562,5
0,0,"부드러운 성능 체감
앱 실행, 화면 전환, 멀티태스킹까지 전반적으로 매우 부드러워요. 고사양 게임이나 영상 편집 같은 작업도 버벅임",834540720,5
0,-1,무거운 앱을 사용해도 전혀 버벅임,841005789,5
0,-1,"앱 실행 속도, 멀티태스킹, 게임 플레이까지 끊김",834263855,5
0,-1,제가 영상 편집 앱도 가끔 쓰는데 전혀 버벅임,773354899,5
0,0,"앱 실행 속도가 빠르고, 다양한 작업을 동시에 진행해도 끊김",866040581,5
0,0,속도도 빠르고 앱 실행이나 카메라 사용할 때도 버벅임,858804669,5
0,1,해서 앱 여러 개 켜놓고 써도 버벅임,868210858,5
0,6,최신 A19 Pro 칩이 들어가서 그런지 게임이나 영상 편집 같은 작업도 끊김,856038745,5
0,4,앱 전환이나 카메라 실행할 때 버벅임,884214517,5
0,1,앱 여러 개 켜놓고 써도 끊김,811954882,5
0,-1,"2. 여전한 소프트웨어 버그 (셀룰러 사파리)
제일 짜증 나는 건 가격은 이렇게 비싸면서 고질적인 버그가 안 고쳐졌다는 거예요.",834269640,5
0,-1,5G나 LTE 등 셀룰러 모드에서 사파리를 켜면 가끔씩 먹통이 되거나 한참 뒤에 뜨는 증상이 여전합니다.,834269640,5
0,-1,"기기 문제는 아니고 소프트웨어 한계, 문제라고 함.",803205874,5
0,1,여러 앱을 동시에 띄워도 버벅임,830927680,5
0,-1,"성능 빠릿빠릿
앱 전환, 영상 편집, 게임까지 버벅임",849547558,5
0,4,앱 전환이나 무거운 작업을 할 때도 버벅임,824057348,5
1,1,박스가 다 구겨지고 뜯겨있음,820835950,1
1,1,얼마나 박스를 발로 밟았는지 던졌는지 다 찌그러져 있고 심지어 박스 밀봉도 심하게 뜯겨 있어서 내용물이 다 보이네요,820835950,1
1,-1,"심지어 아이폰 박스도 한면이 검게 떼타있음

뿐만 아니라 이런 고가 전자기기를 배송하는데 사전에 통화나 문자도 전혀 없었서 쿠팡앱 들어가서 사진 덩그러니 하나 있는거 보고 배송된줄 알았네요",820835950,1
1,0,너무너무너무너무 실망 스러워서 반품 시켜야 하나 고민 중인데 반품 해도 중간에 누가 인터셉트 해가진 않을까 너무 우려되네요,820835950,1
1,-1,이런 상태로 배송온 제품이 기기 결함이 없는게 더 이상할것 같아서 아이폰 매장가서 환불하거나 교환할 생각입니다,820835950,1
1,-1,이거 배송 업체 패널티 보상해주셔야 해요,820835950,1
1,-1,쿠팡에서 자급자제 아이폰 특히나 신형 구매하는것 엄청나게 후회하고 비추천합니다,820835950,1
1,-1,전자기기를 이렇게 포장하시면 어떡합니까  12프로도 쿠팡에서 구매했었고 이렇게까지 엉망으로 오진 않았는데 찌그러진 박스에 뽁뽁이 하나 안감싸진 아이폰 상자보고 너무 어이없었네요..........,770511123,1
1,-1,알아보니 몇년전부터 포장이 엉망인 상태로 배송되고 있는거 같은데 이거 개선하지 않으면 안될듯하네요,770511123,1
1,-1,처음에 뽑기를 잘 못했나 고장인가 반품할까 몇주를 고민했어요,864032593,1
1,-1,"그럼에도 반품 안하고 그냥 쓰는 이유는 반품 교환하는 시간도
아깝고 카메라 고질병은 어떤걸 받아도 똑같을것 같아서이지",864032593,1
1,3,"진짜 문제는 쿠팡 배송
130만원 짜리 제품
배송 상태좀 보세요",769978945,1
1,1,"광고만 할게 아니라
제대로 해야지",769978945,1
1,-1,근데 포장이 맘에 들어서 넘어감,787402789,1
1,1,깨지기 쉬운제품을 뾱뾱이도 안해주고 박스에 덜렁 저렇게만 옴..,770776129,1
1,1,어떤분들은 뾱뾱이 포장 잘되서 왔는데 제껀 왜 이리 온건지..;,770776129,1
1,0,품절이라 교환도 안되고 반품만 된다고 하네요..,770776129,1
1,-1,10월15일날에 오는건데 갑자기 오늘온다는게 이유가 있었네요..;,770776129,1
1,-1,누가 반품한거 가져와서 파손주의 스티커만 달랑 붙혀서 배송시,770776129,1
1,1,같은 집에서 동생이랑 같이 시켰는데 동생은 풍선에 취급주의라고 써져 왔고 제꺼는 뽁뽁이도 없고 박스도 찌그러지고 대충 포장돼서 왔네요,874707119,1
1,-1,첫 주문이고 공홈보다 싸서 주문한건데 다음부터는 전자기기 쿠팡에서 주문할 일 없습니다,874707119,1
1,-1,"랄 낫다 배송이야 바쁘고 물건 많아 그렇다 치는데
와우?",848774520,1
1,2,핸드폰을 아무런 완충없이 달랑보내?,848774520,1
1,-1,"반품해주니까 저 야랄인가 ㅋㅋㅋㅋ 
왠만하면 쓰겠는데 어떻게 하면 저렇게 박스가 으그러질까!?",848774520,1
1,-1,근데 배송이 이 모든 장점을 다 망쳤네요,833358215,1
1,1,뽁뽁이(완충제)도 안싸여서 오고 무슨 장난감 산거마냥 던져주는거 같아 기분 나쁩니다,833358215,1
1,3,"쓰레기폰 패닉풀 현상 나타나서 교환 요청
쿠팡측 기사가 와서 새폰 배송하고 또 와서 회수",787010478,1
1,2,난 새폰을 받은 적도 회수품을 내놓은 적도 없는데 교환 완료 떠있음,787010478,1
1,0,"황당
10분 전에 가져갔다고 떠서 다시 가져와달라고 문의 넣으니 기사 연락처는 모르기때문에 불가능하다고 기다리라함",787010478,1
1,2,"폰만 보면 별점 5점인데
포장상태를 보면 별점 1점도 아까워요",817500901,1
1,2,"하마텨면 분실 될뻔 했을정도로
박스가 파손되어 왔고
안에 폰 포장도 너무 성의 없게 되어 있네요",817500901,1
1,2,"130만원이나 주고 산 폰을 이렇게 받으니
어이가 없네요",817500901,1
1,0,알리에서 사도 이렇게 배송은 안 와요,770391402,1
1,-1,"뭔 뽁뽁이 하나 없이 개 허접하고 얇은 조그만 박스에
넣어서 보내는거지ㅋㅋㅋ",770391402,1
1,-1,"백만원 넘는 전자기기를 이렇게 배송하는 곳은
처음 봄.",770391402,1
1,-1,"개선이 필요함
그리고, 최악은 어슈어런트코리아 쓰던폰 보상판매는 절대하면안됨, 휴댜",812780766,1
1,2,폰 가격 책정도 엉망이고 취소 시 반품해줄때 포장도 허술하개 해줘서 폰에 생활기스 추가되어 반품옴,812780766,1
1,1,돌덩이 보내는 것도 아니고 130만원 짜리를 포장도 하나도 안 하고 덜렁 박스에 보내는 게 맞는건가요? ㅎㅎㅎㅎ,787095686,1
1,-1,다신 쿠팡으로 안 시킵니다.,787095686,1
1,-1,배송 최악 최악 최악 입니다.,856191094,1
1,1,150만원되는 전자기계를 뽁뽁이도 제대로 안된 상태로 배송하는게 소비자 기만 아닙니까?,856191094,1
1,0,"파손되어있으면 교환해줄게, 환불해줄게, 그게 무슨 뚱딴지 같은 논리입니까?",856191094,1
1,3,진짜 유통 1등 대기업이면 뭐합니까?,856191094,1
1,0,"고객 서비스가 이모양인데.
작년부터 계속 언급되던 포장 문제는 개선할 생각이 없나보네요?",856191094,1
1,-1,"소비자불편이 이렇게 높으면, 저 같으면 돈을 더 써서라도 인원을 투입하고 제대로 포장하고 바꾸겠습니다.",856191094,1
1,-1,개인 사업자분들도 포장할때 이렇게는 안합니다.,856191094,1
1,0,소비자 기만 언제까지 계속 하실건가요?,856191094,1
1,3,쿠팡캐시 쿠팡캐시 11월26일구매했는데 쿠팡캐시 적립안되서 고센에전화하니까 자기들책임아니라고 전화만 10통넘게했다,817383625,1
1,0,그럼 누구한테전화해야되냐???,817383625,1
1,0,"준다고하질말던가~~~
12월16일 서로 모른다고 떠넘김~",817383625,1
1,0,난 누구한테 말해야돠냐!!!!,817383625,1
1,1,"이따위로옴..진품or가품인지식별해야함,IMEI노출됬나",786867311,1
1,0,반품하고 다시 구매하고 싶어요,873278721,1
1,-1,배송꼬라지 진찌 개열받네요 ㅋㅋ,816606464,1
1,-1,과자한봉지 시킨것보다 못하게 왔네 ㅋㅋㅋ,816606464,1
1,-1,캐시백 금액이 작아서 놀랬 ..,791902107,1
1,-1,다른사람은 뾱뾱이 한장이라도 감싸서왔지,770463215,1
1,3,배송 최악이긴하다 핸드폰 쿠팡은 핸드폰 담긴 케이스 더럽고 스크래치나있습미다,791337099,1
1,2,"배송이 레전드네 박스에 휴대폰하나만 덜렁 ㅋㅋㅋㅋㅋ 박스 모서리 다 구겨져있고
완충제하나를 안 처넣는 상식이 신기함",796350117,1
1,1,한두푼하는상품도아닌데 막그냥성의없이포장해서 ㅠㅠㅠㅠ,807252588,1
1,1,뽁뽁이 하나 없이 박스는 찌그러져 배송 왔는데 심각하네요.. ㅎ,776331124,1
1,-1,배송완료라고 떠서 설레는 마음으로 열었더니 상품을 넣어주지도 않고 배송 보내셨네요 .,848452340,1
1,1,고가 제품일수록 확인 제대로 하고 넣어주셨으면 좋았을텐데요 ㅠ,848452340,1
1,0,연휴라 환불도 오래걸리고 담당자 확인도 오래걸린다고 하시고 아쉽네요 .,848452340,1
1,0,끝까지 환불 처리 제대로 해주시고 다음엔 제대로 확인 좀 해주세요,848452340,1
1,3,쿠팡에서 예전에도 자급제 주문해서 썼다가 만족해서 이번에도 산건데 갈수록 퇴화 하시네요~,858355513,1
1,2,고가의 휴대폰 포장이 이게 뭡니까?,857200376,1
1,2,같이 주문한 오빠의 블랙 휴대폰은 보호비닐로 감싸져라도 왔던데 ~ 박스에 취급주의 스티커도 붙여놓았던데 이폰은 작은박스 달랑 취급주의도 없고 부실하기 짝이 없네~~,857200376,1
1,0,"쓰레기 보냈나 ~~ 
반품할까 생각중 ~~ 
사용할 맛이 안나네 ~~  
판매하는데만 급급하지말자 ~~
돈독만 올라가지고 !",857200376,1
1,-1,찝찝함은 있는데 개통해서 그냥 씁니다,852915416,1
1,-1,뽁뽁이 하나없이 집앞에 던져놓고 갑니다 .,832485017,1
1,-1,"배송빠름
하지만 박스를 얼마나 던져된건지 감도 안옴",868448851,1
1,-1,"나름 고가라고 생각해서 꺼내봤더니
약간 두꺼운 완충제하나로만 포장되어있음
그럴일은 없겠지만 제품 이상있을시
바로 환불하고 재구매는 절대 없음",868448851,1
1,1,박스에 덩그러니 15만원도 아니고 150만원짜리 에어캡 하나 해주는게 그리 아까운지???????,854931987,1
1,-1,덜렁 이거 하나만 들어가있음,857290265,1
1,1,박스랑 뽁뽁이 값이 160만원이네요,858190937,1
1,1,박스안에 뽁뽁이만 넣고 배송도 하고 뽁뽁이가 금값보다 비싸네요,858190937,1
1,-1,100만원 넘는 전자기기가 뽁뽁이도 없이 덜렁 상자에 담겨서 왔음.,862838782,1
1,0,교환하면서 더 하자있는거 올 까봐 무서우니 눈가리고 아웅해볼게요...,877334100,1
1,2,박스 집앞에 도착해서 드는순간 핸드폰 박스가 박스에 부딪히는 소리가 납니다,835878000,2
1,-1,포장 열자마자 저렇게 부실하게 포장이 되어있네요,835878000,2
1,-1,겉에 바람들어간 비닐이라도 포장시 겉돌지않게 테이핑이라고 해주셨다면 좋았을걸 ….,835878000,2
1,-1,그래도 120만원이 넘는 제품인ㄷ 너무 대충오네요,835878000,2
1,-1,택배박스 뜯자마자 너무 불쾌했어요,835878000,2
1,-1,외관 하자가 유독 많은 모델인건지 ㅜㅜ 그리고 쿠팡 배송은 포장이 너무 램덤이네여서 참 ...,800168698,2
1,0,고객센터 문의도 해봤지만 의미 없었습니다 ㅜㅜ,800168698,2
1,2,뽁뽁이 하나도 없이 상자에 아이폰만 딸랑 들어서 던져진채로 문앞에 배송와있네요 ㅡㅡ,797173471,2
1,-1,그리고 26일날 온다고 했는데 갑자기 오늘 와있네요;;;;,797173471,2
1,1,충격방지제 같은거좀 넣어주세요,855006915,2
1,2,박스안에 폰만 덩그러니 왓네요,855006915,2
1,1,"근데 왜 본품박스에 오염물이 묻은건지, 궁금하네요.",779174996,3
1,-1,"뜯은흔적은 없어서 사용은 하지만, 포장할때 떨어뜨린건지 알수가 없네요.",779174996,3
1,-1,같은날 예정이던 다른 분들 14일쯤 받았다고 리뷰 올라오는데 계속 안와서 기다리다 목 빠지는줄 알았어요,783000612,3
1,1,그래도 겉 박스에 찌그러짐이랑 오염은 있긴했어요,783000612,3
1,-1,후기 보니까 뾱뾱이 없는 분들 많아서 나듀 설마했더니..,775666977,3
1,1,취급주의 스티커만 붙혀주시면 뭐하냐구요 ㅠㅠ,775666977,3
1,-1,3주정도 눈빠지게 기다리다가 배송예정일 당겨져서 좋았는데 열자마자 기분이 많이 안 좋네요.,775666977,3
1,2,제품은 좋지만 배송 상태 최악 기스 예정 날짜보다 빨리와서 감사했으나 뽁뽁이 한 장 없이 덜렁 박스에 와서 아이폰 박스 모서리가 깨져서 왔습니다.,775651181,3
1,-1,액정쪽 기스가 아니니 그냥 쓰지만 나름 고가의 제품인데 배송 상태가 정말 별로입니다.ㅎ,775651181,3
1,2,폰자체는 만족스럽지만 박스 무슨일인가요 ㅎ,791403312,3
1,-1,까맣게 더러워져서 왔어요..,791403312,3
1,1,뽁뽁이 하나 없이 상자만 덜렁 있어서 당황했네요ㅠ,835713163,3
1,1,출고(OB) 포장 개선해야 합니다.,776258737,3
1,-1,박스만 덩그러니 있고 이게 뭡니까.,776258737,3
1,1,뽁뽁이며 에어캡이며 전혀 없고 박스도 망가져있고 많이 아쉽습니다.,776258737,3
1,3,쿠팡 아이폰 포장 왜이래요 .,770015072,3
1,2,딸랑 핸드폰 박스 하나만 폰박스 딸랑 하나만 있어서 개당황 레전드 … 이상은 없는 거 같아 그^••^냥쓰는데고 가물품 을이렇게배송 해도되 는건지. .,770015072,3
1,-1,새 제품이라 기대했는데 이런 부분이 있어 조금 아쉽네요,878042372,3
1,1,크기 전부 만족하나 불량 상품..,845608840,4
1,-1,이게 제품 자체의 문제인건지..,845608840,4
1,3,쿠팡상품의 한계인건지 애매한데요,845608840,4
1,3,"그래서 안되겠다 싶어서 교환 신청을 했는데
쿠팡 측에서 교환 신청기간 1일 지났는데도 교환 해주셨어요ㅠㅠ",845608840,4
1,-1,"배송 상태
되게 안 좋습니다.",781693722,4
1,-1,뾱뾱이 하나 감싸서 배송해준 적이 단 한 번도 없습니다.,781693722,4
1,3,"아무리 그래도 고가의 제품이고 이제 쿠팡도 어느정도 기업 반열에 올라섰는데 
이런 부분은 개선이 안되는게 참 신기합니다.",781693722,4
1,0,다 반품처리 해줄것도 아니면서..,781693722,4
1,3,"그나마 쿠팡캐시로 일정 금액 지급, 멜론 쓰면 멜론 캐시 지급?",781693722,4
1,0,제가 안 함으로 돌리는 이유는 전화 오기 전에 누군지 확인하는?,781693722,4
1,0,"그런 시간 때문에 보통 일하다 모르는 번호로 전화오는 경우
상대방이 끊어버리거나 전화 신호가 약하게 와서 부재중이 오는 경우가 종종 있습니다.",781693722,4
1,0,"저는 부재중이 계속 생겨서 불편해서 껏습니다만, 자신이 스팸전화나 그런 전화가 싫으면",781693722,4
1,-1,"도장, 도색 이슈가 있으니 
구매한다면 그것부터 잘 살펴보길 바람.",800504768,4
1,2,"10년쓰고 바꾸는데

포장상태는 박스안에 그냥 폰박스 하나 있구요",860375797,4
1,-1,그래도 122만 짜리인뎅 힝 ㅠㅠ 좀더 신경써주지..,860375797,4
1,1,케이스 흠집 상품은 잘 받았는데.,869295957,4
1,-1,새제품인데 왜 박스에 기스가 나있고 검은색 이물질이 묻어있나요..,869295957,4
1,-1,반품된걸 다시 받은것 같은 느낌입니다.,869295957,4
1,-1,백만원 넘는 제품인데 그냥 박스 포장만 와서 놀랐어요,860570763,4
1,3,쿠팡측에서 개선을 빨리 하셔야할거같네요 ..,794980773,4
1,1,고가 물건인데 너무 박스 덩그러니 있어요..,794980773,4
1,0,다 좋은데 구매시기가 안좋았네요,850223966,4
1,-1,그래도 고가의 기기인데 뽁뽁이 한 장 포장은 조금 심했지 싶습니다.,791778810,4
1,1,상자 내부에서 굴렀는지 상자 안쪽에 찍힌 자국도 있고...,791778810,4
1,-1,"후기에 포장 얘기가 이러케나 많은데,,,
보고는 있으신가요?????????",778338678,4
1,-1,"백만원 이백만원 하는 기기를 어떻게 이러케 보내시나요,,,,",778338678,4
1,-1,백점주고싶었다가 포장보면 빵점도 못해 마이너스로 가요,778338678,4
1,1,배송 하실때 일산캠프 제발 포장보완재 써주세요ㅠㅠ,773938356,4
1,-1,박스는 큰데 안에서 돌아다니다가 충격으로 기기 문제생기겠어요,773938356,4
1,-1,뾱뾱이 없이 종이 상자에 온거 실화입니까,775937228,4
1,-1,허름한 쿠팡 상자에 이리저리 굴러다니다 왔을건데 솔직히 받았을 때 기분좋지 않았습니다.,775937228,4
1,-1,다행이 파손된 곳은 없지만 어이없어요ㅋㅋ,769905634,4
1,-1,배송 상태가 부실 아무리 그래도 100만원이 넘는 제품인데 박스는 꾸겨지고 모서리는 찢어져있고..,775849522,4
1,2,박스 안에는 고정되거나 그런것도 없이 핸드폰 박스만 있네요,775849522,4
1,1,여기까지 오면서 박스 안에서 굴렀을거 생각하면..,775849522,4
1,-1,판매 페이지 사진에 악세서리가 있어 구매시 사은품으로 보이는 오해가 발생할 가능성이 있습니다.,814032385,4
1,1,보호필름이라두 좀넣어주시지...,830666342,4
1,-1,상품 막상 많이 사용하는가?,882786975,5
1,1,뽁뽁이 완충 포장으로 박스 찍힘,878686381,5
1,-1,"고민은 배송만 늦출 뿐입니다!

❤️",878686381,5
1,-1,자급제 가입이 복잡하다고 못하겠다고 하시는데..,843505919,5
1,-1,"그래서 인터넷으로 보기엔 예쁜거 같은데 실제로는 어떨지 궁금해서 
오프라인 매장을 찾아다녔는데 테두리가 너무 진해서 제스타일이 아니더라구요",786400155,5
1,1,그리고 젤 별로다 싶은건 포장상태가 좀 허술하다 싶네요..,784599373,5
1,1,"159만원자리가 박스에 달랑..ㅎㅎ 좀 아쉬웠네요ㅠㅠ

❤️",784599373,5
1,-1,그냥 넣으면 절대 안 됩니다!!,834776929,5
1,-1,사전예약 혜택이 어땠는지 기억이 좀 가물가물하긴 한데...,833784618,5
1,-1,제가 작성한 리뷰를 나중에 찾아서 보기에는 어렵습니다.,833784618,5
1,0,그걸 나중에 알아서 교환도 못함ㅠㅠ -,830495666,5
1,-1,택배가 약간 대충오는 느낌/..?,827564396,5
1,1,130만원인데 너무 대충포장함,827564396,5
1,-1,결론: 고민하면 배송만 늦는다!,809451678,5
1,-1,평소들고다니 기부담이없어요.✅,807652811,5
1,0,그리고 저는 원래 이 기능이 없었는데… 누군가에  전화를 걸면 받을때까지 기다리면서 한눈 팔때가 있잖아요.,795430763,5
1,0,모르는 번호로 전화올때 몇가지 정보를 상대방에게 요구하는거래요.,795430763,5
1,2,"[포장상태]
1. 아이폰 박스에 비해 포장 상자가 큼",787424346,5
1,2,"3. 꼼꼼히 싼건 아니고 가로에만 뽁뽁이 쌈
4. 아이폰 박스가 좀 더러움, 찍힌 부분도 있음",787424346,5
1,-1,"이번 쿠팡배송 너무 아쉬웟던건
뽁뽁이처리도 없이 아이폰 박스채만 덩그러니 있어서
적잖은 충격을 먹었습니다",842698894,5
1,-1,"전자기기이고 가격도 100만원 넘는 고가임에
너무 성의없게 포장되어있어서
바로 개봉하여 고장여부 부터 확인해야했습니다...",842698894,5
1,-1,상품 막상 많이 사용하는가?,815483242,5
1,0,"quot; 질문 세례 받는 중이에요ㅋㅋ  

✅",815483242,5
1,-1,로켓배송 포장 레전드; 폰 문제를 떠나서 전자기기 이렇게 포장해서 배송하는거 처음봄ㅋㅋㅋㅋㅋㅋ 싸,876675718,1
1,1,구려 차량용품도 완충제 한번 싸서 박스에 맞게 테트리스해가지고 보내줍니다,876675718,1
1,-1,요즘 시국이 시국인지라 비닐 구하기가 어려워져서 그런가요?,876675718,1
1,3,"근데 만원짜리 다른 제품엔 칭칭 잘만 둘러져서 오던데
박스는 여기저기 던져지고 굴렀는지 죄다 뭉개져있곸ㅋㅋ
앞으로 휴대폰을 쿠팡에서 사는일은 두 번 다시 없겠네요",876675718,1
1,3,타오바오 알리 아마존도 이렇겐 안보냄ㅋㅋ,876675718,1
1,2,차라리 추가금액을 받던가; 휴대폰 배송을 하는데 택배 상자 안에 충격 완충제가 하나도 안들어가있네요.,857632717,1
1,0,하고 기간 지나면 구매 못하게 닫을거니까 상관없다 이건가요?,857632717,1
1,-1,완충제 얼마 들지도 않는거 차라리 추가금액을 받으시던가;; 리뷰 보니까 초반에 받은 사람들은 충격 완충제 들어있던데 사전예약 마지막쯤에 주문시킨 제꺼엔 하나도 안들어가 있는게 개역겹네요,857632717,1
1,-1,진짜. 그래도 100만원 넘는 전자제품인데 이게 뭐하잔건지 모르겠어요,857632717,1
1,2,전자기기에 뽁뽁이도 없이 배송을 하나요,867621242,1
1,2,전자기기에 뽁뽁이도 없이 배송을 하나요,867621242,1
1,-1,"어짜피 유튜브에 리뷰 다 있으니 의미없고
불량 아닌걸로 배송만 해주면 되는데
박스만 덜렁 배송해주네요",867621242,1
1,1,"요즘은 박스만 달랑 줘도 될 정도로
제품이 튼튼한가요?",867621242,1
1,-1,포장이 이럴 수 있나요?...,876415597,1
1,-1,한두푼도 아니고 예민한 전자기기를 어떻게 이렇게해서 보내시나요.,876415597,1
1,-1,포장교육이나 경력자분들 검수 안하시나요?,876415597,1
1,1,포장이 같은 상품인데 상품마다 다른 것도 이해가 안가네요.,876415597,1
1,0,넘 어이가 없어서 교환을 하려고 했더니 그건 상품의 문제가 아니라 할 수 없다합니다.,876415597,1
1,0,방법은 반품뿐이고 정말 번거롭고 불편한 정책입니다.,876415597,1
1,-1,10만원짜리도 아니고 100만원 넘는 전자제품을 배송하는데 규격에 맞는박스도 아닐뿐더러 에어캡도 없이 왔어요,861301407,1
1,2,"외부 충격에 민감한 핸드폰을 보내면서 완충제 포장 하나없이 박스에 핸드폰만 넣어 보내서
아무래도 찜찜해 반품처리하고 재주문 했습니다.",868000619,2
1,3,"쿠팡캐시 구매일주일후 주신다했는데
사전예고없이  없어지는 이벤트였나요",863307246,2
1,0,결국 동일한 답변 연락 받았습니다.,876419165,3
1,-1,"다만, 고가의 휴대폰 포장은 에어캡으로 고정해서 포장 좀 해주세요",877672762,3
1,-1,"아무리 2년동안 제조사에서 무상 AS를 제공한다고 해도
쿠팡 배달 시스템 특성상 기사님들이 물건 던져서 배송하는데
충격 다 먹습니다.",877672762,3
1,-1,나름 100만원 이상의 고가의 전자기기임에도 불구하고 다른 판매처들과 다르게 완충처리 없이 보낸 것은 정말 기겁했습니다.,877672762,3
1,3,"백만원이 넘는 상품을 이렇게 달랑 박스는 튿어지고 핸폰만큼은 쿠팡에서 구매하지ㅜ않기로 함
문제 생기면 요청 하겠슴
굳이 비싼 폰 할 필요있을까 함",857787073,3
1,2,"포장 엉망;; 폰 배송을 뾱뾱이 하나 없이 상자만 보내다뇨;;
확인좀 하세요;;",857884086,3
1,-1,뽁뽀 뽁뽁이도 없이.... 배송이 됐습니다..,857690028,3
1,0,켜봐야 알겠지만. 이상있으면 연락해야겠죠..,857690028,3
1,-1,"고가 제품임에도 불구하고 배송 과정에서 파손주의 스티커 하나 없이 일반 택배처럼 취급된 느낌이었고, 문 앞에 던져놓듯이 두고 가신 점이 많이 아쉬웠습니다.",875645513,4
1,-1,다행히 배송 받은날 핸드폰은 또 고장이 났다,859018692,4
1,-1,역시나 저도 배송은 불만족스러웠는데요,876346396,4
1,3,"쓰다가 고장나면 쿠팡배송이
원망될거같네요",876346396,4
1,0,잘 안알아보고 구입한 제 잘못이겠죠...,859010822,4
1,0,문의하는 곳을 못찾아 여기에 남깁니다,876355822,4
1,0,"관리직급이라 업무 전화가 잦은데, 중요한 내용을 놓칠까 봐",880535129,5
1,-1,저처럼 모르고 시간 낭비하는 분 없으시길 바라며 꼭 미리 확인해 두세요!,856385797,5
1,-1,"충전 어댑터도 없고, 케이스도 없고, 화면 보호 필름도 없습니다.",856385797,5
1,-1,❤️‍❤️‍ 구매 전 꼭 읽어보세요❤️‍❤️,856193212,5
1,-1,구매하고 나서 너무 평이한 컬러를 했나,855547890,5
1,-1,"주의사항
오자마자 검은 필름 붙어있어서 
""왜 안켜지지"" 했어요ㅋㅋㅋ",855369081,5
1,0,빅스비 10분뒤에 알람 맞춰줘,874477822,5
1,0,"요즘 보이스피싱이나 스팸 연락이 너무 많아서
전화받기가 무서운 세상인데,
보이스피싱이나 스팸 의심전화가 오면 
통화 어시스던트가 전화를 대신 받아서 용건을 물어봐줍니당",874477822,5
1,-1,"mdash;

단점은 나름 고가인데 배송이 너무 부실하게 왔어요...",868501614,5
1,2,질소 완충제랑 같이 왔는데 핸드폰 박스랑 완충재,868501614,5
1,-1,배송 기사님이 턱턱 던지는 분이면 충격이 갔을꺼라 생각하면 불안합니다 ㅠ,868501614,5
1,-1,고민은 배송만 늦출 뿐이에요!,873004720,5
1,-1,그런데 그냥 쓰자~~~하고 반품할수없게 뜯는순간 찾았다 ㅜㅜ,857311905,5
1,-1,당분간 갈아탈 생각이 없다!!!,881075668,5
1,-1,솔직히 포장은 이렇게 왔는데 이 부분은 살짝 아쉽긴했어요,858548082,5
1,0,보험을 들어야하나 이건 아직도 고민이네요ㅡ,882452743,5
1,2,폰 박스를 감싼 형태가 아니었어서 걱정했는데 개봉했을땐 멀쩡했습니다,874130159,5
1,1,100만원이 넘는걸 뽁뽁이없이 그냥 보내다니...,872520764,5
1,-1,이걸로 교환요청도 했으나 다 똑같이와서 포기하고 그냥 씁니다,872520764,5
1,2,에어캡에 싸여있었던 것 같은데 박스를 여니 에어캡과 폰이 따로 놀더라구요,856549729,5
1,-1,다른 분들처럼 장황하게 리뷰는 못남기겠음,775098656,5
1,1,100만원이 넘는 고가의 제품을 에어캡(뽁뽁이) 없이 박스에만 달랑 담아 보내주셨네요.,840258330,5
1,-1,보상판매 절대 하지마세요!!,852510023,5
1,-1,"예정보다 일주일 일찍 와서 받아본 점은 좋았는데, 다른 후기들처럼 택배 배송 과정이 불만족스럽습니다 ㅜㅜ",787973613,5
1,0,목 빠지게 기다리시겠지만 그냥 문자 올때까지는 기다리지 마세요,803541296,5
1,0,저도 엄청 후기 들락날락 했는데 결국 먼저 배송된다는 문자 받으니 허무하더라구요 ㅋㅋㅋ,803541296,5
1,-1,"배송사항에 뭐라 쓰던,  박스 던져서 배송합니다.",811529335,1
1,0,소비자가 조심할 방법은 없습니다.,811529335,1
1,-1,"1. 포장상태 
안에 포장재가 하나도 들어있지 않습니다.",811529335,1
1,1,만원짜리 물건을 사도 과하다 싶을정도로 포장재를 넣는데 200만원이 넘는 물건 파는데 포장재가 없는게 말이 되나요?,811529335,1
1,3,"쿠팡 센터의 판단인지, 판매자 판단인지 모르겠습니다만 이건 아니라고 봅니다.",811529335,1
1,0,이거 핑계로 구매자 대부분이 교환환불 요구하면 어떻게 대응하시려고요 ?,811529335,1
1,-1,"2.  배송의 서비스
이게 가장 문제입니다.",811529335,1
1,-1,그런데 문 밖에 큰 소리가 나서 후다닥 나가보니 이미 던져있었습니다.,811529335,1
1,-1,기사분은 바쁘실거고 보상체계상 건당으로 취급되니까요.,811529335,1
1,-1,"직접배송을 해서 드는 시간에 대해서 
배송기사님들에게 보상이 있어야지 직접 배송을 하지 노동의 대가를 지불 안하면서 시키니까 시스템이 안돌아가지요.",811529335,1
1,-1,기사님이 안해주면 말고 식으로 서비스하지마시고 차라리 옵션요금을 받으세요.,811529335,1
1,-1,아니면 애초에 제대로 돌아가지도 않는 배송 옵션을 빼시던가.,811529335,1
1,-1,기획만해놓고 ITSM관리 전혀 안하네요.,811529335,1
1,-1,이럴거면 200만원짜리든 2000만원짜리든 던져서 배송합니다!,811529335,1
1,0,대신 교환환불 접수해드려요~!,811529335,1
1,-1,"하고 장사하고 
돌아가지도 않는 배송옵션은 빼는게 맞지요.",811529335,1
1,1,아직 포장 뜯기전인데 포장이 포장이 이게 뭔가요?,746310067,1
1,-1,"배송직원은 올때마다
다리를 다쳤다고 1층에 놔두면 안돼냐고 전화하고
안된다고 올라가서  집문앞에 놔달라고하면
포장상태가 쓰레기같이 돼있고
이거 어떻게 했길래 이지경인가요",746310067,1
1,2,안에 폰은 멀쩡한거 맞나요?,746310067,1
1,0,"서로 불편하게 
전화해서 이런저런 말하지말고 짜증나네진짜",746310067,1
1,0,배송 개엉망 교환 개느림 그냥 반품하고 다시사세요,815758944,1
1,-1,웬만하면 댓글도안달고 안좋은 리뷰 안남깁니다.,815758944,1
1,-1,근데 정말 최악의 배송상태였어요,815758944,1
1,-1,"첫번째 배송때
 박스에 완충재 아예없이 날것으로 옴 ㅋ",815758944,1
1,-1,크 취급주의도 없고 이리저리 박스 던졌을텐데 이백만원 넘는 전자제품을 무슨정신 이면 그따구로 포장하는지 알바생 당장 짜르세요,815758944,1
1,-1,"교환신청했더니 어플엔 3일내외라 적혀있지만
고가품목이라 오래걸린데요;;",815758944,1
1,-1,선물용이라 날짜 일부러 맞춘건데 다망쳤어요,815758944,1
1,0,교환도 개오래걸리고  일부러 잘 포장해달라고 상담사님께 도 확실히 전달해 달랬는데 도대체 일을 제대로 하는 사람이 없는 지....ㅡㅡㅋㅋㅋㅋ,815758944,1
1,-1,교환온 제품도 겨우 뽁뽁이 한겹 ㅋ 생일선물로 산거라 이미 날짜도 너무 지나서 그냥 줌 진짜 응대 최악 배송좀 개선하세요,815758944,1
1,-1,도 이런 자들은 장사하지 말아야 합니다.,756707298,1
1,-1,물건은 좋지만 어슈어런트 코리아가 하는 매입 프로그램이나 중고 보상은 하지 마세요,750393811,1
1,3,항상 쿠팡서 샀는데 어슈어런트 껴가지고 앞으로는 다른데서 사야겠네요,750393811,1
1,1,270만원이 넘는 상품을 이런식으로 배송하나요?,769984063,1
1,-1,안에 포장지 없이 덜렁 폴드박스 달락 박스안에있고..진짜 엉망이네요,769984063,1
1,-1,배송에 문제가 있는듯 돈은 받아놓고 포장엔 신경 1도 안쓰고 어휴 진짜...,745973388,1
1,0,택배박스 분실+고객센터 응대 귀찮은듯이함 왔는데 택배가 분실됐는데 고객센터 전화하니까 귀찮다는듯이 응대하네요,758080499,1
1,-1,포장박스안에 완충제라곤 하나도 찾아볼 수 없었음.,799307084,1
1,1,박스에 코너가 찌그러져있었습니다.,799307084,1
1,-1,다들 구매하기 전 완충제가 넣어서 배송되는지 판매자와 확인하세요.,799307084,1
1,-1,임의적으로 임의장소로 배송으로 인하여 많이  불편했음.,764514828,1
1,-1,서비스 센터에서는 정품 충전기 미사용 시 나타나는 현상으로 불량이 아니라고 교환도 안해줍니다.,744746443,2
1,0,이런 현상을 미리 공지했으면 구입을 안했을것 같습니다.,744746443,2
1,-1,"이 비싼 기계에 기계가 얼마 가지 않고 
내부 화면 열때마다 쩍쩍 소리가 나 서비스 센터 방문 했더니 
이건 불량은 아니라 수리로 해야한다며 
받은지 얼마나 되었다고 리퍼폰이 되었네요",753152268,2
1,0,무상수리 방법이 없을까요...??,778715060,2
1,-1,문제는 배송인데 야간 출근으로 화장실에서 나오는 중에 밖어서 쿵소리가 났는데 설마 내 택배는 아니겠지라고 생각했는데 문밖 복도에는 제 택배 하나 밖에 없었습니다.,753976684,3
1,-1,아니 상자에 흔들지 마세요.,753976684,3
1,3,스티커가 붙어있으면 뭐 합니까 대놓고 던지는데... 다행인게 폴드는 별 문제는 없었지만 다음에는 쿠팡에서 주문은 고려해봐야 겠네요,753976684,3
1,1,"다만 비싼돈 주고샀는데 뾱뾱이 없이 보내주는건 좀 별로
박스도 찌그러져있고...안에는 제품박스만 덩그러니...",748037842,3
1,1,택배 박스 받자마자 박스가 다 찌그러져있어서 언박싱할때 걱정을 많이 했습니다.,791349456,3
1,1,사은품 하나없이 달랑 핸펀하나배송!,783423442,3
1,-1,제가 케이스 똘끼가 있어 유튜브 추천케이스와 제 기준에 맞는 케이스를 이틀동안 25만원치 샀는데 딱 이거다싶은게 거의 없습니다,768087540,4
1,2,유일한 희망이 삼성 정품인데 뒷면만 나옵니다.,768087540,4
1,0,근데 나는 이걸 왜 샀지 라는 생각이 솔직히 들었습니다.,768087540,4
1,-1,"한마디로 편하게 막 쓰실 분들 또는
저 처럼 예민하신 분들은 절대 비추입니다.",768087540,4
1,-1,안사야될 이유는 딱 하나 편하게 막 쓸수 없다 입니다.,768087540,4
1,3,"조건은
1.쿠팡에서 구매가능할것
2.최대한 폰 자체의 두께와 색상을 유지할 것
3.가성비.
4.삼성정품은 뒷면커버만 있어 제외.
5.테이프 고정형태 최대한 배제
6.디자인면에서 무조건 맥세이프는 제외
이건 개취니 존중바람ㅠㅠ
변태라서 맥세이프 테두리 그런거 싫어함ㅜㅜ

이며 아주 주관적인 경험일뿐입니다.",768087540,4
1,-1,개봉전 봉인씰한쪽이 반은손대져있었는데  중고판건아닌지 개봉전 봉인씰이 한쪽이 반은 찢어져잇엇어요,748881191,4
1,-1,다만 어슈어런트 코리아에서 하는 AI 구독 클럽 완전 비추네요.,747472731,4
1,-1,"5월 27일 액정 문제로 삼성 A/S 센터에서 전체 액정 교환 및 배터리까지 
새로 교체하고 테두리도 교체해서 뒷판 빼고는 새 폰이라고 바꾸어 준걸

폴드 4 보상을 보냈는데 c등급에 심각한 스크래치와 테두리 찍힘이 있다고 검수결과가 오네요",747472731,4
1,1,"제가 보관하던 폴드 4 상자에 안경 수건으로 닦으며 흠집 없는 것을 확인 하고

뽁뽁이로 4겹을 싸서 보냈는데 좀 어이 없네요.",747472731,4
1,-1,그런데 한가지 딱 걱정이 되었던것은 포장상태가 엄청 꼼꼼하지는않은것 같았어요..,859602607,5
1,2,저는 완충제는 없고 박스에 폰제품 달랑 하나 있더라고요..,859602607,5
1,-1,받으면서도 이게 200만원이 넘는 폰을..이렇게 받는게 맞나..싶었는데.,859602607,5
1,-1,"*초기 불량 있거나, 보험 적용 기간이라도 제조사 불량이면 무상 교환 됩니다.",862932868,5
1,-1,보험 관련해서 일하는 사람 아닙니다!,862932868,5
1,-1,위 보험 가입한다고 저한테 도움 되는 것 없습니다!,862932868,5
1,0,필요하겠어 해서 가입을 하지 않아..,838331983,5
1,-1,그러다 케이스없이 맨바닥에 떨어뜨렸는데 하필 한지부분이 깨져버려서 고치는 값도 만만치 않더라구요ㅠㅠ,812893427,5
1,-1,"<2. 가격대비 배송이 너무 허술하게 왔어요.>
.",768849944,5
1,2,"박스+뽁뽁이 하나로 감싸져서 왔는데, 박스도 다 찌그러져 있어서
처음에 택배 보고 이거 설마 내 휴대폰..? ㅋㅋㅋ 싶었어요.",768849944,5
1,1,"그것만 오고, 설명서도 뭔가 좀 단촐하고..",768849944,5
1,3,"-
쿠팡 시스템 특성 상 가격 변동이 있어요.",768849944,5
1,-1,200만원이 넘는 제품인데 박스 외관 상태가 썩 깔끔하지 않았어요,852573985,5
1,1,"비닐 마감이나 외부 박스 상태가 기대했던 만큼의 프리미엄 느낌은 아니었습니다
고가 제품인 만큼 배송이나 포장 부분도 조금 더 신경 써줬으면 좋겠다는 생각이 들었습니다

제품 자체는 만족하지만, 받는 순간의 기분은 솔직히 좀 아쉬웠습니다",852573985,5
1,-1,"이왕이면 펜까지 해주면
더 좋았을텐데...",752873876,5
1,-1,영상은 사전구매시 만든 건데 그냥 올립니다.,752873876,5
1,-1,타사 제품으로 넘어갈것이냐?,751977718,5
1,-1,예약자 배네핏은 어디서 볼 수 있는지요?,751977718,5
1,-1,↓↓↓잘참고하여 성공적인 구매하세요♥,763371978,5
1,0,"전화가 안되서 잘못샀나.. 라고 심장이 덜컥하기도 했답니다 ㅎ


✅",772404062,5
1,-1,진짜 사전예약이 이렇게 애탄적 있었나?!,746986963,5
1,3,"중얼거리길래 제가 그냥 ""그럴 거면 쿠팡에서 긁어~!"" 했죠",747986473,5
1,0,혹시 아시는분 답좀 부탁드려요.,746978271,5
1,-1,단통법도 없어지는데 굳이? 자급제를?,744568229,5
1,-1,여기서 검색을 막 시작합니다.,759537553,5
1,-1,게다가 사전예약 끝나서....,759537553,5
1,0,사서 방치하거나 그만큼 가치가 없을때.,759537553,5
1,3,쿠팡포인트는 이미 다른걸로 채워서.,759537553,5
1,-1,맥세이프 케이스를 산 터라 그거 머죠?,759537553,5
1,-1,"엘리베이터교체공사중이라 기사님 새벽에 오셨다가 분실우려로1층에 못두시고 다시가져갔다가 오전에 전화후 1층서
만나서 받았어요",744612613,5
1,-1,지금 일하고 있는데 몰래 리뷰를 달고있어요 ㅎㅎ;;;,744806986,5
1,3,역시 쿠팡 이리 빨라도 되나요,744801914,5
1,-1,"제품에 대한 만족도는 크지만
고가의 제품을 판매, 배송하면서
뽁뽁이 하나 없는건 좀 실망입니다",761727800,5
1,-1,와우 적립 아직 안되었는데 적립좀 시켜주세요.,753218110,5
1,-1,암튼 고민은 정말 배송만 늦출 뿐이었습니다.,756727039,5
1,-1,다만 배송시 패키지에 완충제 전혀 없이 온다는게 가격에 비해 볼품없습니다.,843209655,5
1,-1,식료품 주문시에는 과대포장이 엄청난데 고가 제품은 정말 형편없는 포장배송이였습니다.,843209655,5
1,2,월요일 배송 받고 유심까지 신청했는데..,744960408,5
1,-1,"오늘 도착 한다고 목빠지게 기다리고 있었는데, 안옴.",744960408,5
1,0,우체국 아저씨 휴무이신듯 ㅠ,744960408,5
1,3,"쿠팡 보상 절대 비추 합니다
삼성  서비스센터에서 외관 전체 올갈이해서 보냈는데도 B급 판정 줍니다.",745455558,5
1,-1,검수 사진 같은 것도 전혀 없습니다.,745455558,5
1,-1,다음에는 보상 믿고 쿠팡에서 살 일은 없을거 같습니다.,745455558,5
1,1,박스나 완충재가 약간 부족합니다,747363423,5
1,-1,"아 그리고 내부 액정스티커는 절대로 떼지마시고 그대로 쓰시다가

정품으로 체인지하세요",749706423,5
1,1,200만원이 넘는 고가의 물건을 뽁뽁이 하나 없이 배송하는 깡이 대단해요!!,779610707,1
1,3,진짜 ㅅ 벌 쿠팡 관리좀 쳐해라 200만원짜리를 팔면 상품 관리좀 해라 선물주는건데 아이폰 박스가 찌그러져있질 않나 떼가 껴있지 않나 포장은 ㅅ벌 뽁뽁이에 테이프한번 안감고 열어보니까 혼자 나뒹굴고 있고 이럴거면 뭐하러 포장하냐 걍던져주지,861091827,1
1,3,"쿠팡에서 배송이 빠르다고 해서 기대하고 박스를 열었는데, 이건 좀 아니지 않나요?",770041784,1
1,-1,최소한 제품이 고정될 수 있도록 에어랩(뽁뽁이)라도 넣어주는 것이 상식 아닌가요?,770041784,1
1,-1,"이백만 원이 넘는 기기를 아무런 포장 없이, 제품보다 훨씬 큰 박스에 담아 흔들리게 보내는 방식은 분명 문제가 있다고 생각합니다.",770041784,1
1,-1,"다행히 잘 찍어두긴 했습니다만, 정말 실망스러워서 이렇게 리뷰를 남깁니다.",770041784,1
1,-1,"배송 최악 쿠팡 포장이 늘 별로,배송 기사 늘 최악 230만 폰 그냥 던져 ㅋㅋㅋㅋㅋ 참",772215752,1
1,-1,"고가상품 포장미흡·요청미반영·포장 부실로 인한 교환불가 고가 제품(약 320만원)을 선물 용도로 구매하면서,
배송 중 파손 우려가 있어 구매후 따로 시간을 들여서 고객센터를 통해 완충 포장 요청을 별도로 전달했습니다.",865807426,1
1,1,"상담사는 해당 요청을 전달하겠다고 안내했으나,
실제 배송된 상품은 뽁뽁이나 완충재 없이 택배 상자 안에 제품 박스만 단독으로 들어 있는 상태였습니다.",865807426,1
1,1,이로 인해 선물할 제품 박스에 스크래치 및 일부에 경미한 손상이 발생했습니다.,865807426,1
1,-1,"이후 고객센터에 문의한 결과,
제품 자체에 이상이 없다는 이유로 포장 부실로 인한 교환은 어렵고 환불 후 재구매만 가능하다는 안내를 받았습니다.",865807426,1
1,0,또한 재구매 시에도 전달은 하겠지만 동일한 포장 문제가 발생하지 않는다는 보장은 어렵다는 개인적으로 무책임하다고 느낀 답변을 받았습니다.,865807426,1
1,-1,":
	•	별도로 요청한 배송 관련 사항이 실제로 반영되었는지 소비자가 확인할 수 있는 구조가 아님
	•",865807426,1
1,0,"요청이 전달되더라도 현장에서 어떻게 처리되는지 알 수 없음
	•",865807426,1
1,0,"동일한 문제가 반복되지 않는다는 보장이 어려운 시스템

       •	 제품 리뷰에 보면 포장 부실로 인한 문제가 여러개 공유되어 쉽게 확인 가능함에도 아직도 개선되지 않음",865807426,1
1,-1,"개인적인 경험이지만,
고가 제품 배송 및 고객 요청 처리 과정에서 개선이 필요하다고 느꼈습니다.",865807426,1
1,0,동일한 상황을 겪는 소비자가 없기를 바라는 마음에서 공유합니다.,865807426,1
1,-1,귀찮아서 리뷰 안쓰는데 어이가 없어서 남깁니다.,769801960,1
1,2,아이폰 두개 구매했는데 그나마 어제 받은건 뽁뽁이에 말아서라도 왔으나 오늘건 아예 뽁뽁이 메모지만한거 한장 박스에 대충 넣고 그대로 휴대폰을 넣어서 보냈습니다.,769801960,1
1,-1,200만원짜리 전자 기기를 이렇게 보냅니까?,769801960,1
1,-1,포장도 엉망. 배송도 엉망 진짜 짜증나네요.,769801960,1
1,-1,매년 쿠팡에서 아이폰 사전예약해서 샀는데 앞으로는 사기 싫습니다.,769801960,1
1,-1,상품 스크래치 받자마자 확인했는데 기기 외관에 스크래치가 있었습니다.,769725542,1
1,-1,쿠팡 고객센터에 문의했더니 재고 문제로 교환은 불가하고 환불만 가능하다고 안내받았습니다.,769725542,1
1,-1,180만원대 전자제품인데 달랑 박스에 뽁뽁이도 없이 오네요;;,783352420,1
1,-1,상품평 보니까 뽁뽁이로 포장되는것도 랜덤인거 같던데 고객센터에 문의해도 의견전달은 하고 교환 배송시 개선될지 안될지는 모른다는데 이게 맞나 싶네요..,783352420,1
1,0,"제가 운이 좋은 건 아니지만, 공장에서 스크래치가 난 제품을 사면 항상 반품하곤 합니다.",788406419,1
1,-1,"온갖 트집 다 잡아서 가격 다 깍고 

외관 새거 바로 뜯어 줘도 s급 안나옴

보통 B C 이하 나와서 보상판매 s급 대비 절반 주면 다행

매장 가면 재고 있으니까 쿠팡 기다리지 말고

바로 사세요",790581381,1
1,-1,아니 이렇게 포장도 제대로 안 하고 비싼 제품을 배송하면 말이 됩니까?,782745332,1
1,-1,문 앞에 뚝 턴지고… 다시 쿠팡으로 사지 말아야겠네,782745332,1
1,-1,별 1개준것은 왜 포장지에 뽁뽁이하나 재대로 안싸고 배송하나요,818139828,1
1,2,그리고 던지고 핸드폰이 충격에 약한거 모르시나요?,818139828,1
1,-1,200만원이 넘는 제품 포장하나 재대로 안해서 겁나 충격먹었을거같은데,818139828,1
1,1,2백만원이 넘는 모델인데 와충제도 없이 박스 안에 이렇게 오는게 맛는건가요?,776020036,1
1,-1,고가의 휴대폰이라 배송을 경비실로 해놨는데 집앞에 두고,848558450,1
1,-1,포장상태 매우부실 ㅋㅋ 포장보고 어이가없음,769724259,1
1,-1,상태가 너무 더러워서  교환 신청중,769872028,1
1,-1,그래도 200만원 넘는 제품인데..,826097912,1
1,-1,진짜 10만원짜리 물건 도 아니고 200만원 물건인데.,834634823,1
1,1,포장 좀 신경 쓰세요 ……..,834634823,1
1,2,박스상태는 멀쩡한데 그래도 비싼 폰인데 보호랩핑이런거 없이 쌩으로왔네,851928710,1
1,0,장난치는 것도 아니고 바로 처리 되는 것도 아니고 며칠동안 담당부서에서 전화한다고 기다리라는데 참 에휴,881981274,1
1,1,200만원이 넘는 고가제품을 뽁뽁이하나 없이 상자 안에서 다 흔들리게 이렇게 보내는게 맞는건가요?,769774806,2
1,-1,생일선물인데 이돈이면 흠....,804724745,3
1,3,그런데 쿠팡 포장이  박스하나에 뽁뽁이 포장도 없이 아이폰 박스 닥하나 놓는거는 아닌거 같아요,822056497,3
1,2,"뽁뽁이도 안 감아써고 딸랑 비싼폰을 박스에 넣어 안에서 막부디치며 던지고 햇을건데 ㅠㅠ
새하얀 폰박스겉에눈 까맣게 때가 가득 묻어잇고 ㅠㅠ",782270997,3
1,1,재품은 사용 안 햇지만 포장은 완전 마음에 안들어요,800101319,3
1,1,제품 포장할때 소비자 생각할 필요해요,800101319,3
1,0,이거 누가 말해서 하는거 아니잖아요,800101319,3
1,2,선물 포장비 결제 했는데 그냥 핸드폰만 왔네요 ㅠㅠ,767398544,3
1,-1,박스를 살짝 기울이면 내부에서 흔들림,814356404,5
1,0,"그만큼 인기가 많은건지 
수량예측을 잘못한건지 돈을 주고도 못구하는 제품이 되었습니다.",790184663,5
1,1,저는 완충재 들어있긴 했어요,787497704,5
1,-1,이게 궁금해서 사시는 분들이라면 말리고 싶습니다.,787497704,5
1,3,그래도 쿠팡만큼 믿을 만한 곳이 없더라고요.,785857394,5
1,3,하지만… 쿠팡 배송 포장에는 솔직히 좀 실망.,784115603,5
1,2,"완충재가 아예 없어서 아이폰 박스가 택배박스 안에서 덜렁
왔어요.",784115603,5
1,0,고객센터 전화오니 제품문제있음,784115603,5
1,0,"당연히 반품된다며
걱정을 덜어주셨어요",784115603,5
1,1,"그래도 안에는 보강 포장이 되어있어 다행이다 싶었는데
이번엔 박스 케이스가 손상되어 있는걸 봐서 이 부분도
조금 아쉬웠던 것 같아요",769842938,5
1,-1,"기스나 흠집이 있는건 온오프라인 어디에서 사도 워낙 랜덤이라 그렇긴한데, 포장이 꼼꼼하지 않으면 배송중에 많이 흔들리고 눌릴까봐 걱정이되죠~",769094462,5
1,-1,예전처럼 핸드폰 산다고 서비스 챙겨주는 것도 없고 사전예약 혜택도 거의 없어요,769094462,5
1,0,아마 구매당시밖에 가입을 못하는 것 같더라구요,769094462,5
1,-1,아… 내가 200만원짜리 벽돌을 샀구나;,768147226,5
1,-1,진짜 환불하고 싶을 정도로 첫인상은 솔직히 별로였습니다.,768147226,5
1,-1,하지만 물건을 받기도 전에 후회한 부분....,769550026,5
1,-1,고민은 배송만 늦출 뿐 안녕하세요.,820418660,5
1,1,"사진들을 보니 일관성이 없었는데, 어떤 제품은 뽁뽁이로 잘 감싸져 있었지만, 다른 제품은 얇은 한 겹만으로 포장되어 있어 걱정이 되었습니다.",770311393,5
1,-1,놀랍게도 제 주문은 아예 보호 포장 없이 도착했습니다.,770311393,5
1,-1,단… 다음엔 사전예약 물량좀 늘려주세요,771677194,5
1,0,다른 색은 그냥 바로 품절 되더라구요.,797831118,5
1,-1,"무이자할부가 이제 22개월까지
안되나봐요 ㅠ",861454966,5
1,2,상품이 고가의 핸드폰인지 알 수 없게 포장되어옴.,771929056,5
1,-1,"2차사전예약 1차 19일 도착 상품 구매를 실패하고 2차 10월1일 도착예정품 이었는데

이게 무슨일!?",767865427,5
1,-1,고가품이 아닌건처럼 속여 도난방지방법 인가?,769437741,5
1,3,원래 쿠팡 시키면 소리로 알거든요,817491331,5
1,-1,10월1일 배송으로 알고 있었는데..,767521434,5
1,3,"점점 비싸지는 아이폰 ㅠㅠ 
배송만큼은 쿠팡최고 그런데 300만원에 육박하는걸 뾱뾱이하나 없이 보내준 배송직원분껜 많이 아쉽네요",770925422,5
1,1,"보호필름
필요한 물품을 구매해서 사용하기
●좋은날들 가득하세요",783670901,5
1,-1,5일도착이였는데 24일에 왔네요,784054054,5
1,-1,케이스 없어서 아직 오픈 안했데요.,812883375,5
1,1,포장 좀 제대로 해서 보내세요.,784069764,5
1,-1,"229만원짜리를 샀는데 에어캡하나 없이 그냥 제품을 달랑 박스에 담아 넣어서 보내는거 보면 
이거 포장하는 사람이 뭣되봐라하고 넣었다는 생각밖에 안드네요.",784069764,5
1,2,핸드폰인거 뻔히 알텐데 어떻게 이렇게 포장을 해서 보내나요,784069764,5
1,3,10.1에 온다 해놓고 9.20에 보내준 쿠팡 감사합니다ㅠㅠ,768651360,5
1,1,포장을 너무 대충해서 보냈네요..,832959180,5
1,3,"쿠팡으로 고가라면 고가의 제품인데
우선 포장은 조금 실망이네요.",778329760,5
1,-1,한 두푼 하는 것도 아니고 특히 전자기기인데 충전재 하나 없이 왔다거나 던져지는 상태로 배송이 된다고 하니 노심초사했었는데 다행인건지 복불복이였던건지 충전재를 해서 보내주었더라구요.,788432986,5
1,-1,완전뚱뚱하겐 아니지만 다른 리뷰보면 이게 어디에요 ...? ㅠㅋㅋㅋ,788689875,5
1,-1,- 별도 완충 없이 배송되어 파손 위험 살짝 걱정됨,876415852,5
1,0,재구매의사 ⭐️⭐️⭐️⭐️⭐️,801175697,5
1,-1,뽁뽁이를 포함한 아무 완충제가 없는 상태로 큰 박스에서 굴러다니는 상태로 배송되었습니다,820373412,5
1,2,"박스에서 굴러다녀서 그런지 
아이폰 상자도 오염이 눈에 띄었습니다",820373412,5
1,2,택배 상자에 완충제도 없이 아이폰만 덜렁 왔어요,781551219,5
1,2,근데 막상 받으니 폰 위에 공기비닐 딱 두개..,778016770,5
1,2,뽁뽁이로 감싸올 줄 알았는데 애플상자에 오물이 다 찍혀있네요,778016770,5
1,0,그래도 정 불안하시면 고객센터에 말씀드려서 뽁뽁이 잘 해달라고 해보세,778016770,5
1,-1,고민은 배송만 늦출 뿐이에요!,876289078,5
1,-1,물론 사전예약도 못했습니다만..,777660488,5
1,3,"포장큰건 분실방지때문에 쿠팡시스템을 이해를 했는데
이거는 도통 이해가 안된다",765460548,1
1,-1,"어떻게 전자제품사는데 몇만원몇십만원도 아니고
박스안에 뽁뽁이를 하나도 안넣어두고 배송하고
사진보면 개봉전에 상자안에 구멍난 흔적도있다",765460548,1
1,-1,"고의적으로 어떤의도로 구멍이 뚫린지 모르겠으나
소비자입장에선 매우 언짢네",765460548,1
1,0,비싼돈주고사서 먼저 새거를 보내든지 중고 공기계를보내서 제정보를 옴겨,826411567,1
1,-1,"놓고보내달라고해야지
제정보들은 핸드폰을 그냥 보내라고하면 가뜩이나 유출많은쿠팡 뭐를믿고 보내며 최대8일이나걸린다는데 그럼 일주일가량 핸드폰없이 어떻게 살라는건지 상담원 답변도 어처구니가없네요",826411567,1
1,3,쿠팡에서  구매해도  삼성서비스 센터에서 응대  잘 안 해줍니다,747084163,1
1,-1,"ㆍ  
악세사리 구매하려 짊물하는데  제품어디서  사셨는지  먼저  묻는다  쿠팡에서 구매하라 한다",747084163,1
1,-1,****구매 시 주의: 새제품 아닌 중고제품 주문한 플립7은 새제품으로 결제됐으나 받은 제품은 중고제품이었습니다.,769192454,1
1,-1,사진 보시면 이전 사용자의 개인일정이 그대로 남아있고 판매처는 환불만 가능하다고 했습니다,769192454,1
1,-1,"(가격이더오름)
구매 시 참고하시고 새제품을 원하시는 분들은 주의하시기 바랍니다",769192454,1
1,2,아니 전자기기인데 완충제 하나없이 덜렁 핸드폰만 배송됨 이게 맞나요? 이따 개봉 영상 촬영하고 문의 다시 남기겠습니다;,816607145,1
1,1,당신들이 받는 물건이면 이렇게 포장 할건가요?,816607145,1
1,1,이거 배송 포장 누가합니까?,816607145,1
1,3,급해죽겠어서 로켓배송으로 시켰는데 배송 이따위로와서 반품하면 로켓 의미가 없잖아요?,816607145,1
1,0,진짜 쓰면서도 짜증나네 포장 거지같이해서 반품해주고 환불해주고 이게 중요한게 아니라고요,816607145,1
1,0,택배박스 분실+고객센터 응대 귀찮은듯이함 왔는데 택배가 분실됐는데 고객센터 전화하니까 귀찮다는듯이 응대하네요,758080467,1
1,2,배송상태봐 핸드폰을 던지고감,817182855,1
1,-1,고가전자제품을 뽁뽁이도 없이 보냈네요,758591759,1
1,3,"개똥 같은 쿠팡 쿠팡 캐시 적립 물어보면
상담원마다 답변이 다름",753832490,1
1,-1,전자제품 택배에 대한 기본이 안되어있음.,871572724,1
1,2,비싼 폰인데 공간도 넓은 박스안에서 뾱뾱이도 없이 비닐쿠션(?)작은거 달랑 두개...,871572724,1
1,2,100만원대 휴대폰을 뽁뽁이만 포장된채로 그냥 오는게 맞습니까?,827930462,1
1,1,전자제품기기 포장 전담팀 따로 만드세요.,827930462,1
1,3,"쿠팡 안심보험은 개통시에만,가능하다,,,",847401323,1
1,0,"몀 등록 가능해야하는거아닌가 
불가하십니다",847401323,1
1,1,"2. 새 것처럼 포장해서 왔음
ㄴ 스티커 라벨도 그대로도 남이 쓴 건지 절대 구분 할 수가 없음
ㄴ",858723141,1
1,2,휴대폰에 종이도 그대로 붙여져 옴,858723141,1
1,-1,"포장이 아주 많이, 심각하게 허접 합니다.",862964999,1
1,1,"1,2만원 짜리 물건도 아니고, 100만원이 넘는 물건인데 이런식으로 포장해서 올 줄은 몰랐네요.",862964999,1
1,1,포장에 신경좀 쓰시길 바랍니다.,862964999,1
1,-1,"그런데~~~~~
박스를 개봉하니 헐~
어떻게 고가의 전자제품에 그 흔한 완충재도 없이 큰 박스에 덩그러니 넣어놀 수 가 있는지 모르겠네요",746069445,2
1,-1,배송중 얼마나 이리저리 부디치고 덜거덕 거렸을까요?,746069445,2
1,-1,배송 은 빠르고  좋았으나 ...,772821477,2
1,1,"포장 상태가 영....
그냥 대충  던져넣고  보낸듯 하네요",772821477,2
1,2,저녁늦게 주문하고 새벽배송으로 받은것은 너무 고마운 일인데~~100만원 넘는 휴대폰을 진공비닐 하나 상장에 넣어서 배송하는건 좀 아니지 않나싶습니다.,776870470,3
1,-1,와우회원가입까지해서 그나마 저렴하게 구매했다 생각을 했는데 보통 사은품으로 나오는 순정투명케이스나 보호필름같은거 하나 없네요.,753554133,3
1,2,포장에 좀 신경을 써주시는게 어떠실지 너무 달랑 폰만 오는게 불안하네요.,768782999,3
1,-1,전자기기인데 배송중에 분명 여기저기 부딪힐텐데 뽁뽁이로 감싸주지도 않고 그냥 한장만 띨롱 넣어노면;;; 뭘 의도한건지 참… 아쉽네요.,768782999,3
1,1,제품을 위한 에어캡 포장인지 박스를 위한 포장인지 제품은 에어캡 보호를 받지못하체 왔네요,870499053,3
1,1,포장이 아쉬워요 상품은 잘받았습니다.,751341959,3
1,2,고가의 상품임에도 배송박스안에 핸드폰 박스가 완충제도 없이 덩그러니 왔네요.,751341959,3
1,1,포장에 많이 아쉬움이 있네요..,751341959,3
1,-1,"배송이 예정보다 빨라서 좋았는데
이벤트가 알람 받은 사람만 주는거라 사기당한 느낌",746481380,3
1,-1,"배송은 구매하고 나서 생각보다 오래걸렸는데,, 비싼 고가 제품인데 뽁뽁이 없이 에어비닐?",746750596,4
1,-1,한장 들어있어서 좀 슬펐어요ㅠ,746750596,4
1,1,근데 저는 그냥 아무것도 안싸고 상자 안에 덩그러니 놓여진 제품을 받았습니다.,749389536,4
1,-1,비닐에 안온걸 다행으로 여겨야할지...,749389536,4
1,-1,다행히 파손은 없었는데 150짜리를 아무런 포장 없이 상자에 넣어 배송하는건 좀 아닌것 같네요.,749389536,4
1,-1,제것만 포장하시는분이 실수하신건지...,749389536,4
1,-1,"기대를 좀 만땅하고 주문한 제품인데
생각보다 아쉬운 점이 많아서 ...",773521689,4
1,-1,다 좋은데 어떠한 뽁뽁이도 없이 취급주의 스티커도 없이 씀.,874258071,4
1,-1,반품 하고 재주문 하려다 그냥 씀,874258071,4
1,-1,"배달이 엄청 빨리와서 엄청좋아했는데 커버꾸미기햇는데
벌써 오류 에러 작렬 ㅠ 플립7 에 문제인가 아니면 내가 뽑기를 잘못한건가 사자마자 폰병원에 대려가야할듯 ㅠ",744622356,4
1,3,"근데 커버오류는 쿠팡측잘못이아니니
어쩌지도 못하곰 ㅠ 갤럭시 자체문제겠죠",744622356,4
1,1,포장....아쉽네요...에어백 2개인데..,746997252,4
1,2,"핸드폰 위쪽으로 있어
핸드폰이 박스 바닥에 있고..에어백1개는 바람이 빵빵하지않고..",746997252,4
1,-1,케이스라도 보내주시면 좋을듯한데 아쉽네요.,815604210,4
1,-1,에어캡 좀 감아서 보내 주세요!,746235015,4
1,-1,전자기기 인데 에어캡은 좀 감아서,746235015,4
1,1,150만원이 넘는 전자기기 인데 에어캡도 않해 주시는건 좀 너무 한거 같네요..,746235015,4
1,-1,"빠른배송이 되엇으나 생각보다 발열과 밧데리소모
그리고 케이스가 이쁜게없어요ㅜ",748459128,4
1,1,배송시 뽁뽁이 하나없이 상자에 달랑들어있어 황당했네요,750491353,4
1,-1,배송이 이개 뭐람 뽁뽁이 없이 달랑ㅡㅡㅋ,771239615,4
1,-1,고민은 배송만 늦출 뿐인 거 아시죠?,829631320,5
1,-1,그래도 100만원이 훌쩍 넘는 제품인데..,812200337,5
1,-1,보호필름 1회 부착 서비스를 시행하고 있으니 돈주고 하지마시고 꼭 서비스 받도록 하세요,761955693,5
1,-1,처음 받아본 느낌은 이렇게 비싼 걸 문 앞에 그냥 던지고 가도 되나.,746282348,5
1,-1,케이스 하나 없이 본체만 달랑 왔고.,746282348,5
1,-1,충전기도 없이 충전기 줄만 들어있네요,746282348,5
1,3,"단점
한두푼 하는것도 아니고 뾱뾱이 하나 없이 오는건 쿠팡의 문제라고 생각해요",800373252,5
1,-1,문의결과 상품옵션에 따라 출고일이 다르다고 합니다.,745205222,5
1,1,다음엔 제발 예쁜 초록색도 좀 좀 좀 뽑아줘요.,744572826,5
1,3,"쿠팡으로 폰을 세대 구입했는데
하나같이 포장이 참...",784110069,5
1,-1,뽁뽁이라도 감아서 보내주면 좋을텐데요.,784110069,5
1,-1,문제 없이 받긴 했지만 기분이가 별로에요.,784110069,5
1,-1,"삼성 젤리 케이스도 구입하고 액정 붙이러 서비스센터 갔는데
내부 보호필름은 부착되어 출고 되고 전면만 붙이면 되는데
공장에서 보호필름이 깔끔하게 부착이 안된거 같다고
무상으로 다시 붙여주셨어요.",784110069,5
1,-1,"쿠팡박스에 담겨 왔는데 손상은 없었지만 
너무 허술하게 배송되어 살짝 불안했어요ㅜ",812510949,5
1,3,"암튼 쿠팡이 배송일정 밀리는것 없이 28일 도착이었고
주문한 것보다 일찍 오긴 했지만
문제가 있었음",750521882,5
1,1,안전하게 포장돼 있어 박스에 흠집이나 눌림,762926840,5
1,-1,망설임은 구입시기를 늦출뿐 ...,746532334,5
1,-1,사전예약을 놓쳐서 좀 아쉽긴 한데...,755403556,5
1,-1,우선 제일 걱정됐던 점은 후기마다 뽁뽁이가 있고 없고의 여부였어요 ㅠㅠ,766096807,5
1,-1,원래 28일예상 수령이었는데..,746913647,5
1,3,단점 1. 쿠팡 보험이 애매합니다.,824402592,5
1,3,아 그리고 구매전에 쿠팡케어 같이해야 보험적용할 수 있으니 구매후에는 ㅠ 번거롭지만 반품하고 다시 해야함..,808552660,5
1,0,1번째 구매 / 재구매 의사 없음,832280894,5
1,-1,삼성강남 민트컬러 사고 싶었는데..,744851933,5
1,-1,상품 막상 많이 사용하는가?,779232732,5
1,2,"뾱뾱이도 하나도 없이 덩그러니 핸드폰 박스 하나만....
포장이 너무;;어이없어서;;;택배물품이라 기사님들 보면 막 던지기도 하고 그러던데...",747817019,5
1,0,"받자마자 기분부터 상했네요;
(추후에 리뷰들 보니 뾱뾱이 포장 된 분들도 있던데...랜덤인듯?)",747817019,5
1,0,"이미 제품을 받아서 그런지 사전예약이 끝나서 그런지 아무것도 보여지지않아서 좀 당황;;;
홈페이지 전화해보니 삼성에 전화해서 물어봐야 한대서 또 당황;;
이래저래 좋은기분보단 찝찝한 기분이 컷던 핸드폰 구매 후기였습니다.",747817019,5
1,-1,"그래서 블랙으로 삿습니다만 

아쉽습니다",747620340,5
1,-1,선물로 드리려고 구매했는데 포장 상태가.. 그냥 휴대,801564993,5
1,-1,두개 구매했는데 둘 다 그렇게 왔더라구요?,801564993,5
1,-1,받은 다음날 선물할 예정이라 그냥 받았지 아니었으면 반품했을 거에요.,801564993,5
1,2,포장 때문에 불안해서 휴대폰 개봉하기 싫었거든요.,801564993,5
1,-1,구매후기 제품 받자마자 외관 검사 중 내부카메라 아래 화면에 기포인지 불량인지 뭐가 동그랗게 보이는거에요,746203759,5
1,2,"포장상태 레전드 ㅋㅋㅋㅋㅋㅋㅋㅋㅋㅋㅋㅋ하하하(화남>기분상함)
같은돈으로 같은폰을 구매 했는데 차별 포장 
누구는 뽁뽁이로 포장에 취급주의 스티커까지 정성포장이고
누구는 에어백 넣어주고 
내폰은 왜 왜 불상하게 쿠팡박스에 달랑 
폰만 넣어서 보내주셧는지 의문입니다
⏬⏬⏬⏬⏬⏬⏬⏬⏬⏬⏬⏬⏬⏬⏬⏬⏬",746243290,5
1,1,사정이 안좋은건 제 지갑뿐이네요,744889872,5
1,2,박스가 찌그러져서 제품망가지지 않앗나 걱정 많앗는데 그래도 그나마 뽁뽁이 싸져있는 휴대폰 박스를 보고 다행인가싶다가도 괜히리뷰에 배송문제 많은게 아니네요..,749923872,5
1,-1,100만원넘는 기기 제발 소중히 포장해서 배송만 해줘도 배송문제는 없을텐데...,749923872,5
1,3,"민트가 그으나마 취향이었는데,,,, 쿠팡에서 구매할 수가 없어서 단념...",747359552,5
1,-1,베터리양이 증가하면 좋겠어요ㅠㅠ,778216508,5
1,1,"후기 박스 겉면에 취급주의 스티커 붙어 있는데

위에 다른 상자들을 쌓아 놨는지

상자가 찌그러져 와서

처음에 좀 걱정 됐어요",746938120,5
1,-1,이젠 공홈 혜택이 없는거 같은..,747260859,5
1,2,근데 뭐 케이스나 필름 이런 건 하나도 없고 그냥 폰만 딸랑 오는거였네요 ㅎ,744903096,5
1,3,보통 폰 사면 젤리케이스 하나 정도는 주던데 쿠팡은 그런거 없군요,744903096,5
1,-1,그리고 안심보험도 가입했는데 막상 조회는 안되고 어떻게 해야 하는지도 모르겠어요,744903096,5
1,3,롯데 보험에서도 아무런 항목도ㅜ없고 또 구입하면 쿠팡 캐시도 준다고 했던 거 같은데 그것도 없네요?,744903096,5
1,-1,근데 갤럭시ai구독클럽 들라고 햇는데 일시불로 결제해서 안된다네요 ㅠㅠ,795573104,5
1,0,결제 취소하고 다시 결제하면 안되냐고 햇더니안된다,795573104,5
1,-1,다행히 서비스센터에서 확인후 폰결함이라 판단해 무상으로 교체했지만요,792319383,5
1,2,근데 교환받을때 제품은 뽁뽁이 포장 하나 없이 박스에 폰만 덩그러니 담겨져 왔네요.,756534484,5
1,-1,그래도 140만원 제품인데 다음부터는 신경 좀 써주세요 ㅠㅠ,756534484,5
1,-1,제품을 받고는 약간 실망스럽네요,764634673,5
1,-1,"본체와 케이블은 받았지만, 충전기가 없던데
박스를 보니 원래 없는것 같긴한데 그래도 핸드폰을 구매하는 고객으로서 당연히 들어 있어야할 충전기가 없다는건 말이 안돼는것 같습니다",764634673,5
1,1,서비스 차원에서 따로 포장해서 보내주시던가 해야하지 않을까요,764634673,5
1,-1,"헝겊, 혹은 기본클리어케이스  등 그어느 하나 사은품?",821163382,5
1,3,"쿠팡안심케어는 어디서확인가능한지요 핸폰구매하면서 쿠팡안심케어 까지 구매했는데
쿠팡안심케어가 등록되었는지 어디서 확인가능할까요",821193070,5
1,3,"지금까지쿠팡에서 한번도안사보고 다 대리점에서샀는데
결국 그냥 쿠팡에서일시불로 사는게촤고더라구요.",803784045,5
1,3,삼성에선 쿠팡 관리 안하나요?,855243682,1
1,-1,갤럭시s26 울트라 예약 후 받았고 갤럭시ai구독 서비스를 신청하려고 아무리 뒤져도 안나와서 연락하니 아주 작게 표시해둔 갤럭시ai구독 자세히보기 들어가서 구입을 해야한다네요?,855243682,1
1,-1,"그리고 구독 서비스에 대한 내용을 저는 따로 삼성전자 방문하여 설명 들었기 때문에 구독서비스에 대한 자세한 내용을 볼 필요가 없어서 안들어갔고, 구독 시 필수적으로 자세히보기 항목으로 들어가야한다는 내용 조차 고지가 되어있지 않아서 바로 구매를 했던겁니다.",855243682,1
1,0,자세히보기가 아니라 ai구독 신청하기로 되어있었으면 제 잘 못이겠지만 이건 명백히 업체 잘못입니다.,855243682,1
1,0,고객센터에 문의하니 모두가 하나 같이 고객 잘못으로 넘기시는데 기만 아닙니까?,855243682,1
1,0,한 낱 이름 모를 사람 1명이라고 시스템 문제는 생각 못하시고 덮어버리기 바쁘시네요.,855243682,1
1,-1,AI구독클럽혜택때문짜증나네요,855429611,1
1,3,이말은AI구독은사용하지말라는말인가요?,855429611,1
1,3,쿠팡아이디로여러사람이사용하는사람들도있는데..,855429611,1
1,1,광고베네쪽에크게안내를해놓던지...,855429611,1
1,0,소비자가제대로확인못했어그렇다고만하는데..진짜너무하네요...,855429611,1
1,-1,"지급데폰사이유가없어졌고,아니면조금기다렸다가삼성닷컴에서할걸...",855429611,1
1,-1,하는후회만남고..다시는쿠팡에서구매를안할겁니다..,855429611,1
1,-1,교환을 받으려했으나 교환은 못받고 삼성서비스에서 수리했습니다,864708546,1
1,-1,지문쪽 문제였는대 삼성에서도 서비스센터쪽으론 1tb 재고가 안온다하여 교환못받았습니다,864708546,1
1,3,"쿠팡측은 서비스센터의 제품불량판정서가 있어도
자체적으로 검토하여 8일이상 걸릴수있고
만약 재고가 없다면 환불처리한다고 하였습니다",864708546,1
1,-1,"환불처리시 보상안이 사전예약 보상보다 못미쳤고
기다릴태니 받을수있냐에대해 아무런 보증도 없었고
초기불량에대해 대처가 매우 미흡했습니다",864708546,1
1,-1,"삼성서비스에서 받은 불량판정서가 있음에도 왜 자체적인 검수를 해야하는지 모르겠고
사전예약혜택이 날아가는대 환불처리로밖에 대응을 못하는지 모르겠습니다",864708546,1
1,-1,다음번에 산다면 쿠팡에선 사전예약으로 휴대폰구매는 안할거같네요,864708546,1
1,2,이백만원짜리 휴대폰인데 뾱뾱이도 없이 배송됨,863714657,1
1,-1,220만원 포장상태 ㅋ ;;최악 최악 하..,858947107,1
1,-1,"아이폰 17 샀을때도 포장 뽁뽁이 없어서
고객센터에 열불냈는데,
또 이모양으로 배송했네요.",858947107,1
1,1,아니 박스에 달랑 저렇게 200만원 넘는 상품을 보내는 기업이 어디있습니까??,858947107,1
1,-1,진짜. 절대 절대 다시는 안삽니다.,858947107,1
1,0,고객센테 문의하면 시정하겠습니다.,858947107,1
1,0,늘 같은말만 반복하고 개선이 하나도 안됨.,858947107,1
1,-1,"2~30만원 가구하나만 사도 배송기사님들이 오셔서 다 설치해주고 서비스해주고 하는데, 포장상태 볼수록 가관이네요.",858947107,1
1,-1,첫 배송때 뽁뽁이  한바퀴 돌리고 큰박스에 들어와서 박스안에서 왔다리갔다리 혹시라도 전자제품이라 이상있을까 반품하며 다시 보내 달라 했는데...,857668416,1
1,0,상담사님이 알았다고 죄송하다고 꼭 다시 전해 드리겠다고 했는데 다시 배송온거 보니 감싸주지도 않고 휴대폰이랑 뽁뽁이랑 따로 분리되서 옴,857668416,1
1,3,개짜증 내가 내 돈 주고 170만원이 넘는 제품 샀는데 전자제품을 이따위로 해서 보내는 쿠팡 진짜 개 짜증이 나네요 배송 나만 그런건가요?,857668416,1
1,2,취급주의 스티커만 붙여놓고 던지는 배송은 좀 너무하지 않았나 생각합니다 아침에 배송된 박스 보고 설마 폰이겠어 했네요...,857473472,1
1,-1,갤럭시 AI 구독 서비스 광고만 하고 정확한 방법은 안알려줌.,858630585,1
1,-1,"PC로 구매했는데 갤럭시 AI 구독 선택조차 없었고, PC로 구매하지 말고 폰으로만 구매하라는 안내도 없었음.",858630585,1
1,0,"유료 전화, 24시간 채팅 상담, 고객 소리 다 이용했는데 시간만 끌고 다른 사람에게 토스만 함.",858630585,1
1,3,쿠팡 너무 믿지 마세요. ㅜㅜ,858630585,1
1,2,"포장이 제정신이 아님 이럴줄 알았으면 쿠팡에서 안사는건데
아무리 그래도 220만원이 넘는 고가의 휴대폰인데 하다못해 뽁뽁이라도 한장 두르지 그냥 박스에 딸랑 제품만 넣어서 포장하는건 제정신인가 싶음",857727256,1
1,-1,원래 리뷰같은거 아예 안남기는데 화나서 남김,857727256,1
1,-1,쿠팡에서 핸드폰 절대사지마세요,857926120,1
1,-1,인해 서비스센터점검받고 배터리불량이라 제품이 없다,857926120,1
1,3,케서 구매한곳 쿠팡에서 회수되8일걸린다고하고 일도 못하고  아그리고 제일 중요한거 전화8번해서 말전부다 바꾸네여,857926120,1
1,-1,전자기기는 쿠팡에서 절대 금지합니다,857926120,1
1,-1,뽑기가 잘못된건지 발열문의 해야겟습니다,855613070,1
1,-1,"밖에서 쿵 소리나길래 뭐지 택배왔나 싶어서 갔더니
이거였음",876032946,1
1,-1,거의 200만원짜리 전자기기잖아요 ㅠㅠ,876032946,1
1,-1,반품 귀찮아서 그냥 씁니다.,876032946,1
1,-1,12일까지 리뷰이벤트인데 13일에 보내주는게 어디있죠?,858947564,1
1,3,라이브방송으로 1만원 페이백해준다고 그렇게 약을팔더니 이거 사기아닌가요?,858947564,1
1,0,"해당 부분을 확인하기 위해 3월 3일부터 여러 차례 고객센터에 문의했지만
“담당 부서 확인 중”이라는 답변만 반복되고 명확한 안내를 받지 못했습니다.",855968594,2
1,0,"상담 도중 질문에 대한 답변 없이 채팅이 종료되는 일도 있었고, 결국 며칠 동안 동일한 문의를 반복해야 했습니다.",855968594,2
1,-1,안내 지연과 상담 문제로 인해 구매 경험이 매우 불만족스럽습니다.,855968594,2
1,-1,"제품 자체는 기대하고 구매했지만, 사전구매 혜택 관련 안내와 상담 처리 과정은 상당히 아쉬웠습니다.",855968594,2
1,-1,"현상, 서비스센터 방문했으나 30일 지나서 교환불가 메인보드 교체 ㅋ 두번다시 삼성폰 안삽니다",883513035,2
1,2,"기기는 좋은데 배송이 엉망 상자 하나에 아무런 완충재도 없이 폰 상자만 덜렁 보내면 어떡하라고, 어뜰하라고, 어떡콰라고, 어뜨카라고, 억떡하라고, 우뜨카라고, 모루카라고, 오픈카라고, 엉뜨켜라고, 영뚱하라고, 오또카라고 어떡하라고, 어뚫하라고, 어떡콰라고, 어뜨카라고, 억떡하라고, 우뜨카라고, 모루카라고, 오픈카라고, 엉뜨켜라고, 엉뚱하라고 200만 원이 넘는데 신경 좀 씁시다 고가 기기 포장 매뉴얼을 만드삼",860725873,3
1,-1,배송상태 비추천 아니 적어도 뽁뽁이 정도는 감싸서 와야 되는거 아닌가요..,858462518,3
1,-1,박스에 덜렁 기계만 넣어서 왔네요..,858462518,3
1,-1,배송중 분명 이리저리 굴럿을텐데..,858462518,3
1,-1,배송상태 불량이라 별점 뺏습니다.,858462518,3
1,-1,200가까이되는거 사는데달랑핸드폰만보냄?ㅡㅡ,862891184,3
1,-1,상품은 좋은데 배송은 정말 최악입니다...,856675706,4
1,-1,아무리 비가오는날이라도 기계가 돈이 얼마짜리인데 박스 다 젖어서 왔고 그냥 다 던져놓고 뭐하는짓인건지....,856675706,4
1,-1,이따위로 고가의 상품 배송보낼꺼면 고가라인들은 자체 배송 하지마세요!!!!!!,856675706,4
1,3,쿠팡으로 폴드6때도 샀었지만 약간 사은품등 아쉽네요,855868115,4
1,3,주는데 쿠팡은 ...이제 메리트가 쫌 떨어지는듯.,855868115,4
1,-1,그리고 해당상품 상세 페이지는 왜 없어졌나요,856189021,4
1,-1,"리뷰이벤트 확인하려하는데,,",856189021,4
1,2,갤럭시s26울트라가 박스에 그냥 온 부분은 매우아쉬워요,862924909,4
1,2,그렇지만 아쉬운건 이 비싼 핸드폰을 박스에 그냥 넣어 보낸부분은 쫌 그래요.,862924909,4
1,-1,비닐이라도 끼워서 보냈으면 얼마나 좋았을까 싶네요.,862924909,4
1,-1,뽁뽁이 달랑 한겹붙여 박스에 넣어 왔는데...,870263628,4
1,-1,배송왔을때 박스가 찢어져있어 그건 기분이 별로였어요,860380678,4
1,-1,"그동안 몇번이나

바꾸자고 했지만 싫다...",870329986,5
1,-1,s26 사전예약때도 싫다...,870329986,5
1,-1,이건 삼성이 반성 좀 필요 하다고 봅니다.,861235666,5
1,0,오히려 “이거 그냥 미개봉으로 반품할까..?” 싶어서 일주일 넘게 고민했습니다;;,860677813,5
1,-1,고민은 배송만 늦출 뿐입니다.,882127759,5
1,-1,원래 온다는 기간보다 하루 일찍 배송시켜버리는 클라스!,858336781,5
1,-1,그래서 따로 구매를 안했더니 ㅠㅠ 케이스가 없더라구요..?,857534669,5
1,-1,근데 사전예약으로 500메가로 받았지만 저한테는 모자르네요 ..,857534669,5
1,-1,제가 인플루언서도 아니고...,857534669,5
1,1,일반: 문앞 박스 안에다 꼭 넣어주세요,855583083,5
1,3,그리고 개인적으로 가장 아쉬웠던 부분은 쿠팡 포장 방식임.,855488014,5
1,2,제품 박스를 열면 바로 휴대폰 박스가 들어있는 구조라 조금 불안했음.,855488014,5
1,-1,"가볍고 영롱한 S26 울트라 코발트 바이올렛 찐 후기



★ 작성자의 동의 없이 해당 사진 및 리뷰 내용의 일부 무단 복제",855358151,5
1,-1,"를 금하며, 적발 시 그에 따른 조치를 취함.



╭",855358151,5
1,-1,보호필름 붙이지 마세요 ㅠㅋㅋㅋㅋㅋㅋㅋ,855248145,5
1,-1,진짜 마지막날에삿는데 그저께받음,858784356,5
1,-1,고민은 배송만 늦출 뿐입니다.,863073768,5
1,-1,"사전 예약구매에 메리트는 용량 더블업 밖에 없고, 액세서리 할인 등은 별 쓸모없는 것 뿐이라 있으나 마나한 생색내기 용인듯...",859500814,5
1,-1,"배송은...빠르게 됐지만 사진에 보다시피 뽁뽁이도 제품에 감싸서 보호해 보낸게 아니라 깔아놓기만 하고, 배송지를 경비실로 선택했는데, 문앞에 두고 갔더군요.",859500814,5
1,0,누가 가져가지 않아서 다행이었지만 없어졌으면 어쩌려고 그랬는지...,859500814,5
1,-1,"택배도 오기로 한날보다 일찍 도착했는데
필름이랑 케이스가 폰보다 늦게 도착하게 주문해서 며칠을 그대로 두고있었어요",860221421,5
1,0,kt고객센터 밤10시가 넘은 시간인데도 전화함.,858368537,5
1,0,용쓰지말고 고객센터 문의하길..,858368537,5
1,-1,유선이어폰이라도 잇엇음 좋앗겟는대 쩝..,855708546,5
1,-1,"약속된 시간에 정확히 도착한 것은 물론이고, 박스 구겨짐",859073062,5
1,-1,최고에요 고민은 배송만 늦출 뿐..,855394758,5
1,-1,"고지한것처럼 6일 금요일에 받을줄알았는데
5일 목요일 새벽배송이라니...",855221622,5
1,-1,진짜 좋은거 사실거 아니면 어중간한거 사지 말고 싼거 몇천원짜리 케이스 필름 사세요,858980217,5
1,1,"제발 이번엔  5 년 사용하기를 기도 하며!

아 휴대폰 이나 고가 제품 포장은 신경 쓰세요!",882768632,5
1,-1,200만원이 넘는 제품을  에어캡 대충;;,882768632,5
1,-1,대충 한 번 둘러진 느낌이라 배송 중 충격이 조금 걱정되,855578193,5
1,-1,"보호필름과 케이스가 없어서 아직 유심칩을
못 바꿨어요..",858473980,5
1,3,"3월5일 하루 앞 당겨서 배송완료

어쩐일인지~~
쿠팡배송기사분한테 분실 위험있으니 바로",856437447,5
1,0,수령가능한지 전화받았어요^^;;,856437447,5
1,3,"상품과 쿠팡배송은 굿, 단 보상판매 절대 여기서 하지마 멀쩡한 폰을 고철로 만드는 연금술사?",880440117,5
1,-1,"어슈어런트코리아의 실체

s20 울트라 유물급이어도 외관 A급에 잔상 하나 없는 기기를 보냈더니, 없던 액정 불량까지 창조해서 ‘만원’을 부르네요?",880440117,5
1,-1,이 정도면 보상 프로그램이 아니라 ‘기기 강탈 및 파손 프로그램’ 아닙니까?,880440117,5
1,-1,새 상품급 기기를 가져가서 억지로 흠집 잡고 불량 만들어내느라 고생이 많으십니다.,880440117,5
1,-1,최종 보상 금액 마넌 보고 제 눈을 의심했습니다.,880440117,5
1,0,"택배비 아까워서라도 돌려받아야겠지만, 남의 소중한 기기를 이런 식으로 가치 훼손하는 행태는 반드시 공론화되어야 합니다.",880440117,5
1,-1,검수 내역이 상세한 게 아니라 ‘상세하게 기기를 망가뜨린 내역’은 아닌지 의심스럽네요.,880440117,5
1,0,다시 받아서 다른데 팔자니 이미 부숴놨을거 뻔하고 만원 반품비까지 ㅋ 차라리 노란데가 나은듯.,880440117,5
1,-1,"양심이 있다면 사업 접으시고, 다른 분들은 절대 여기 이용하지 마세요.",880440117,5
1,0,만원 받고 기분 잡치느니 그냥 망치로 부숴서 버리는 게 정신 건강에 이롭습니다.,880440117,5
1,-1,화이트로 주문한다고 했는데 받아보니 코발트바이올렛이여서 오배송인가 싶어서 확인했지만 제가 애초에 구매를 화이트로 안했나보더라구요.,856211227,5
1,-1,무이자할부 라고 했는데 무이자할부 아닙니다,819018951,1
1,0,근데 상담사의 말을 믿었을 뿐입니다.,819018951,1
1,0,대문짝만하게 광고하고 상담원한테 물어 보기까지 했는데 틀리면 그게 이상한 거 아닐까요?,819018951,1
1,0,상담원이 얘기한 것도 틀리면 전 뭘 믿고 구매 합니까?,819018951,1
1,-1,200만 짜리 상품 포장 박스는 다 터져서 왔어요!!,783225719,1
1,-1,200만 짜리 상품 포장 박스는 다 터져서 왔다는게 참 어이없네여!!,783225719,1
1,2,정말 뽑뽑이 한겹없이 박스에 달랑 폰을~~박스 밑은 다 터졌어요!,783225719,1
1,-1,아무리 그래도 이건 사람이 고의로 테잎을 뜯어야 이렇게 될수밖에 없다는게 믿을만한건지 참 의심스럽!,783225719,1
1,0,"근데 다음날 아침 도착한다던 폰이 낮이 되어도 안와서 
다시 고객센터에 전화를 했는데 
지금 핸드폰을 초기화 해서 내놓으면 검수 후 8일후에 교환신청을 받아준답니다 ㅋㅋㅋㅋㅋ",790743988,1
1,0,죄송하다는 말만 무한반복을 하더군요,790743988,1
1,0,처음 안내해 주신분 바꿔 달라니 그분은 또 퇴근하셨데요 ㅋㅋ,790743988,1
1,0,"해결 못 하실거 같으면 윗사람을 바꿔 달라했는데 
그분도 죄송하다는 말 뿐^^ 
또 높은 사람 바꿔달라하니 cs팀이 가장 높다며 
그분조차 그냥 죄송하답니다",790743988,1
1,0,근데 아무 말씀 못 하시고 그냥 죄송하다고만 합니다,790743988,1
1,0,"처음 안내해 준 직원분을 교육을 시키겠다해서 
무슨 교육이냐 처음 안내해준 분이 대처한게 제일 맞는 방법인데 
그냥 핸드폰을 보내달라 보내주면 내가 바로 초기화해서 내보낼테니 가져가라 절대 죽어도 안된다며 죄송하다는 말만 듣다",790743988,1
1,0,지쳐서 그냥 나중에 전화 주시라 하고 끊었습니다,790743988,1
1,-1,여러분은 지금 최소 200만원 짜리 휴대폰이 배송된 광경을 보고 계십니다,848907083,1
1,-1,근데 180만 원짜리를 배송하는 태도 잘 봤습니다,830532668,1
1,-1,왜 저는 빨간색 취급주의 스티커조차도 없이 온 건지도 모르겠구요,830532668,1
1,3,그게 아니라고 하더라도 박스를 어떻게 다루는지 태어나서 처음으로 쿠팡 박스 찢어져서 왔는데 그게 또 180만 원짜리네요? ㅋㅋㅋ...,830532668,1
1,2,덕분에 제 아이폰 박스가 세상의 풍파와 먼지를 아주 뒤집어쓰고 나왔습니다,830532668,1
1,-1,선물용이었으면 어째야 했을지 참 대단하네요,830532668,1
1,-1,안에 내용물은 문제없어서 품절이라 교환 더 기다리기도 지치고 짜증 나서 그냥 씁니다만 똑바로 출고해 주시고 배송도 좀 더 신경써 주세요,830532668,1
1,-1,그리고 전 이제 앞으로 쿠팡에서 고가는 안 살 것 같아요,830532668,1
1,3,"쿠팡의 교환 방법 12/2 로켓배송으로 아이폰 수령 후 마이그레이션 완료 후 기존 핸드폰 보상판매 수거 완료

12/3 23시 마지막으로 충전 안됨",810166388,1
1,-1,"12/4 정품 충전기, 프리스비 매장 방문하여 충전 시도했지만 안됨.",810166388,1
1,3,"네이버 후기를 보니 아이폰 불량시 쿠팡교환접수 하면 새 핸드폰 발송 후 마이그레이션 후 불량 상품 회수한다는 다수의 리뷰를 보고 교환 접수 진행

그러나 리뷰와는 다르게 불량상품을 회수해야 새 상품을 보내준다는 답변만 옴",810166388,1
1,3,"정책이 바뀐것이냐, 네이버 후기와는 다른 정책인데 정책 차별하는 이유가 무엇이냐해도 앵무새 같은 답변 뿐

쿠팡에서 아이폰 사는 이유는 자급제 핸드폰 + 불량 상품 교환이 쉽다는 이유인데
사람마다 차별하는 교환 정책에 어이가 없음",810166388,1
1,3,"쿠팡케어 옵션 선택 플랫폼(웹, 앱) 차별 제품 평점을 낮게 드리는것이 아닌 쿠팡 고객센터 응대와 불합리한 소비를 당하지 말라는 차원에서 당부드립니다.",879268178,1
1,3,"저는 17일 제품 구매 당시, &#39;쿠팡 케어&#39;를 가입하고자 하였으나, 19일인 오늘까지 해당 내용을 못찾았고, 이상한것을 발견했습니다.",879268178,1
1,3,"동일제품에 대해
PC버전 구매시에는 &#39;쿠팡케어&#39; 옵션이 안보이고,
&#39;쿠팡 앱&#39;버전 구매시에는 &#39;쿠팡케어&#39; 옵션이 보이고 있는 
이상한 경험을 했습니다.",879268178,1
1,3,"PC버전(웹)과 &#39;쿠팡 앱&#39;은 소비자가 소비 및 계산을 하는 창구의 차이만 있어야 하는데,
마치 장보러가서 봉투를 구매할 사람이 마트 측에는 어떠한 공지도 없이
A키오스크에는 봉투 구매 옵션이 있고,
B키오스크에는 봉투 구매 옵션이 없는
상황과 다름없다고 느낍니다.",879268178,1
1,3,"추후 쿠팡에서 어떤 조치를 취할지 모르지만, 제가 구매할 당시 쿠팡케어관련 문서, 상품 상세설명 어디를 확인해도 &#39;앱&#39;에서만 확인할 수 있다는 안내는 없었습니다.",879268178,1
1,3,"쿠팡에서 챗봇 대응은 이미 구매 수령했으므로, 쿠팡 케어 가입이 어렵다는 매크로 답변만 주고,
전화 상담에서 관련부서에 확인해보겠다는 답변을 받았네요.",879268178,1
1,0,-&gt; 30분가량 통화하는 동안 상담사도 &#39;앱&#39;에서만 구매할 수 있다는 글 못 찾아서 확인하겠다 함.,879268178,1
1,0,설령 내가 '앱'에서만 가입해야하는 공지를 못 봤다 하더라도 전문 상담사도 30분을 못 찾는걸 일반 소비자가 잘 찾고 똑똑한 소비를 하라는 건지....,879268178,1
1,3,"30일 무료반품기간에 반품하고 다시 수령하던지(이떄는 케이스, 필름 다시 구매해야겠지만....)
쿠팡의 대응과 UI, 웹 앱 옵션 선택 차별이 어이 없어 남깁니다.",879268178,1
1,0,(몰래 잠수함패치 후 너가 확인못했네 이상한 소리할까봐),879268178,1
1,3,"추가로 전화상담으로 '앱'으로 구매한것으로 확인된다고 말씀하셨는데,
'웹' 크롬 브라우저로 구매한 저로써는 황당하면서 쿠팡시스템 의심스럽네요.",879268178,1
1,0,"아무리 자급제라고 해도 상자가 이렇게 더럽다니

찝찝해서 반품하려다가

주말 껴있고 빨리 쓰고 싶어서 그냥 개봉했습니다",851287600,1
1,1,백만원짜리를 배송ㅇ 이따구로 주는데는 첨봄 충전재 뽁뽁이 하나 없이 상자안에 저거 하나 달랑 보내는게 맞나요?,791456214,1
1,0,환불도 안되고 교환도 안되고 아니 안에서 얼마나 구르고 던져졌을지....,791456214,1
1,-1,"17일반을 통신사에서 사는게 제일 좋은 선택지 사전예약 측면
- 가격적인 메리트 X
- 새벽배송X

이젠 쿠팡 사전예약이 메리트가 없네요.",768934458,1
1,-1,쿠팡에서 다시는 스마트폰 안사려구요,817804966,1
1,-1,크리스마스 선물 주려고 샀는데 이게 뭔가요?,817804966,1
1,2,"아이폰 상자 보시면 던진거 같은데 모서리 완전히 찍혀 있고 

상자 한 쪽면은 다 긁혀 있네요",817804966,1
1,-1,뭐 이딴 포장에 이딴 배송이 다 있을까싶네,776260191,1
1,1,뭐 포장을 이딴식으로 해서 보내지??,776260191,1
1,-1,성의가 없어도 너무 없고 제품 하자라도 생기면 지들이 어쩌려고 이딴식으로 배송을 할까 싶네,776260191,1
1,1,뭐 예의상 뽁뽁이로라도 한번 싸서 보내던가 비닐이라도 하나 넣어보내는게 맞지않나,776260191,1
1,-1,이거 주말에 받았으니 평일에 핸드폰 검사해보고 문제 생기면 가만안있지 또,776260191,1
1,-1,"200만원 넘는데 ㅋ
모서리 기스도 있구여
뒷면에 작은 빨간점?",783414201,1
1,-1,"뽁뽁이로 포장해서 보내주셔야지 고가제품을 이런식으로
보내주시는것이 말이됩니까?",772200870,1
1,3,쿠팡 다 좋은데 서비스 엉망진창 입니다.,772200870,1
1,-1,"다른분들 후기보니까 뽁뽁이로 해서 오던데
고객분들마다 가려가면서 보내는 겁니까?",772200870,1
1,-1,반품 할려고 하다가 그냥사용합니다.,772200870,1
1,3,180만원 상품을 이렇게 보내는게 쿠팡인가요?,775938915,1
1,-1,보상판매 보상판매는 비추입니다,795078432,1
1,2,"보상판매신청때 금액은 59만이엿고
상태기스하나 없는 폰인데
폰을 수거해가서 3주동안 연락없어서
전화하니까 매일 카톡몇통씩 보냇다는
엉뚱한 대답을 하더라구요",795078432,1
1,0,"왜 전화를 안하고 카톡을햇을가 의문이고
카톡도 오지도 않앗어요",795078432,1
1,3,그냥 당근으로 판매하는걸 추천합니다,795078432,1
1,-1,"보상가격이 괜찮아서 햇다가
크게 손해본거 같아요",795078432,1
1,-1,보상판매는 절대 비추입니다.,795078432,1
1,1,프로맥스처럼 에어백은 넣어서 왔는데 완전히 밀봉이 아니라 사이드는 빈 공간으로 포장시켜서 왔고 하얀 케이스에 잉크인지 이물질인지 붙어서 왔는데 사이드는 그냥 포장 안한 빈 상자네요.,790808837,1
1,-1,뭐하러 여기에서 주문을 해요,790808837,1
1,-1,이런 200만원짜리 새상품에 하자+ 쓰레기포장 200만원주고 새상품을 사는데 이런 찝찝하고 중고사는 기분은 처음입니다,779117804,1
1,-1,반품하려다가 똑같을 거 같아서 걍 씁니다,779117804,1
1,-1,와 이게 179만원짜리 배송이 맞는건가요??,770020355,1
1,-1,박스에 뽁뽁이 하나 없이 덜렁 보내줬네요.,770020355,1
1,-1,박스도 다 꾸겨져서 이 안에 아이폰이 들어있을지는 정말 몰랐네요.,770020355,1
1,-1,같이 구매한 케이스가 온줄 알았어요.,770020355,1
1,-1,이렇게 포장하는거는 너무 문제가 있다고 생각합니다.,770020355,1
1,-1,assurant 보상판매 절대하지 마세요,767515538,1
1,2,기스 하나 없는데 B로 정산하고 회수 요청해서 일주일 지나서 왔는데 같이 보냈던 아이폰 박스는 또 누락됐습니다..,767515538,1
1,-1,절대로 보상판매 신청 하지 마세요,767515538,1
1,3,보아하니 저만 그런것도 아닌 거 같은데 쿠팡에선 아무런 조치도 없나요?ㅋㅋㅋㅋㅋㅋㅋ,780198514,1
1,-1,어케 다 리뷰가 배송 그지 같이 온 것만 가득인지ㅠ,780198514,1
1,-1,박스가 더러웠고 찍힘이 있는 제품이 왔어요! ㅋㅋㅋ,795929531,1
1,0,교환을 하려다가 환불 후 재주문밖에 안되는것같아서 그냥 씁니다,795929531,1
1,-1,리뷰도 이상하게 달리네요..,809448802,1
1,-1,오늘 리뷰쓴게 왜 12월3일로 달리는지???,809448802,1
1,1,"뽁뽁이 하나 없이 택배박스에 우당탕 200민원 짜리 배송하는데
뽁뽁이 하나 없이 택배박스에 덩그러니..",789199326,1
1,-1,"배송중 박스 안애서 다 흔들리고 부딪히고 
고장은 한 1~2년 뒤에 나타나서
무상as 다 지난후 수리비 고객부담 이겠죠?",789199326,1
1,1,박스겉에 취급주위가 있으면 뭐하나요?,820005214,1
1,-1,핸드폰이 200만원 가까이 하는제품인데 핸드폰 자체를 뽁뽁이로 싸야하지 않나요?,820005214,1
1,2,만약 핸드폰 사용하다 문제 생기면 포장 문제로 인한 내부 손상이라고 생각하겠습니다.,820005214,1
1,1,"179만원짜리를 뽁뽁이도 없이 비닐에 싸서
배송상자도 찌그러져 제품도 찌그러져....",779114911,1
1,-1,다신 쿠팡으로 전자제품 안 사요.,779114911,1
1,2,다른사람은 뽁뽁이라도 있던데 박스에 달랑 폰만넣어서 배송하는게 맞는건가요?,787651708,1
1,2,폰박스찌그러지고 때가덕지덕지! 포장교육을 따로 하던가요!,787651708,1
1,-1,"어디서 굴러먹다 왔는지 너무 더럽다 포장 택배 상자 말고, 뽁뽁이 안에 애플박스가 진심 개 드러워서 열지 말고 환불할까",825630546,1
1,-1,그냥 일단 뜯어보자 하고 액정 덮인 용지 떼어내니까 안에 정체 모를 먼지 하나가 붙어있었습니다;;,825630546,1
1,-1,너무 찝찝해서 다시는 쿠팡에서 폰 전자기기 안 사려구요.,825630546,1
1,2,"포장 상태 최악 도착하고 뜯는데

1. 상자 찌글찌글
2. 그 속에 핸드폰 상자 덜렁있음

다른것도 아니고 핸드폰이에요ㅋㅋ",807289257,1
1,-1,"배송시간 말도 안되게 지연 화요일주문 금요일 새벽지정 배송설정
금요일 새벽이 아니라
저녁6시45분쯤 도착
얼마나 지연시킨건지..",784481817,1
1,-1,별 1개준것은 왜 포장지에 뽁뽁이하나 재대로 안싸고 배송하나요,818139727,1
1,2,그리고 던지고 핸드폰이 충격에 약한거 모르시나요?,818139727,1
1,-1,200만원이 넘는 제품 포장하나 재대로 안해서 겁나 충격먹었을거같은데,818139727,1
1,-1,"저같은 경우 안에 완충제도 없고 박스에 취급주의 스티커도 안붙은 채로 배송왔습니다 
박스 열자마자 얼마나 황당하던지 ㅋㅋㅋ 헛웃음나고 어이가 없어서
기사님이 우당탕 던지듯이 두고 가신 소리에 놀라서 얼른 들고 들어왔네요",854246555,1
1,2,핸드폰 박스 여기저기 더럽고 기스나고 찍혀있고 난리 났네요,854246555,1
1,-1,다시는 고가 상품 여기서 안삽니다,854246555,1
1,3,"쿠팡 고가제품인데 17프로 뽁뽁이없이, 다시는 쿠팡에서 안산다
평점 빵점입니다.",779485927,1
1,2,배송이 미틴 뽁뽁이도 없고 핸드폰 하나 넣어져있어요,770214303,1
1,1,바람빠진 포장재로 대충~ 너무하네요~,787678310,1
1,-1,비싼 전자기기인데 포장 진짜 생각없이 한듯 포장 진짜 개판 .,812858330,1
1,1,박스는 반뜯어져 도착했고 뽁뽁이는 테이핑도 안한채 대충 싸매서 다 벗겨진채로 도착.,812858330,1
1,0,누가 가져가도 모름 바꿔치기 해도 모름,785645064,1
1,2,휴대폰 개봉해도 괜찮을지..,817147682,1
1,0,파손된 상태면 교환해주나요?,817147682,1
1,-1,1-2만원짜리도 아니고 고가의 제품인데 완충재 하나없이 제품만 달랑 왔습니다..,840654914,1
1,-1,"취급주의 스티커도 안붙어있고, 상품 박스도 찌그러",840654914,1
1,0,져있고 환불하려다가 말았습니다.,840654914,1
1,2,"비싼핸드폰을 아무런 포장도 없이 그냥 포장해서 배송하네요,,,",821650799,1
1,1,만원짜리를 사도 이렇게 포장은 안할거같은데요...,821650799,1
1,2,"뇌없는 쓰레기 마인드 알바의 포장 200만원이 넘는 핸드폰을
에어캡 포장 하나없이 본품 박스만을 포장한
뇌 없는 알바는 누구일까요?",865856369,1
1,-1,관리자 문제가 아니라 남들 엿되라고 에어캡없이 보낸 그 특정 몇몇의 알바들 문제겠죠??,865856369,1
1,0,"어쩌피 바코드 찍으면서 누군지 다걸러낼수 있을텐데
안하는거죠?? 이래도 사람들이 사주니까??",865856369,1
1,-1,"누군지는 몰라도 선의의 피해자 안나오게 관리좀 하시고
이런 개짓거리하는 알바들은 앞길 인생 더 시궁창으로 빠지시길",865856369,1
1,-1,"이게 맞나 싶다 사람들이 그냥 사주니까 검수도 대충 포장도 대충하고
이지경 되서 보내는것도 참 안타깝네",883541857,1
1,1,거의 2백만원짜리 물건 포장 이렇게 한다는게 좀 그러네.,861547567,1
1,-1,"오프라인 매장 재고가 없어서 쿠팡에서 샀더니
다시는 쿠팡에서 핸드폰 안살듯",878418740,1
1,0,한번만 더 그러면 환불할꺼임,867545860,1
1,0,한 세번 전화해야 그제서야 목소리 들림 계속그러면 환불할꺼니 바꿔주세염^*^,867545860,1
1,3,쿠팡은 진짜 배송하기전에 포장을 배워야할듯요.,771594436,1
1,1,200만원 짜리를 그냥 20원짜리 마냥 포장하는데 이게 맞나요?,771594436,1
1,-1,근데 포장 상태가 정말 심각하네요ㅜ,818515278,2
1,-1,"다른 리뷰들 보면 완충재가 조금이라도 들어있는데 제가 받은 상품은 완충재, 에어캡 단 한 개도 없이 박스에 덜렁 ㅋㅋㅋ 기사님은 항상 친절하시고 물건도 살살 내려주시지만 택배차에 상차될때까지 무슨 과정을 겪었을지..",818515278,2
1,3,쿠팡 상하차 알바 경험이 다수인 저는 개봉을 해도 될지 너무 고민이 되네요ㅠ,818515278,2
1,2,요새는 화장품 하나를 사도 뽁뽁이에 여러겹 감싸져서 오는데 휴대폰을 이렇게 보내주시면 어떡합니까 진심 매우 불만족입니다,818515278,2
1,2,아무리 그래도 180만원짜리 핸드폰인데 파손주의도 없이 그냥 던져두고 가는게 맞나요?,846981688,2
1,2,포장도 형편없고 제가 열었을땐 이미 충전재랑 핸드폰 따로 굴러다녔어요;;,846981688,2
1,2,박스는 어디서 구르다 온건지 새 핸드폰맞나 의심스럽습니다 ;;,846981688,2
1,-1,문의하는것도없고해서 리뷰에 남깁니다,787933340,2
1,-1,찌그러지고 더러운 상태로 왔네요,851917717,2
1,-1,포장 허술함 포장이 너무 허술하고 비싸고 전자 기기인데도 불구하고 상자안에 밀봉되어 있지도 않고 뽁뽁이도 감싸다 만건지..,853380302,2
1,-1,"택배들이 던져질 수도 있는게 다반사 인데 , 아무리 취급 주의 스티커를 붙였다곤 하지만 소비자로써 좀 불편함...",853380302,2
1,3,쿠팡에서산거 잔고장이너무심해요,844860256,2
1,-1,구매 5일만에 가격인하… 선물하기 이용하면 기기보상 불가…,788117945,2
1,-1,선물포장까지 했는데 박스 상태가 최악이네요..,869805534,2
1,-1,어디서 구르던걸 주신건지 반품된걸 주신건지..,869805534,2
1,-1,선물로 주문했는데 뜯자마자 서로 당황했네요 ㅋㅋ,869805534,2
1,-1,선물로 준거라 교환하기도 그렇고..,869805534,2
1,-1,"고가 상품이라 경비실에 부탁 드렸는데
집 문 앞에  놓고 가셨네요",851439237,2
1,-1,먼지 구덩이에 있던 제품인가 싶을정도로 제품 박스가 더럽네요,853700362,2
1,0,한 차례 반품 후 재구매했음에도 동일한 현상이 반복되는 점은 제품 신뢰도에 큰 타격을 주었습니다.,838941143,3
1,-1,구매 한 달도 채 되지 않은 시점에서 이런 기본적 기능의 오류를 마주하는 것은 무척 유감스러운 경험입니다.,838941143,3
1,2,새아이폰이 뽁뽁이도 없이 상자안에만 있어서 그런건지...,770429681,3
1,-1,"첫 배송 받고 열어보니 잔기스 있어서 반품하고 다시 받았는데,,,
두번째 배송 박스 상태 장난없음......",801486975,3
1,-1,구멍 뚫린 상태에 안에 아이폰 박스 나뒹구는......로켓배송 좋지만 하....한두푼도 아니구 신경 좀 제대로 써주세요,801486975,3
1,-1,"와 오렌지컬러 진짜 별로다 실버 살 걸 괜히 나댔다는 생각이 자꾸만 듭니다
볼수록 못생겼어",767707106,3
1,2,배송은 빨랐는데 아이폰 박스 겉면이 너무 더러웠어요.,824202604,3
1,-1,닦으니까 다 닦아지긴 했는데 새상품 받은건데 이래서 기분은 별로였어요.,824202604,3
1,-1,저는 제가 사용하려고 산거라 그냥 쓰지만 선물용으론 절대 쿠팡에서 사면 안될듯,824202604,3
1,2,왜인지 모르겠으나 폰박스 한쪽 옆면이 쭉 오염되어있네요,769277175,3
1,2,핸드폰에 흠난곳은 없으나 포장상태가 영… 핸드폰 잘 받았는데 사진 보면 남들은 안에 뭐라도 넣어서 주던데 저는 딸랑 핸드폰 박스만 넣어져있었습니다…,775904581,3
1,-1,그런데 배송과정에서 어떤 문제가 있는지 모르니까 그런점이 조금 아쉽습니다.,850524911,3
1,1,근데 충전재에 제대로 감싸져서 오는게 아니고…대충하나 달라 넣어져있는데 이게 맞는건가요? ㅋ…,883364066,3
1,2,딱 받고 뜯어보니 대체 어떻게 보관하길래 아이폰 상자가 너무 더럽고…기분이 막 좋지 않았네요…,804662947,3
1,2,"폰은 스팩 그대로인데
고가에 상품인데도 배송할때 포장을 신경 안쓰신게 좀 많이 아쉽습니다.",793743875,3
1,1,박스 끝쪽이 살짝 찍혀왔고 뽁뽁이도 별 효능도 못하는 걸로 넣어주셨더라구요.,793743875,3
1,-1,기사님 왜 다른집에 배달을.. 집에 있다가 알람보고 바로 나가봐서 다행이지,798019782,3
1,-1,앞집에 택배를 가져다 놓으셨길래 기겁했네요,798019782,3
1,-1,고가인데 앞집 분이 택배 뜯어보면 어쩔뻔..;;;,798019782,3
1,-1,다른건 좋은데 배송을 이렇게 하면 주기만 하면 끝인건가요?,865837507,3
1,1,포장문제 제품은 잘 받았지만 박스를 열어보니 그냥 본체박스만 있고 다른 이중포장도 없어서 좀 당황스러웠습니다,822088783,3
1,-1,새제품 산건데 기분은 별로네요,777368508,3
1,0,다만 보상프로그램 신청하여 보낸지 15일만에 판정결과가 0원이 나와 동의하기 어려운데 개인부담 착불 반송외에는 방법이 없네요,783413969,3
1,0,추가보상해준다고 해서 보냈는데 괜히 신청한거 같네요,783413969,3
1,1,에어비닐이 하나 겉에 있었지만 사실 제품을 감싸고 있지 않았던 점이 아쉬웠습니다.,819532501,4
1,1,3만원짜리 영양제만도 못한 포장..,825811963,4
1,1,근데 뽁뽁이도 없이 누가 반품한 제품 받은것마냥 찢어진 완충재만 덩그러니..,825811963,4
1,1,똑같운 재품 구매하는데 누구는 뽁뽁이에 충격주의 스티커도 븥어있고 누구는 비닐만도 못한 찢어진 완충재 담아서 오고.,825811963,4
1,3,고가의 전자기기인만큼 쿠팡측은 이 문제에 대한 개선이 필요할 것 같네요,825811963,4
1,-1,시리얼 조회해보니 미개봉 신품 맞았습니다.,821546615,4
1,0,저는 실문안보고 그냥 주문한거라서 그런지 ..,836594331,4
1,-1,받자마자 솔직히좀 실망스러웠네요 ㅋ,836594331,4
1,-1,"2주이상 걸린다고 해서 해외여행 잡아뇌서
카메라 사용하려고 일부러 하루배송이라해서 주문했는데 그담날 바로 2주이상 배송으로 바뀌어있더라구요",796231359,4
1,-1,"어이없었지만 어쩔수없다 생각하고 포기했는데
여행 가기전에 도착했더라구요",796231359,4
1,-1,"진짜 다시는 자급제 안사겠다고 다짐하고 다짐했는데
또 모르죠 ㅋㅋㅋ",796231359,4
1,0,후기보고 나도 설마 완충제 없이 오겠어 했는데 이렇게 올줄이야...,789467278,4
1,-1,테스트후 불량아닌 양품받았어요,789467278,4
1,-1,근데 170짜린데 포장이 너무 구려,793028491,4
1,3,쿠팡에서 엄청 굴리고 던져져서 배송 왔을 텐데 매우 찝찝하네요,793028491,4
1,-1,포장 좀 신경 좀 한두푼도 아니고 여기저기 굴러다니다 온 느낌으로 도착했네요,852925919,4
1,2,박스안에서 봉지따로 휴대폰 따고 놀고있음. 고가의 전자기기 배송이 만원짜리 케이스하나 오듯이 옴,794360155,4
1,1,상품은 마음에 들지만 상품포장이 마음에 안들어요,805849639,4
1,1,포장지 까니까 뭔 발톱이 있어요 ..,792658925,4
1,-1,선물하려고 구매했지만 디자인은 아무리 봐도 너무 별로예요,778094528,4
1,-1,그래서뚫려있 는케이스사면 안됩니다 !,873013603,5
1,-1,"이건 정말 ... 그래서케이스보호형태로구매 하시 던지,아니면 거치대를쓰 세요. .!!",873013603,5
1,-1,"하 시는 분들 ,불안 해하 지고말고 ,그 습관 을버리세요.",873013603,5
1,-1,"SNS 올릴 때 보정 확실히 줄음.

✅",872962610,5
1,-1,지금까지 솔직한 학부모 리뷰?,869644831,5
1,1,배송 과정에서 묻은 것 같은데 박스 한쪽에 약간의 오염이 있어서 처음에는 살짝 아쉬운 느낌이 있었습니다.,865194507,5
1,0,이 정도면 반품이나 재포장 제품일 가능성은 거의 없어 보였어요.,864261492,5
1,0,받아보고 나니까 괜히 걱정했다 싶더라고요.,864261492,5
1,-1,플라스틱재질은 전혀아니고..,860102592,5
1,0,고객 센터 전화했더니 아직 언제 들어올지 모른다,864863769,5
1,-1,와서 그렇긴한데 원래 매장가도 그런 포장을 하진 않으니까요..!,864863769,5
1,3,"새제품 기스-쿠팡 교환후기

처음 받자마자 기스발견으로 쿠팡 교환신청했어요.",846508323,5
1,-1,"저같은 경우 있을 수 있으니 개봉하시면서 영상,사진 꼭 남겨두시길 추천합니다.


✔️",846508323,5
1,3,"저번에도 쿠팡에서 아이폰 13Pro를 사줬었는데
그때는 뽑기 운이 안좋았어서
조금 문제 있는 아이로 4년 정도 넘게
그냥 사용해왔어요..",845000800,5
1,-1,배송은 조금 당황스럽게도..?,845000800,5
1,-1,"박스에 달랑...
그냥 뽁뽁이 얇게 한번 둘러서 왔어요",845000800,5
1,-1,고민은 배송만 늦출 뿐이에요!,818165273,5
1,-1,원래는 기본회색으로 주문하고싶었지만 사전예약때 이미 품절....,799176570,5
1,3,쿠팡빠른배송실화 인가요. .?,790518846,5
1,-1,"자급 제는아무래도

할인

이없어서아쉽 죠.",816543772,5
1,-1,하루에 최소 100장은 기본이에요.,790428526,5
1,0,왜 진작 안 샀을까 하는 거요.,790428526,5
1,-1,출시가 200만 원이 넘는 자비 없는 가격에 손 떨면서...,782304138,5
1,2,"총평✅
➡️배송 - 이전에 친정 엄마 폰 사드릴 때도 박스가 다 터져서 와서 매우 당황했었는데 이번에도 찌끄러지고 다 터져서 왔네요",779411229,5
1,-1,그나마 제품 상 문제가 없어서 반품은 안했습니다,779411229,5
1,1,상자 한면이 아예 찌그러져서 이거 반품한 거 그대로 갖다준 거 아닌가 싶을 정도로 좀 그렇더라구요.,777162493,5
1,0,짜잘한 질문들은 챗지피티한테 물어봐요 ㅋㅋ,772537646,5
1,-1,이런 댓글많았는데 오히려 나는 실물 보고 이건 안되겠다 싶어서 마음 접음,772199829,5
1,-1,그래서 주문하려고 보니 사전예약은 지났고 지금 주문해도 한달뒤에 받을 수 있다고 해서 좌절했어요 ㅎㅎㅎ,771327890,5
1,1,박스에 오염물질이 묻어와서 오자마자 물티슈로 잘 닦긴했는데 안닦이는 부분도 있더라구요ㅜ,770293851,5
1,-1,일반 배송 상태는 진짜 별로에요…..,769919131,5
1,2,"그래도 휴대폰이고 고가의 상품인데 박스 포장을 작은 것에 딱 맞게 해주지 커다란 상자에 뽁뽁이 넣어서 배송해주니 진짜 별로네요,,,,,",769919131,5
1,-1,어쩔수 없이 배송기사님들은 던지실텐데 불안불안하네요,769919131,5
1,3,그래서 쿠팡에서 산거 좀 후회하고 있어요,769919131,5
1,-1,핸드폰 받고 첫날 직장에서 핸드폰이 안터져서 핸드폰 불량인가 했는데 다행히 기지국 문제였어서 잘 해결되었는데 뭔가 자잘한 문제 생길때마다 쿠팡에서 산거 후회할 것 같아요,769919131,5
1,3,"쿠팡에서 배송되는 아이폰 글들보면 좀 부실하게 오는 경우가 많대서 

쿠팡 고객센터에 따로 배송주의 붙여달라고 요",772506846,5
1,1,근데 취급주의만 붙혀있고 안에는 부실하게 공기보호막?,772506846,5
1,-1,그것조차 안붙히고 허접하게 배송 오는 경우를 많이 봤거든요..,772506846,5
1,3,"쿠팡,코**코,트***스,*마트,하*** 
가는곳 마다 품절.",830404605,5
1,2,"택배박스를 여니 흰 핸드폰 박스가 더럽더라구요
ㅠㅠ",770446944,5
1,-1,무슨일이있던거니 어디서 굴렀니..,770446944,5
1,1,박스에는 여기저기 찍힌 자국들도 많고요..,829779295,5
1,-1,배송 중 파손 우려가 큰 만큼 포장 개선이 필요해 보입니다.,829779295,5
1,-1,"씰도 정상이고 지문도 없음
하지만 박스에 먼지는 많이 껴서 옴",804289759,5
1,-1,"제품에도 먼지는 좀 있었음


#️⃣",804289759,5
1,-1,상세페이지에 있는 내용은 굳이 자세히 적지 않습니다.,859672410,5
1,-1,"정품 박스, 미개봉
초기 상태 이상 없음",838762817,5
1,-1,고민은 배송만 늦출 뿐이에요.,853088883,5
1,3,애플스토어보상판매하시면 거기서 처음 안내하는 예상금액 받지도 못합니다,844939934,5
1,2,아니그리고 핸드폰인데 상자 다 찢어져서 왔어요 ㅋㅋ,844939934,5
1,-1,"물량을 어떻게 확보 한 건지 마트도 모르는 경로라고 하지만
소비자 입장에서는 구매 안 할 이유가 없습니다",792390072,5
1,0,"어쩌피 케이스 끼워 몇 년 사용할거니 상관없다 싶은데
유통해주시는 분 책임은 아니니까요!",792390072,5
1,-1,아이폰 쿠팡에서 사지 마세요,781526842,5
1,-1,"업무 마감하고 근처에서 저녁먹고 다시 사무실로 복귀
저녁 10시 30까지 기다려도 오지 않아서 쿠팡 고객센터에 전화함 
생각보다 전화가 빨리 연결돼서 놀람 
이럴 줄 알았으면 진작 전화할걸 ㅠㅠ 
배송기사에게 상담원이 연락해 보겠다 했고 회신된 통화에서 
당일 배송이 어렵다고 답변받음….",781526842,5
1,0,퀵 배송이라고 따로 배송한다던데 나한테 연락 한번 오질 않음,781526842,5
1,3,쿠팡 앱 주문상세 내용에도 다음날 배송에 대한 정보가 없었음,781526842,5
1,-1,“”하지만 결국 배송된다고 연락온 날은 배송되지 않음.,781526842,5
1,-1,"충격 그 자체… 여긴 CCTV도 없단 말이다… 
200만 원짜리 상품을 배송하면서 고객에게 연락도 없고 
다른 택배보다 못한 배송 수준… 기사에게 연락할 수 없는 구조 

아이폰 구매 쿠팡에서 추천한다 한 사람 다 나와!!",781526842,5
1,-1,"2. 포장 
완충재 하나 없이 이게 뭡니까 진짜!! 
박스 찌그러져 있지 않아서 넘어갑니다",781526842,5
2,0,(제발...)  정말 속상하네요ㅠ,770511123,1
2,-1,"1,2년도 아니고 11에서 17이면 정말 갭이 크죠",864032593,1
2,-1,그래서 크게 뭔가 다른게 있겠지,864032593,1
2,3,"2. 성능
빨라지긴 했지만 그게 11에 비해서 놀랍도록
빨라졌냐고 물어보면 그건 전혀 아니에요",864032593,1
2,-1,일반사용자가 체감으로 느꼈을땐 그냥 그래요,864032593,1
2,1,근데 모서리쪽 상처는 또있음,787402789,1
2,-1,초기불량 테스트 한다고 해도 내부까진 모르는건데..,787095686,1
2,0,고객의 시간과 돈이 우스워보일까요?,856191094,1
2,1,충전단자쪽에 기스가 있음 귀찮아서 걍 씀,869481186,1
2,0,뽁뽁이도없이그냥상품을박스안에넣고보냇다니,807252588,1
2,0,어이가없내요  너무실망스럽네요,807252588,1
2,0,샤구랄 이렇게 오는 게 말이 되냐•••!,857290265,1
2,-1,뽁뽁이라도넣어서 와야대는거 아닌가요?,797173471,2
2,-1,뾱뾱이가 많이 비쌉니까..?,775666977,3
2,0,아무리 그래도 이렇게 주시는 건 쫌 ㅎ,798353479,3
2,2,사이드 터치 먹히는 게 너무 심해요,879429307,3
2,0,그럴 때는 프로가 생각나긴 합니다..ㅠ,850621483,4
2,3,너무 큰 기대를 하지는 않으셨으면 합니다,845608840,4
2,-1,하지만 기계욕심 있으시면 아쉬울 이번 시리즈입니다ㅜㅜ,845608840,4
2,3,"이제는 크게 이 부분도 좋아지진 않은 것 같습니다.

#",781693722,4
2,3,주사율 개선도 그렇게 대단한 것도 아니라서. ㅎ,800504768,4
2,-1,"위로 올라온게 아니라 밑으로 파진 거 같은데
떨어뜨리거나 충격이 가해졌을때 금이라도 갈까 걱정되네요",810333882,4
2,-1,너무 만족ㅠㅠ 오줌액정도 아니에요,776252302,4
2,-1,블루~ 근데 왜 저는 뾱뾱이가 없나요,769905634,4
2,0,이거 적응하려면 시간이 필요할 듯 합니다,772323818,4
2,0,"평소에는 “아직 쓸 수 있지” 하면서 미루다가, 어느 순간부터는 진짜 스트레스가 되더라고요.",882898085,5
2,-1,버튼 한 번만 꼭 부탁드립니다❤️,878686381,5
2,-1,처음 딱 받았을 때는 디자인이 엄청 바뀌었다,871918568,5
2,3,"물론 이전 세대에 비해서는 빨라졌지만, 타사 플래그십 모델들과 비교하면 여전히 조금 더딘 편이더라고요.",867874988,5
2,-1,멀리 있는물체 엔약한감이 있어요.,849421187,5
2,-1,15프로정도 되면 17일반은 역체감된다고 하더라구요.,848627829,5
2,2,근데 너무 무거워서 오래 들고 있으면 손목이 계속 아프더라고요ㅠㅠㅠ,842479232,5
2,0,나 이렇게 감동 시킬꼬에유!?? ㅎ,787908609,5
2,-1,심지어 17나오기 직전 8월에 고장나서 울며겨자먹기로 16으로 바꾼 친구도 있어요..,786484903,5
2,0,"아쉬운 점이라면, 처음 개봉했을 때 설정이나 백업 과정이 약간 오래 걸렸다는 정도?",784953572,5
2,2,미니도 오래 들고있으면 손목이 뻐근했거든요; ㅠㅠ,784599373,5
2,-1,이거 기존 버튼으로 다시 바꿔주세요ㅠㅠㅠ,834776929,5
2,0,rdquo;라며 놀라더라고요.,834505277,5
2,0,“프로까지 꼭 가야 하나?”,871390129,5
2,-1,그리고 사양은 좋지만 그만큼 활용을 잘 못하는 부분도 있구요.,830585549,5
2,-1,없이 부드럽고 일상 사용 기준에서는 체감 성능이,827564396,5
2,3,차이는 크지 않을 수 있어요,827564396,5
2,-1,하지만 있어도 사용하지 않는 기능이긴해요.,819873055,5
2,-1,2️⃣이번엔 무조건 일반이 정배다!,797146991,5
2,0,같이 주면 좋을 텐뒈...ㅋㅋ,792367737,5
2,-1,경쟁사 대비 무거운 무게는 여전히 아쉬움.,830985505,5
2,-1,"버튼한 번씩만꾹~

부탁드려요",777608672,5
2,1,"흰색의 단점
화이트 백면이라 실리콘이나 플라스틱 재질 케이스 쓰면 때나 오염이 비교적 티 날 가능성 있음",777092388,5
2,3,거의 절반으로 줄어든 베젤..,776341344,5
2,0,프로로 갈까 고민 진짜 백번 했습니다ㅠㅠ,776341344,5
2,1,"손톱 길 때 더 심했던걸로 봐선 터치 민감도가 약간 떨어지는 것 같은데

네일 하시는 여성분들 엄..",776341344,5
2,-1,"꽤나 불편하실지두

그리고 노치를 쓰다가 다이나믹 아일랜드로 오니 상단바를 내릴 때 더 깊숙하게 터치해서 내려야하는 점이 매우매우 불편하고 적응하기 어려웠습니다!!",776341344,5
2,0,심지어 이눔의 아일랜드는 마치 절 놀리듯이 또용또용 거렷죠..,776341344,5
2,0,그래도 쓰다보니 적응은 됐습니다만 제스쳐가 더 커져서 그런지 내릴 때마다 신경써야해서 뭔가뭔가입니다ㅎ,776341344,5
2,3,그래도 가성비 디자인 휴..,776341344,5
2,0,설마 이런 사소한 것 까지 체감이 될 줄이야...!!,776341344,5
2,0,"하하

그 사이에 지른거 맞읍니다",776341344,5
2,-1,근데 이번 17 일반은 얘기가 달라요.,772018118,5
2,-1,"진짜 이건 일반 모델의 반란임 ㅋㅋ

⚡",772018118,5
2,1,주의할 점이라면… 케이스는 꼭 사세요⚠️,772018118,5
2,-1,그런데 이번에는 조금 달랐습니다.,770482685,5
2,0,근데 젤 아쉬운건 업데이트 하고 난 뒤 어플 모양이 넘 아쉬움,823430287,5
2,-1,아예 복사가 안되고 초기버젼의 17을 보고 식겁했었더랍니다,842698894,5
2,1,"가장 걱정했던 외관 상태도 꼼꼼히 확인해 봤는데, 스크래치나 찍힘",883683065,5
2,-1,17프로또한 알루미늄 바디로 기스나 찍힘,835021440,5
2,-1,등에 취약하다는 문제도 요새 많이들 올라오고 있습니다,835021440,5
2,-1,디자인이 진짜 말이 안 돼요,815483242,5
2,-1,호랑이도 제 말하면 온다고 하죠?,815483242,5
2,2,"이번에 바꾸는 것도 무거울거 감안하고 산건데, 걍 개가벼워요ㅜ",813325503,5
2,1,사용하다 문제 생기면 찜찜할 것 같습니다,876675718,1
2,0,제가 시대에 뒤떨어져 뽁뽁이에 집착하는건가요.,867621242,1
2,1,"사유는 Back Glass 들뜸, Back Glass 심한 Scratch, 테두리 스크래치입니다.",876419165,3
2,0,좀더 검색해볼걸 하는 아쉬움이 생겼습니다,863924805,4
2,-1,네 살 아이들은 가만히 있질 않잖아요?,865276961,5
2,3,아쉬운 점은 디자인이 크게 바뀌진 않아서 새 폰 느낌이 살짝 덜한 정도?,876175386,5
2,0,근데 자꾸 이제 보내달라고 소리치는듯하여...,860479278,5
2,2,무게는 생각보다 더 무거워씀,860479278,5
2,0,거의 외계인을 고문해서 만든 수준?,858476800,5
2,0,(농담인 거 아시죠? 찡긋-),858476800,5
2,-1,꾹 ! 눌러주세요⬇️⬇️⬇️,857429093,5
2,-1,"좋은 것도, 당황했던 것도 솔직하게 적어볼게요.",856385797,5
2,-1,문제는 그 다음부터였습니다.,856385797,5
2,2,맨몸으로 쓰기엔 좀 불안하거든요.,856385797,5
2,-1,이거 빼곤 뭐 거기서 거기?,856354545,5
2,0,이게 한시간 걸릴 일인가...,855869605,5
2,0,전체를 한번에 옮기려니까 튕기고 안되고 난리..,855869605,5
2,0,내가 미춌지 방금 삭제했어요!!  ㅋㅋㅋ,855369081,5
2,2,여자 손에는 울트라가 너무 커요 ..,877926785,5
2,1,"기미, 잡티 다 나와서 살발해요ㅠㅠ",879347050,5
2,2,이전시리즈들보다 묘하게 사이즈가 커진것같아서 이점은 불편하더라고요 ㅠ,873361265,5
2,3,무겁고 비싼 모델을 굳이 고를 이유가 줄어든 느낌입니다.,863061629,5
2,-1,케이스를 쓰는 것이 아까울 정도.,876666386,5
2,-1,버튼 한 번만 꾹 눌러주세요.,871855488,5
2,3,이번 S25는 그게 거의 안 느껴집니다.,878816555,5
2,0,"조금 아쉬운 점 (비판적 시각)

​무조건 좋기만 한 건 아니더라고요.",878816555,5
2,3,완성도는 높아졌지만 놀라움은 덜해요.,878816555,5
2,2,그리고 크기가 좀 있어서 한 손으로 쓰기엔 불편할 때도 있다.,880874439,5
2,2,손에 힘이 별로 없는 나는 항상 그립을 사용하는데 횡단보도건너는데 누가 툭 치면 떨어트릴까봐,856030988,5
2,-1,타자치기가 조금 멀어졌어 ㅠㅠㅠ,855564105,5
2,3,알류미늄소재에 너무 가볍고 15프로랑 기능차이가 크게 없다고 하더라구요....?,876396854,5
2,2,저는 손이 작은 여성인데 17은 너무 크네요..,825230354,5
2,-1,근데 사이즈가 커서 자꾸 떨어트려서 걱정이네요ㅜㅜ,825230354,5
2,-1,아무리 s급이라도 무조건 스크레치 있다고 반가격으로 후려칩니다.,852510023,5
2,-1,프로에 블랙이 없으니 일반으로 도망치자 맙소사 블랙이 프로엔 없다.,769847224,5
2,-1,상세하게는 아래의 문제가 있습니다.,811529335,1
2,0,그 와중에 선량한 사람만 피해를 보는 구조네요.,811529335,1
2,0,IT 서비스 관리품질 차원에서 한숨만 나옵니다.,811529335,1
2,2,다리 아프면 그냥 좀 쉬어요,746310067,1
2,1,하지만 한달 사용했을때는 도장 까짐 현상이 발생합니다.,744746443,2
2,1,도색이 엄청 약한건지 제가 뽑기를 못한건지~떨어트린적도 없고 충격 가한적 없는데 외쪽 상단 모서리 부분 벌써 페인트 떨어졌어요,748846855,2
2,-1,이걸로 3년 넘게 써야 하는게 좀 아쉬움.,744674786,3
2,0,현재 제일 불만인 부분입니다,768087540,4
2,1,"얼굴만됐어도 유튜브로 케이스 리뷰해도 될 정도ㅜㅜ
구조가 구조이다 보니 대부분 테이프로 붙이거나 힌지 커버가 안되거나 두껍거나 폰을 다 가리거나 안가리면 부실하거나 그렇습니다.",768087540,4
2,1,앞면 케이스가 없어서 풀커버가 안됩니다.,768087540,4
2,1,"생폰이 진짜 이쁜데 이건 뭐 생폰으로 들고 다니기 힘든구조라서(이유는 바로 설명해드림)
케이스 찾기가 진짜 힘드네요",768087540,4
2,-1,그래서 떨어뜨릴 위험성이 엄청 높아집니다.,768087540,4
2,-1,그리고 어디 놓으려해도 기울어짐이 심하니 이거 떨어질까 엄청 조심스럽습니다.,768087540,4
2,0,미처 생각지못한 부분입니다.,768087540,4
2,1,"얇고 가벼워서 샀는데 무겁고 두꺼운 케이스로
카툭튀를 커버해야하는 딜레마에 빠집니다.",768087540,4
2,0,"3.잘안열린다

이건 알고 샀는데 그럼에도 펼치기가 쉽지 않습니다.",768087540,4
2,-1,디자인과 두께 때문에 포기했구나,768087540,4
2,0,다만  그 감동이 지나고나면 상술한 단점들이 크게 다가옵니다.,768087540,4
2,1,카툭튀 골드색상 테두리 좀 오바고 개취는 아니지만 슬림 투명충인 저한테는 대안이 거의 없음.,768087540,4
2,1,"정정ㅡ
케이스가 너무 얇다보니 끼우다가 금이 갈 정도로 부실합니다",768087540,4
2,-1,"이상은 침.
즉 쨌든 덜렁거리긴한다는 뜻.",768087540,4
2,1,"테이프 부착형이라는게 큰 단점.
ㅡ",768087540,4
2,-1,아버지도 나이를 드셨는지 평생 보이신 적 없는 눈물을 보이시네요 ㅋㅋ..,825948210,4
2,-1,"“이제야 완성형 느낌”
 단점
1. 가격 = 그냥 비정상 1TB 기준 거의 250~300만원대 느낌입니다 
노써치
 솔직히 이게 제일 큰 단점
2. 무게는 여전히 부담 약 215g 수준이라 한손 오래 쓰면 힘듭니다 
노써치
누워서 사용 → 손목 피로 있음",871981458,5
2,-1,그리고 이전의 버젼과는 아주아주 다른점은 !!,838331983,5
2,2,사실 편리함이 있더라도 휴대성이 많이 떨어지는 느낌이 있었다랄까요~?,838331983,5
2,1,"고장나면 수리비가 어마무시 하니 무조건 풀커버 케이스, 보험으로 단점을 보완시키세요!!",838331983,5
2,-1,"버튼
을 꾸~욱눌러주세요❤ ️",826609647,5
2,1,이번에는 전면 필름이 부착이 안되서 오더라구요,814892676,5
2,1,"3. 내부화면&주름 :"" 신경 안쓰임"" 가장많이 들물어보시는주름
(C re as e ).솔직히말해서' 아예없

다' 고하면 거짓말입니다.",805873153,5
2,0,"아무리 좋아도 단점은 분명 존재합니다.

1)",804647422,5
2,3,전작 대비 줄었지만 무게감은 폴드의 숙명.,804647422,5
2,2,장시간 들고 영상 보면 손목 피로감 있음.,804647422,5
2,1,"2) 구김선은 여전히 존재

많이 개선됐지만
완전히 사라진 건 아니고 약간은 보입니다.",804647422,5
2,1,민감한 사람은 거슬릴 수 있음.,804647422,5
2,0,아니 단점을 찾아보기가 더 힘들어지지 않았나 하는 생각이 드네요,794615840,5
2,2,약간 손목이 아픈것 같아요.,773144035,5
2,0,rsquo; 하는 의심이 있었던 것도 사실입니다.,771258257,5
2,-1,"단점

<1. 폴드 구조 특성상 케이스 선택이 어려워요.>
.",768849944,5
2,1,"힌지 부분이 있기때문에(휴대폰 가운데 접히는 부분) 
힌지를 보호하는 케이스를 찾아서 끼워봤더니
접었다 폈다 할때마다 케이스가 밀리기도 하고,,

제 경험상 유튜브, 블로그로 찾아봐도 거의 광고가 대부분이라
아마 마음에 드는 케이스 찾으시려면 열심히 찾아보셔야 할거같아요.",768849944,5
2,-1,"<5. 너무 얇아서 부서질까봐 두려움>
.",768849944,5
2,1,사람도 연골이 닳듯이 기계도 너무 확확 접다 보면 내구성이 빨리 떨어져서 고장날 수 있다는 생각이 들더라고요.,767873897,5
2,0,그런데 언제인지 모르겠는데요,752873876,5
2,0,언젠가 그 기쁨을 알게되실 거예요,752873876,5
2,0,어쩔 수 없는 부분이겠지요?,752873876,5
2,-1,"그런 아쉬움을 확 사라지게 만드는
정도의 기술 !!",752873876,5
2,-1,남편이 신기해 하는 그 기술!!,752873876,5
2,-1,정말 쉽게 부러지지 않을까?,752254479,5
2,-1,생각 할 정도로 매우 얇아 뭔가 좀 불안한 느낌도 있습니다.,752254479,5
2,1,워치 초기화후  새기기에 연결 하셔야합니다,751711020,5
2,-1,참고하세요!!ㅡㅡㅡㅡㅡㅡㅡㅡ,751711020,5
2,1,"이유는 

1)spen이 없다",749513812,5
2,2,너무 쎄게 달라붙어 있고 얇아서 손가락이 잘 안들어가요,749513812,5
2,2,위치가 옆면 아래에 있어 손가락 대기가 부자연스럽고 케이스랑 간섭도 생기면서 손가락 갖다 대기가 불편해요,749513812,5
2,0,민트 포기한 게 아쉽기도 해요,744805061,5
2,-1,근데!! 펼치기가 생각보다 진짜 어렵더라구요,744805061,5
2,-1,"엄지 손톱이 너무 짧으면 잘 안 열리고
케이스 끼우면 더 안 열려서 결국
가운데 손가락 손톱을 살짝 끼워서 열고 있어요",744805061,5
2,0,"이게 은근히 번거롭고, 급할 때는 조금 불편해요",744805061,5
2,0,다 뭔가 조금씩 아쉽습니다.,744640655,5
2,0,"뭐 당연히 들었지만.
실수로라도 한두번 잘못 떨어뜨리면 마음이 찢어질듯 하네요~",744640655,5
2,2,- 본체가 크고 무게감이 있어 장시간 사용 시 손목에 피로가 느껴질 수 있습니다.,837386564,5
2,2,한 손 사용도 확실히 불편한 편입니다.,873750385,5
2,-1,없어도 사는데 지장 없는데 여유있음,795591695,5
2,1,케이스 안끼면 열때 미끄러움,798717870,5
2,0,답답하게 느껴질 수도 있을 것 같아요.,858722590,5
2,-1,"새거 맞는지 의문이..
아들이 머리카락 있다고..",854191817,5
2,2,생각보다 울트라는 폭이 많이 큰폰 이었나봐요,756188793,5
2,-1,5. 저는 전자기기를 하는 유튜버나 전문가가 아니고 일반인의 눈으로 손으로 느끼는 점만 리뷰할수있죠.,744568229,5
2,-1,"단점은 
좀 무게가 있다는게 .....",793193855,5
2,3,전작 대비 현저히 줄어든 무게는,744895983,5
2,-1,무겁다 힌지 잘 깨진다 줄이 간다 발열 심하다,759537553,5
2,-1,떨어지면 우짜지 하는 불안감 엄습.,759537553,5
2,1,붙이는 2단 동그란 고리같은거?,759537553,5
2,-1,그냥 원래 많이 떨어뜨려요..,759537553,5
2,0,"6. 가장 아쉬운 점

역시나......",759537553,5
2,-1,혹시 이러다가.....???,759537553,5
2,0,뭘 바꿨는지는 저도 몰라요 ㅋㅋㅋ,759537553,5
2,-1,"꿀팁공유한

기분으로너무뿌듯하거든요ㅎㅎ✿",779867010,5
2,0,"솔직히 아쉬웠던 단점 (이건 좀...)
​주름은 여전히 주름이다",777670787,5
2,2,특히 누워서 사용할 때는 손목에 힘이 조금 들어가야 합니다.,774286913,5
2,-1,일반 바형으로 보는거랑 별 차이 없어요,812877750,5
2,2,3. 그립감이 각져서 아파요,812877750,5
2,-1,그냥 일반 바형 쓰는거같네요ㅎ,744815646,5
2,-1,폴드 어디까지 발전할것인가~~ 폴드 세 번째.,774531075,5
2,1,"원래기기에 있는 필름위에
부착하면 옆에 다뜹니다",744782446,5
2,2,그런데 그때는 너무너무 무거워서 갖고 다니며 쓰기에 사실 많이 불편했었어요.,836690537,5
2,2,그래서 몇 달 쓰다가 손목 너무 아파서 도저히 못 쓰고 S25로 넘어갔었는데...,836690537,5
2,1,"단점.

1. 케이스 끼우면 역시 좀 무거움.",836690537,5
2,-1,2. 열고 닫는 게 약간 뻑뻑함.,836690537,5
2,-1,"뻑뻑해야 쓰기에 좋은 건 있지만, 여닫는 순간에는 아무래도 힘이 좀 들어가네요.",836690537,5
2,-1,아내도 처음엔 &ldquo;왜 이렇게 색이 다르지?&,772139895,5
2,-1,마음에 딱 맞는 디자인을 찾기가 어렵더라고요.,772139895,5
2,-1,색상은 그레이인데 인기가 젤 없는듯요?,744768390,5
2,3,는 이유로 더 이상 두께랑 무게 감수 안 해도 됨.,744546435,5
2,-1,시간이 지나면 익숙해지긴 합니다.,798822880,5
2,-1,어차피 잘 안떨어뜨리고 잔기스야,744917638,5
2,0,하는 내면의 호통이었습니다.,769702327,5
2,0,다는것도 빨리 닳것같은데...,833636805,5
2,0,당분간은 다시 돌아갈 일 없을 것 같습니다.,756727039,5
2,-1,그냥 무게가 저 이유들 다 이기고요,821575061,5
2,0,대신에  뭐가 뭔지 잘 몰라서 하루종일 폴드 공부만 했네용,745228851,5
2,0,물론 설정에서 강제로 돌려주면 되긴 합니다.,781632652,5
2,0,더 할 수 있는데 다음 세대를 위해 남겨둔 느낌이라 아쉬운 것들이 보였거든요.,746212218,5
2,0,"일렉트로마트를 가면안됏는데 ㅇㅈㅇ 
만져보고 우와...",745494599,5
2,1,단점이라면 얇은게 강점인데 케이스를 끼우면 별로라는거?,748232300,5
2,0,다음엔 망원까지 제대로 넣어 주는건 아니닐런지 ㅎㅎ,747387606,5
2,-1,물건은 정상 작동 합니다!!,779610707,1
2,1,다만 하부 스피커 쪽에 아주 미세한 스크래,823099954,3
2,2,그래서 한손으로 뭘 하기엔 힘들어여.,770610199,4
2,2,"크기랑 무게가있어서 한 손사용 은조금불편했음
.",880683049,5
2,-1,근데 맥스 첨드는데 무게 14프로랑 비슷해요..ㅋㅋㅋㅋㅋㅋㅋㅋㅋㅋ,851775631,5
2,2,"크기 와무게화면
이크고 무게
감이있 어한 손사용시 불편 할 수 있습니다 .",851545567,5
2,-1,"확장 성 제한외장메모리슬롯이 없어
저장 용량선택을구매 시에 만결정해야합니다 .",851545567,5
2,-1,본체가 알루미늄이라서 스크래치에 약하다고는 하던데 ...,847900858,5
2,-1,"남자들은 괜찮을거같아요

❤️",865758291,5
2,-1,또 256GB는 사진&amp;amp;영상 촬영을 많이 하는 사용자라면 몇 년 뒤 부족할 수 있어 이 부분은 구매 전에 고민이 필요합니다.,813764347,5
2,-1,"둘째, 크기와 무게가 사람에 따라 호불호가 있을 수 있어요.",794719782,5
2,3,무게나 그립감에 발전이 있었는지 그런느낌이 별로 없었습니다.,790184663,5
2,-1,"근데 저같은 사용자 입장에서는 충전 발열 좀 있더라도
티타늄이나 스테인레스 쓰고 예쁜게 더 좋은데... 

❤️",787497704,5
2,-1,아니었으면 17프맥 안 샀을겁니다;;,787497704,5
2,0,그 허탈함이란 정말 말도 못 합니다.,785857394,5
2,0,포기하기 싫어서 계속 새로고침하다가 9시 52분쯤 다시 확인했는데 재고가 갑자기 생긴 거 있죠.,785857394,5
2,2,손 작으신 분들은 한 손 사용 힘들 거예요.,777163956,5
2,2,저도 남자인데 한 손으로 쓰기엔 버거워요.,777163956,5
2,2,오래 들고 있으면 손목 아파요 ㅋㅋ,777163956,5
2,1,근데 긁힘은 생길 수 있어요.,777163956,5
2,1,조심해서 써도 미세한 스크래,777163956,5
2,0,"● 아쉬운 점

굳이 말하자면 무게가 좀 나가는 거?",777163956,5
2,3,그리고 16이랑 엄청 차이 나진 않아요.,777163956,5
2,3,혁신적인 업그레이드는 아니에요.,777163956,5
2,0,부모 입장 한마디 솔직히 싸진 않다.,819342305,5
2,0,부모 마음 녹이는 데는 이만한 게 없는 듯.,819342305,5
2,-1,그 두 개만 있으면 진짜 갓벽할거야..,772632393,5
2,2,"손

이

작은 경우 장시간 사용시

부담이될수 있습니다.",838237200,5
2,1,"외관 이슈 걱정했는데
사용 초반부터 지금까지 변색, 벌어짐, 틈 벌림",801923960,5
2,2,크기와 무게가 있어 한 손 사용은 다소 불편했음.,846065873,5
2,1,프레임 특성상 미세 스크래치에 예민할 수 있어 케이스 사용이 필요해 보였음.,846065873,5
2,2,특히주머니에넣고쓰기엔부담스럽네요.,827300505,5
2,2,"단점사이즈가커서한손 으로조작 하 기불편했고주머니 나

손에
들고오래 쓰면 무게가부담 됐음.",847842944,5
2,2,"단점
- 크기와 무게가 커서 한 손 사용이 다소 불편했음.",818365093,5
2,-1,큰 차이는 아니지만 오래쓰면 손목이 아플때는 있네요 ㅎㅎ,816737023,5
2,1,카메라섬 부분 쉽게 나는 스크래,769884283,5
2,3,"빠때리 빵빵 
성능 말도 안됨",770201663,5
2,2,근데 손목약한분이면 진짜 무거우니 프로추천합니다..,798090444,5
2,2,무게가 가벼운 편은 아니라 한 손 사용 시 약간 묵직했음,854873492,5
2,3,기존 모델 대비 체감 변화가 크지 않다고 느끼는 사람도 있을 듯했음,854873492,5
2,0,이미 뇌이징이 돼버렸나봐요ㅎㅎ,797957619,5
2,0,하지만 안심할 수는 없을꺼같아요,797957619,5
2,-1,"알루미늄 재질이라 걱정했는데 케이스씌우고 쓸꺼라 별상관없고,
지금 이슈로 뜨고 있는 핑은 아직 해결이 안된거같아요",797957619,5
2,-1,핑테스트했더니 800후반까지 튀더라고요.,797957619,5
2,-1,/ lte가 끊기는 이슈가 있음 ...,797831118,5
2,1,딥블루예약했다가 상처가 잘난다,777080297,5
2,2,손가락 받치고 사용 하려 하니 15프로 보다 손가락에 전해지는 무게가 상당해서 오래 사용 못하네요,777205613,5
2,-1,- 카메라 배치 디자인은 저번것보다 훨 못해 디자인 실패로 봐요.,769437741,5
2,3,가격에 비해 예전보다 나아진게 없다.,849549859,5
2,-1,"그러다 파손되면 어쩔라고 
다른건 다 만족입니다",770925422,5
2,-1,가격은 그때나 지금이나 비슷해서 모르겠는데 발열 때문에 티타늄에서 알루미늄으로 롤백된건 아쉽네요.,776928402,5
2,-1,티탄늄 프레임은 그대로 충격을 전달해 개 박살니고요..,771088994,5
2,0,생각보다 뇌이징된건지 이쯔네요,767766951,5
2,-1,디자인 이슈는 10년전부터 나왔던 얘기고ㅋㅋ,768004708,5
2,0,5년 차이가 이런건가 싶더라구요 ㅎㅎㅎ,849662847,5
2,-1,뒤로가기 가 현재 제일 난이도가 높네요.,778329760,5
2,-1,부족함에 허덕이며 클라우드를 뒤적이는 시간은 창의성을 갉아먹을 뿐이죠.,874489355,5
2,1,1. 120hz주사율의 부드러움,875617475,5
2,-1,이 부분은 조금 더 신경 써주면 좋겠다는 생각!,876415852,5
2,-1,또 크기나 무게가 아주 작고 가벼운 쪽을 선호하는 사람한테는 적응이 필요할 수도 있겠음.,863092319,5
2,-1,알루미늄바디라 파손이 잘된다느니..,854858966,5
2,0,조금 과하다는 생각이 들더라구요ㅜㅜ,818462922,5
2,1,"아쉬운점

 라벤더색상이 예쁘지만케이스를

씌우면 티가덜 나서투명 케이스가사실상필수느낌 이에요 .",796221593,5
2,1,"프로는 코팅과 무늬가 완전 일치 하던걸 보면
기본모델만의 문제일지도 모르겠습니다",820373412,5
2,-1,"2)기본저장
공간 제한 저장용량 이작
은모델선택 시용량부족 느낄 수 있어요.",832668727,5
2,-1,17쓰다가 12프로를 쓰면 답답해요,781551219,5
2,-1,아 근데 이건 진짜 개선해주세요,781551219,5
2,-1,아이들 뛰어다니는 모습도 흔들림,831134875,5
2,0,뽁뽁이하나로만 감싸져와서..,833470314,5
2,-1,위에만 덮어두면 무슨 소용입니까,778016770,5
2,-1,요즘 중학생들 진짜 부럽더라고요.,842039461,5
2,-1,120헤르쯔 경험하니까 다시 미니로 돌어가기는 쉽지 임ㅎ,811978717,5
2,0,또 왔다갔다 하면서 드는 시간은 어쩔거냐고요,816607145,1
2,-1,심지어 하나는 바람도 빠져있네요.,871572724,1
2,-1,다른후기보니 뾱뾱이로 칭칭 감아 놓으셨던데,871572724,1
2,3,실물은 좀 실망 기대보단 실물이 좀 실망.성능도 잘모르겠음,753888803,3
2,-1,플립 입문자는 추천하지만 플립6 유저는 사지마시오...,773521689,4
2,2,그리고 생각보다 화면이 너무 크고 무겁습니다.,836506175,4
2,0,아우 속상해 a.s센터는 또 언제다녀와야할지 짜증난다,744622356,4
2,0,이거뭐...재대로 보호가 됏나 싶네요;;;;;,746997252,4
2,1,"접히는 부분 울퉁불퉁 한것이 싫어 집에서는 펴놓고 썼는데
십일정도 썼을까 그 부분이 들떠서 ㄱ접히는 가운데를 누를 때마다 쩍쩍 소리가 남.",846251214,4
2,0,"금방품절이고 ㅡ멘붕
어찌해아될지모르겟네요",748459128,4
2,-1,근데 - 저 만해도 그 기능을 다 사용하지 않아서 아까울(?)때가 많아요 ㅎㅎ,859884422,5
2,0,이건 좀 아쉬워... (디테일한 단점),829631320,5
2,1,"액정 필름 먼지 끼임: 이건 케바케긴 한데, 힌지 쪽 미세한 틈으로 먼지가 아주 조금씩 자기 집인 양 자리를 잡아요.",829631320,5
2,1,저흰 냥집사다 보니 특히 두부모래 가루가 더 끼이는 것 같아요.,829631320,5
2,1,성격 예민하신 분들은 면봉 들고 수시로 닦아줘야 할지도?,829631320,5
2,1,너무 작고 더 가벼워져서 박살나기 쉬우니 보험 가입과 케이스 장착은 필수입니다.,829631320,5
2,0,특유의 감성을 줄곧 믿으며 사용했지만 지금은 전혀 아닙니다.,794431227,5
2,0,요 이것도 요즘엔 다그러니.,818162821,5
2,0,하지만 이것도 많이 쓰다 보면 또 생기겠죠.,773400188,5
2,1,접히는 구조라서 “내구성이 괜찮을까?”,766404990,5
2,-1,"그리고 플립을 펼치면, 끊김",761955693,5
2,-1,버튼 한번만 눌러주시길 부탁드립니다❤️,756300850,5
2,3,성능은 좋은데 디자인적으로 맘에드는 포인트가 없달까여..,750758013,5
2,-1,이런 부분에 대해서 잘 모르시는 분도 많을 것 같애요.,750758013,5
2,2,너무 무겁고 주머니에도 잘 안들어가고..,750058165,5
2,-1,플립은 아무래도 그정도의 힘으로 열수는 없더라고요.,750058165,5
2,-1,3. 생각보다 불편한 lte.,750058165,5
2,-1,케이스 끼우는 게 아까울 정도입니다.,746972865,5
2,1,안쪽은 필름이 붙어 있다고 하는데 밖에있는 부분은 필름이 안 붙어 있고 기존 보다,746282348,5
2,-1,그런데 공개되고 색상때문에 낙심..ㅠ,746165602,5
2,-1,3년동안 잘 사용했는데...,745205222,5
2,0,내 인생만 제자리에서 머물렀나봐...,744572826,5
2,0,이부분은 역시 아쉽긴합니다~~~,789547766,5
2,1,플립 첫경험/ 단점!너무뜨거워 아스팔트다!,745553289,5
2,1,"아쉬웠던 점 & 주의할 점

✔️힌지(접히는 부분) 관리 필요 
:  접고 펴는 횟수가 많으면 가끔 “이음새” 느낌이 느껴져서,
너무 거칠게 다루면 오래 못 갈까 걱정됨.

✔️",809680229,5
2,0,당분간 취침이 늦어지겠어요~,745415042,5
2,3,아무리 플립 사용자들이 기능보다 디자인을 중요시한다고 해도...,755403556,5
2,-1,외부액정이 커져서 더 심해졌는지도 모르겠습니다.,755403556,5
2,1,그리고 전면화면 베젤이 얇다보니 케이스들이 다 별로예요...ㅋㅋㅋ,755403556,5
2,1,디자인도 뒷판에만 들어가야 하다보니 예쁜 케이스 찾기가 하늘에 별따기 예쁜 정품케이,755403556,5
2,-1,좌우 뒤로가기 신세계입니다..ㄷㄷ,770617416,5
2,-1,사진작가도 아니고 일상생활에서 차고 넘치게 쓸 수 있습니다(역체감이 있을뿐),770617416,5
2,2,남자들은 바지에 넣으면 바지가 살살 내려가요 ㅠ,797015392,5
2,0,저는 이게 제일 큰 단점이였습니다,797015392,5
2,-1,그걸 잊을 정도로 디자인이 마음에 드니 패스!,802627796,5
2,2,여자 손에 한 손에 안 들어오기도 합니다.,748066947,5
2,0,"- 음,,, 없,,,,, 한달반 넘었는데 아직 모르겠어영
- 아 !",760466053,5
2,1,"블특성

상약간 더신경써야 합니다.",788085171,5
2,3,다양성도 모자르고 색이 촌스러워요,747620340,5
2,-1,"내구성주의•Re ddit  후기
 기반으로보면
	과거플립 모델일부 는힌지및접히 는화면부분에서 오랜기간사용후 문제를겪 었다는사례 가보고되기 도했어요 —",835332808,5
2,-1,앱등이 졸업 감사합니다❤️❤️,745953607,5
2,-1,플립은 접었다폈다 하기 불편하다,744577581,5
2,0,살짝 떨어트리기만 했는데 as를 몇번했는지 모르겠다는 등등..,744577581,5
2,-1,도대체 색상 누구 취향으로 낸건가요,747359552,5
2,-1,이건좀더 연구하고 공부해야댈거같아요,748135115,5
2,0,셔서 ㅠㅠㅠ 삼성카드 괜히 만들엇어요,795573104,5
2,1,"근데 전면필름도 없고, 혹인 닦는",821163382,5
2,1,투명케이스로 인해 좀 부담스러운 형광끼?,754754938,5
2,3,걱정했던 힌지는 체감되지 않아요.,746388246,5
2,3,솔직히 플립 폴드라인은 성능 버리고 편리성땜에 사는거라 솔직히 플립이랑 폴드는...성능 좋아져봤자 s22울트라보다 못하잖아요ㅎㅎ,804129316,5
2,3,"ai > 이거야말로 있으면 좋지만 없어도 그만인 기능
❓카메라 > 성능만 좋아지면 뭐함.",857525641,1
2,3,뽑기실패 프라이버시 디스플레이가 사전예약기간에 체험한거보다 품질이 안좋은거같아요,855881377,1
2,0,"재시작도 할수없고 짜증나네ㅛ
하필일요인에 이런일있으니",856660108,3
2,1,케이스 없이 바닥에 내려놓았을 때 수평이 맞지 않고 렌즈 주변에 먼지가 끼기 쉽습니다.,879979567,4
2,3,좋긴 하지만 드라마틱하게 바뀐게 없는더 비싸다.,855868115,4
2,-1,기능이 꼭 필요한거 아니면 굳이라는 생각이드네요 ㅠㅠ,856189021,4
2,-1,케이스로 커버하기도 벅차네요 ㅠ,881546811,4
2,3,생각보다 되게이쁘진않고 뭔가 잡다한 기능이 많아서 기대보단 쏘쏘인것같은 느낌임,858053398,4
2,1,"더블스토리지 때문에 예약구매 했지만 
디스플레이 이슈때문에 걱정입니다",858288890,4
2,-1,또 기본 사용자에게는 성능이 과하게 느껴질 수도 있습니다.,882181588,5
2,2,무게는 솔직히 가볍진 않아요.,875095774,5
2,-1,빠른 속도로 달릴때나 험한 산길을 걸ㅇ르때 흔들림,874852502,5
2,-1,추가적으로 곡률이라고 해야 할까요?,861064660,5
2,-1,세상에 완벽한 물건은 없어요~,861064660,5
2,0,지지리궁상(?) 이제 좀 내려놓기로 했습니다ㅎㅎ,860677813,5
2,2,오래 쓰면 손목 아플 것 같아요…,860573287,5
2,-1,그거 말고는 깔데가 없네요.,860573287,5
2,3,"5.  나에게는 과분한 성능, 딱히 고성능 필요하지 않음",859602545,5
2,2,지하철 타는 시간이 깁니다.,860243569,5
2,-1,"팝업에만 부분 적용도 됨!

✔️",858549774,5
2,1,렌즈 보호 필름을 붙이거나 단차가 있는 두꺼운 케이스를 안 씌우면 렌즈에 기스 날까 봐,858549774,5
2,2,그래서 한 손으로 사용할 때 약간 불편하게 느껴질 때가 있습니다.,858310450,5
2,-1,예전에 아이* 쓴적있는데..,858126637,5
2,0,진짜 답답해서 못쓰겠더라구요,858126637,5
2,-1,지금은 어떤지 모르겠지만 몇년전이라. ㅋ,858126637,5
2,-1,"화이트가 이쁘긴 이쁘네요 
근데 케이스 씌울꺼라서..",858126637,5
2,-1,테이블 위에 두면 살짝 흔들림 있어요,857622172,5
2,1,케이스 없이 두면 흔들림 느껴질 수 있어요.,857622172,5
2,0,그래서 지금 쌩폰이 상태입니다..,857534669,5
2,3,보통 혁신적인 기술이라는 것들은 대부분 쓸모 없는 기능들이 많았거든요.,857352152,5
2,-1,그렇다고 성능이 빠지는건 아니지만 사골이라고 욕먹는 분위기더군요.,856191998,5
2,0,"아쉬운 점
무게가 좀 나가요.",856011507,5
2,1,평평한 곳에 그냥 두면 덜컹거리는 느낌 있어서 케이스 없이 사용하기는 어려울 것 같음.,855488014,5
2,-1,"버튼
한번씩 꾸욱 부탁드려요♡",855490005,5
2,2,장시간 한 손으로 들고 영상을 보거나 통화를 하면 손목에 살짝 무리가 오더라고요.,879255594,5
2,2,내꺼가 오래되서 너무 무거웠음,858137887,5
2,-1,더 커졌다고하는데 체감상으로는 그리 느껴짐,855292697,5
2,1,필름을 한번 바꿔봐야겠어요..,856937869,5
2,-1,"·｡도움이되셨다면₊·

—♡도움이 돼요♡",855957937,5
2,2,무게도 아이폰 미니 쓰다 보니 생각보다 엄청 무거워요...ㅠㅠㅋㅋㅋ,857968498,5
2,0,일일이 수동으로 다 입력 해야 되네요...ㅠㅠ,857968498,5
2,2,무게는 생각보다 무겁고 커요! +,855612763,5
2,2,그리고 생각보다 얇지도 가볍지도 않아요^^;;,857980300,5
2,2,오래 사용하면 무게감 느껴집니다.,875017507,5
2,0,하루 82 온 나의 쌔폰 와...,855273069,5
2,1,액정필름이랑 케이스보다 먼저와버려서 아직 제대로 설정도 못하겠어요,855221622,5
2,2,200g 넘어서 손목 부담 약간 있음,878337204,5
2,1,- 막상 케이스끼면 안보이는건 함정입니다,858579462,5
2,-1,성능은 세대 차이가 크게 체감돼요.,855786150,5
2,-1,"어쩌다보니  너무오래쓴ㅋ
바꾼다 바꾼다 하면서..",874877800,5
2,0,저에겐ㅋ 그리 이렇게까지 이금액에?,874877800,5
2,1,카툭튀 심하니까 케이스랑 보호필름 미리구매하세요.,855650395,5
2,2,"아쉬운 점: 누워서 쓰기엔 여전히 묵직한 무게감

아무리 그립감이 좋아졌어도 울트라 특유의 묵직함은 어쩔 수 없나 봐요.",864241544,5
2,-1,자기 전에 누워서 게임을 하다가 얼굴에 떨어뜨릴 뻔한 적이 한두 번이 아니에요.,864241544,5
2,-1,"접히는 감성도 좋았지만, 울트라는 그냥 전반적인 완성도가 다르네요.",877733537,5
2,0,안되는 곳 찾기가 더 힘들죠.,857728040,5
2,1,** 케이스는 따로 사야해요,858759863,5
2,3,"체감
상 인식률도이전 보다 약간떨어지는느낌이들었 습니다.",860553233,5
2,-1,버튼 한 번만 부탁드립니다!,856294141,5
2,3,"7. 아쉬운 점

솔직하게 말하면:

가격 상승 (체감 큼)

디자인 변화 거의 없음",861598600,5
2,0,가끔 릴스에 일본 베이킹쪽을 보다보면 너무 귀여워서 따라 만들고 싶은 것들이 있는데 뭐라는거야?,857285595,5
2,-1,이거 말고는 대부분 문제가 없긴한데...,856780795,5
2,1,"카툭튀가 심해서 케이스 선택시 참 불편감이 심하고,
두께가 심한 케이스는 25W 무선 충전에 문제가 있어보이고..",856780795,5
2,1,케이스를 구입하려면 이렇게 기다려야 하는게 조금 불편하네요.,856780795,5
2,-1,(작은차이가 불편함을 만드는 경계에 있습니다),856578704,5
2,-1,과격한 움직임은 좀 거슬릴수있습니다,856578704,5
2,-1,초기 설정부터 기본기능이 많은데 off로 설정되어있는것이 많습니다.,856578704,5
2,-1,그만큼 호불호 갈릴 기능들을 알아서 판단하셔야합니다.,856578704,5
2,0,(비교적 안좋은거지 들을만 합니다),856578704,5
2,2,그렇다고 손에 떨어질 정도는 아니지만 왼손잡이들은 많이 불편할것으로 보입니다,856578704,5
2,1,"맨날 지문 묻어있어서 닦아줘야 하는데

4. 무겁다",855703316,5
2,1,어차피 기스 많이 난다고 하니 걍 씀,768934458,1
2,1,"암튼 안지워지는 것들이 묻어있어요,",783414201,1
2,-1,뽁뽁이도 한 겹 감을거면 왜 감는건지,779117804,1
2,0,옆에 뽁뽁이는 그냥 넣어진거지,820005214,1
2,0,뽁뽁이가 그렇게 아까우세요?,807289257,1
2,-1,새벽이라는 단어를 모르시나요??,784481817,1
2,0,이것도 다 상품 가치에 포함되는건데 기분이 너무 나쁩니다,854246555,1
2,0,"밖스는 찟어져있고, 뽁뽁이는 옆에만 ㅋㅋㅋ
어이가 없어서 웃음만 나오네요",771594436,1
2,1,바닥에 굴린느낌.. 모서리 하나는 좀 눌려있었음.,824202604,3
2,0,비싼건데 엄청 당황스러웠어요,883364066,3
2,-1,"업데이트문제같은데 업뎃문제면 하지마시고
찾아보니 17 다들느리다네요..",780761428,3
2,1,미세하게 스크레치 난곳이 있네요,777368508,3
2,-1,역대급으로 못생겻다 ㅜㅜ 디자인은 최악이네요 ㅜㅜ,780366773,3
2,-1,성능은 말 그대로 과하다 싶을 정도다.,869160765,4
2,3,성능은 일상용으로는 과분할 정도입니다.,835093360,4
2,1,"2. 스크래치취약부위특히“플래토”부분 모서리쪽이나테두리부분이 스크래치나도색 손상에 상대적으로 

약하 다는사용자/분 해보
고있 음.",771006806,4
2,-1,"4 .수리성/ 부품가용성수리 는가능 하지만분해복구가 쉬운구조 는아니고 ,일부부품교체가 복잡하다는 평가일부있음 .",771006806,4
2,-1,"전 일반 사람 입니다.

✅",796856242,4
2,3,기대했던 만큼의 프리미엄 감성은 부족한 듯.,768888210,4
2,-1,요 뽁뽁이에 감싸져 온 것도 아니고 위에 얹어서 옴 ㅋㅋ...,793028491,4
2,-1,블루색상도 어울리는 케이스 없음..,847197692,4
2,1,일주일 쓰니 기스나서 에스가려해요,783804234,4
2,-1,그리고 기본 기능만 쓰는 분들은 성능이 다 체감되진 않을 수도 있어여...,882245178,5
2,3,디자인 변화가 크지 않아서 새 제품 느낌이 덜한 점도 조금 아쉬웠어요.,880311059,5
2,2,"조절을 하거나 누를 때, 찰칵 용도로 사용시 손가락 힘 조절이 어려워 구도가 살짝 틀어질 때가 있더라구요.",875467474,5
2,-1,"그래서 말인데, 집이라고 안보일거라고 생각하고 
빤스 차림으로 돌아다니면 안되겠다... 
라고 생각 했어요.. ㅇㅅㅇ",873013603,5
2,1,코뼈부러질수 도있 으니미리조심 합시다,873013603,5
2,2,"래들다가 새끼손가락변형많이 되니, 프로하시는 분들 은. ..",873013603,5
2,-1,"그러다가
흰색부분 때많이 탑니다.. .!!",873013603,5
2,-1,"미끄러워서떨어뜨리면진짜크게  
깨질것 같은 느낌이에요",873013603,5
2,-1,"너무자주꽂 으시는 
분몇계시죠?",873013603,5
2,-1,"생각 보다많이감가가 
되고, 업체마다다다르 겠지만 ,평균 이 ,사이클횟수가4까지

는감가가없다고하더라구요",873013603,5
2,-1,"물론앵그리
버드정도 하지만 요",873013603,5
2,0,아 이런맛에 돈을 버나 싶습니다,869644831,5
2,0,괜히 아이마음에 상처만 준거 같아 미안한 마음이였네요,869644831,5
2,3,"그런데 솔직히 말하면, 케이스 끼우는 순간 이전 모델이랑 큰 차이 안 납니다.",869140507,5
2,1,카툭튀는 여전해서 바닥에 내려놓으면 덜컹거리는 게 꽤 신경 쓰입니다.,869140507,5
2,3,수준의 감동은 솔직히 없습니다.,869140507,5
2,2,침대에 누워서 한 손으로 오래 쓰다 보면 새끼손가락이 저려와요.,869140507,5
2,-1,성능이 부드럽고 안정적이에요,858945349,5
2,-1,"스펙이 조금 과하게 느껴질 수도 있을 것 같아요.
•",876471617,5
2,-1,"색상이 다양하지 않아서 선택하는데 좀 고민이 됐는데 
왜 화이트 색상은 없을까요..??",860102592,5
2,2,"한 손으로 쓰기 버거울 때도 있고, 오래 사용하면 손목에 무리가 갈 수 있어요. 주머",853673003,5
2,1,케이스 없이 바닥에 놓으면 렌즈가 긁힐까 봐 걱정돼요.,853673003,5
2,-1,그리고 후면 가스레인지???,848475788,5
2,0,결국 1주이상 걸리긴 했지만 운이 없었던걸로..,846508323,5
2,3,사용법이 변하지 않아 적응할 필요가 없다는 뜻으로 받아들여야하는건지.. ㅎ,843896198,5
2,-1,쓰다보니 이마져도 그냥 무뎌지긴 합니다.,835004585,5
2,1,"넓은 부분이 
붙어서 때기도 어렵고 모든 제품이 그런건 아니지만 워낙 붙은 면적이 넓어서 그런가 붙이 자리레 접착된 얼룩이 
보입니다.",835004585,5
2,1,"당연히 커버를 사용하지만
언제 생긴지 모르는 상처가 종종 생기더라구요.",835004585,5
2,2,가볍 게쓰는느낌은아니 었음 .,880687397,5
2,0,어차피 답은 정해져 있어요.,854314659,5
2,-1,케이스 끼우기 아까울 정도예요….,828919967,5
2,-1,그런데!!! 아니 이게 무슨 일일까요...?,828352394,5
2,2,프로맥스는 이거보다 더 무겁다는 얘긴데 사용하시는 분들 손목 조심하세요...,828352394,5
2,-1,그리고 누워서 보실때도 조심하시구요....ㅠㅠ,828352394,5
2,0,하는 소소한 후회는 있습니다ㅋㅋ,827451739,5
2,2,장시간 한 손으로 사용하거나 사진을 많이 찍다 보면 손목에 부담이 느껴질 수 있음.,825083704,5
2,1,케이스까지 끼우면 더 무거워져서 이 부분은 확실히 단점으로 느껴짐.,825083704,5
2,1,가장 먼저 신경 쓰였던 건 외관 상태였다.,823656486,5
2,-1,17은 참자 하고 맘먹었는데...,822539778,5
2,0,자기들도 바꿔달라하는데.. 휴.. ㅋㅋ,822539778,5
2,-1,이게 은근히 일상에서 체감이 큽니다.,822317379,5
2,-1,평평한 곳에 두면 덜컹거리는 것도 여전하고요.,818948387,5
2,-1,"티타늄이 아니라 알루미늄이라 
스크래치에 약할까봐",808842713,5
2,-1,진짜... 표현을 잘 못하지만 좋아요ㅠ,808424203,5
2,-1,알루미늄이 스크레치에 예민하고 떨구면 바로 휘고 뜨고 특히 찍힘에 취약하다고 알고있어요,808424203,5
2,-1,크기는 확실히 적응 필요합니다.,859831888,5
2,-1,"25
	6	GB용량:사진·영상 저장시여유가커서 스트레스없 음5. 아쉬웠	던	점• 가격대가 높은편 이라가성비를중시하는 분들께
	는	부담 •무게 감이있 어장시간 한손 사용시 피로감 있음",816543772,5
2,-1,"17프로 의제일
큰아쉬움은아무래도
	알루미늄소재 로바뀐것이지요ㅠㅠ",816543772,5
2,1,긁힘 에예민한 편이라정말조심히	써야할거같아요,816543772,5
2,-1,케이스 씌우기 아까울 정도예요.,791286797,5
2,-1,첫째가 요즘 사춘기 예행연습 중인지 툭하면 삐져서 방 구석이나 소파 뒤에 숨어요.,790428526,5
2,-1,둘째는 완전 개구쟁이라서 잠시도 가만히 있질 않아요.,790428526,5
2,-1,아이들 어릴 때 순간순간이 다시 안 오잖아요.,790428526,5
2,-1,"14 프로 쓸 때도 좋다고 생각했는데, 지금 보니까 14P는 색이 가끔 과하게 올라가거나 샤픈이 좀 인위적이었구나",789128866,5
2,-1,"여행 가거나 결혼식장, 공연장 이런 데서 차이 더 날 듯.",789128866,5
2,0,그 전에는 느리다고 생각한 적은 없는데..,787095394,5
2,0,또 초기 설정과 데이터 이전에 시간이 좀 걸린 점은 아쉬웠어요.,785639743,5
2,-1,그때부터 슬슬 바꿔야 하나 고민이 시작됐어요.,782921873,5
2,-1,케이스 씌우기 아까울 정도예요.,782304138,5
2,0,4. 유일하게 아쉬운 점...,782304138,5
2,-1,3년째 이 알약 디자인을 보니 좀 지겹습니다.,782304138,5
2,2,바지 주머니에 넣어놓으면 바지가 축 처지더라고요.,776766321,5
2,-1,"써보기 전까지 확대하면

그래도화질 깨지겠지?",775205946,5
2,-1,무거운무게 는적응되 지않음⭐ ️,775205946,5
2,1,"케이스 필수+그냥
핸드폰무게가무시할수없습니다.",775205946,5
2,3,절대 작년 16프로보다 너프된게 아닙니다...,774694402,5
2,-1,:..: 바꿔서 나쁠게없네요,814088979,5
2,-1,"주의사항/
1. 알루미늄 유니바디.",772537646,5
2,1,스크래치가 잘 나는거 잘 아시죠,772537646,5
2,-1,그렇게 어려운거 하지 않는 일반인이라 ..,772537646,5
2,2,4. 좀 무겁고 가격대가 있는것.,772537646,5
2,-1,근데 그 딱1가지가 나에겐 너무 큰 부분이였어요.,772199829,5
2,0,그래서 세이지(녹색)을 봤은데 정답은 세이지였음.,772199829,5
2,0,"아쉬운점 •무게는확실히있
	어요.",769254567,5
2,1,케이스도 뻥 뚫려잇어서 좀 불안해요 ㅋㅋ ㅠ,768746984,5
2,2,"단점 / 아쉬운 점

무게 & 그립감
Pro 버전 자체가 크고 무거움.",768563514,5
2,2,손이 작은 편이면 한 손 조작이 꽤 부담됨.,768563514,5
2,2,주머니에 넣고 다니면 좀 묵직한 느낌. 케이스 씌우면 더 무거워짐.,768563514,5
2,3,예전과 달리 사전 예약이 미달일 정도로 확실히 예전만큼의 인기는 체감되지 않았습니다.,768470581,5
2,2,"오렌지가 레전드입니다, 색은예쁜데 17프로 무거워요 ㅠ",767680129,5
2,-1,그리고 15프로에 비해 확실히 무거워요 ㅠㅠ,769593577,5
2,-1,디자인으로 왜 욕먹는지 모를 1인...ㅎ,791842687,5
2,-1,"홀수는 실험작이고
짝수가 찐이라는 말이 있던대",770446944,5
2,0,그때까지 못 기다리겠더라고요ㅜㅜㅜ,770446944,5
2,-1,"버튼 
한번만 부탁드릴게요~",836704932,5
2,-1,결론은 그냥 문제없이 잘 사용하고있긴한데요,829779295,5
2,-1,"아쉬운 점
✘ 가격이 꽤 센 편이라 고민 많이 했던 건 사실
✘ 무게가 가볍진 않아서 한 손 장시간 사용 시에는 조금 묵직
✘ 고사양 덕분에 설정을 이것저것 만지다 보면 배터리 빨리 소진될 때도 있음",834263855,5
2,-1,호불호가 있을 수 있습니다.,837838871,5
2,2,"단점

무게감이 있어 오래 들고 쓰면 살짝 부담됨!",767713570,5
2,0,이젠 제 손에서 떨어진 게 죄라면 죄죠...,809296042,5
2,-1,꿀팁 방출! (긴급 상황 대비),809296042,5
2,-1,"일부 리뷰 에서는알루미늄백 이긁히거나스크래치가

쉽게 생긴다는지적이 있습니다
	.	•",793986196,5
2,-1,"즉	,업그레이드 체감은사람마다달라요.",793986196,5
2,-1,그냥 두면 살짝 덜컹거리거든요.,773354899,5
2,2,진짜 프로맥스는 사는게 아님.,767430504,5
2,-1,약정 너무 길고 지겹고...,861492537,5
2,-1,버튼 한 번만 부탁드립니다!,861492537,5
2,-1,처음 공개됐을때 디자인 별로여서..ㅋ,780646589,5
2,0,이런건 점점 멀어지는거 같아요.,859672410,5
2,-1,하는데 17프로는 그냥 띡하고 바로 찍히는?,769544228,5
2,-1,"한번만 부탁드리겠습니다.


+",769544228,5
2,0,"아직도 쓰는 사람이 있다는 게 신기할 정도로 버텼는데, 솔직히 말하면 더 이상은 무리였어요.",827110929,5
2,0,XS에서 바로 갈 필요는 ‘필수’는 아니었어요,827110929,5
2,-1,XS 에서넘어오면체감차이는매우큼✔️,827110929,5
2,2,"손

이

작은 경우 장시간 사용시

부담이될수 있습니다.",838238066,5
2,-1,알루미늄 이라 흠집이 정말 잘 나긴 합니다,792390072,5
2,1,"액정필름을 붙히다 액정필름 가드 커버를 씌우고 뺐는데
양쪽에 흠집이 생겼어요 ㅋㅋㅋ",792390072,5
2,-1,그리고 소재가 알루미늄으로 바뀌면서 기스나 찍힘에 너무 취약합니다.,834269640,5
2,1,"생폰으로 쓰기에는 확실히 불안하고, 특히 카메라섬(Plateau) 테두리 부분이 날카롭게 마감되어 있어서 이 부분이 긁히거나 도색이 나가는 게 눈에 잘 띄네요.",834269640,5
2,0,"아쉬운점1 .

무게 감이좀있 어요.",787299775,5
2,2,"솔직히
한손으로오래들면손목이아파요.",787299775,5
2,-1,얼굴에 떨구면 아프긴 하더라고요 ㄹㅇ,803205874,5
2,-1,스크래치 취약성: 알루미늄 프레임은 티타늄보다 스크래,777017591,5
2,1,"치에 약해 케이스 필수.
•",777017591,5
2,2,"단점
기기 무게가 약간 묵직하게 느껴졌다는 의견이 있었음",847843673,5
2,2,"다만 무게가 조금 있는 편이라 한 손으로 오래 들고 있으면
손목에 부담이 느껴질 때도 있어요",824057348,5
2,-1,이제는 과거의 프로 모델 디자인들이 오히려 어색하게 보일 정도 입니다,794794574,5
2,1,그리고 하드 케이스를 사용하는데 그냥 뺐다 꼈다 하는 정도로 하단이 약간 찌그러져있더라구요...,809432678,5
2,-1,알루미늄 바디라 해도 내구성이 진짜 너무 안좋네요.,809432678,5
2,0,왜 이슈 됐는지 단번에 이해 됨...,809432678,5
2,-1,알루미늄 바디라 티타늄 바디에 비해 스크래,769572883,5
3,0,아이폰 17 정말 실망입니다,864032593,1
3,0,"나도 변한게 없내요


1. 디자인
언제까지 이 디자인 고집할건지 배짱 장사 지겹습니다
17프로 디자인은 도저히 아닌거 같아서 17 샀는데
디자인 혁신은 더이상 애플에게 기대하긴 어렵습니다",864032593,1
3,0,"제품이 마음에 드는건 아니에요, 100 넘게 주고 사는데
불량 검수도 소비자가 해야된다는것도 신물나고 이 다음에
휴대폰 구매는 정말 삼성 브랜드로 가야겠단 생각이 굳어져요",864032593,1
3,0,"아이폰12프로 살 때나 아이패드 살 때도
이 정돈 아니었던 것 같은데
심각하네요",770391402,1
3,0,셀룰러 이슈 및 블루투스 연결이 자주 끊김,791333778,1
3,0,뭔 140짜리 폰이 lte 레이턴시가 이모냥.. 이슈있으니 확인하고 구매하세요.,791219584,1
3,1,근데 음성사서함에 25년꺼가 있는게 전에 누가 사용했던건가요..?,852915416,1
3,0,볼륨 높이기/낮추기 버튼이 사용하자마자 고장났습니다,847856843,1
3,0,아이폰 박스 안쪽에 시커먼 지문이.. 20년째 여러 아이폰 사용중이지만 이런 경우는 처음이네요,805502872,2
3,0,유심이 안뽑혀 내일 as갑니다 ㅜㅜ,871866886,2
3,0,데이터이동 실패!!!실패!!!!,849373441,3
3,0,열어보니 아이폰 오른쪽 모서리쪽에 작은 실기스가 있습니다.,775651181,3
3,0,핸드폰에 이상한거만 잔뜩 넣어놓고 가격만 올라가는 느낌이랄까요?,857829408,3
3,1,완충해두고 사용을 거의 안하는데도 배터리가 금방금방 빠지네요,857829408,3
3,1,"12시간 지나면 7~9%정도 떨어지던데
SE 초기모델보다 배터리 상태가 안좋은듯",857829408,3
3,0,만원짜리 시켜도 뽁복이 오던데 핸드폰에도 뽁뽁이 넣어주세요,794722656,3
3,0,"우선 첫번 째로 받은 상품이 멈추는 증상이나 화면 먹통이 좀 있었어요

어플이 들어가지지를 않는다거나
로딩화면이 뜬다거나
어플 들어가서 핸드폰이 잠깐 10초정도 멈추는게 있었어요",845608840,4
3,0,"처음 핸드폰을 받아 마이그레이션을 했을 때 부분적으로 안가서
초기화 하고 마이그레이션을 다시 했어요..",845608840,4
3,0,"분명 업데이트도 하고 새 폰이였고 그랬는데 왜인지 모르겠고
첫날 사용하는데 좀 버퍼링이 걸렸어요ㅠㅠ",845608840,4
3,0,페이스 아이디 관련(사진 올렸습니다. 참고),781693722,4
3,0,전화(사진 올렸습니다. 참고),781693722,4
3,0,전화 - 알 수 없는 발신자 스크리닝 - 안 함,781693722,4
3,0,통화 중 상대방의 목소리가 간헐적으로 찢어지거나 지직거리는 소리로 들리는 현상이 발생했습니다.,830954093,4
3,0,또한 음악이나 영상 재생 시 볼륨을 크게 올리면 상단 스피커에서 소리가 약간 깨지거나 왜곡되는 현상이 나타났습니다.,830954093,4
3,0,"폰을 오랜만에 바꿔서 잘 모르는건지 마지막 기억이 매장이라
이어폰하고 다 들어있던거같던데

아무튼 튼튼하고 오래쓸수만 있으면 상관없으니
매장가서 칩?",860375797,4
3,1,폰의 문제인지 자동차의 문제인지 개선이 필요할듯 합니다,875651753,4
3,1,왜 베터리 성능 로딩화면만 뜨는지 궁금함 낫벳,832773776,4
3,1,"3.충전 속도
여전히 30W 내외의 속도라 성격 급한 한국인에겐 풀 충전까지 시간이 조금 더디게 느껴질 수 있음.

✅",878686381,5
3,1,에어는 얇지만 그만큼 배터리가 빨리 닳을 수 있습니다.,878686381,5
3,1,핸드폰 잠깐만 써도 배터리 70..60..50퍼 ...,875277464,5
3,1,"오후 4시만 되면 배터리가 30퍼가 다 되어가서 충전기, 보조 배터리 없인 돌아다닐 수가 없게 되었고 핸드폰도 슬슬 너무 느려져서 이대론 안되겠다 싶었습니다.",875277464,5
3,1,보내줄때가 된건지 배터리 성능이 78퍼여서 그런지 외출하기 무서울정도로 중간에 꺼지곤 했어요ㅠㅠ,874939027,5
3,0,근데 옮기기 귀찮아서(요즘 자동으로 옮겨진다해도 은행어플 인증 등등은 다시 인증받아야해요 ㅠㅠ),874939027,5
3,0,가족들 모두 아이폰만 쭈욱 썼는데 갑자기 삼x폰살까?,873997416,5
3,1,"촬영은 아쉬움
충전 속도는 요즘 안드로이드 대비 빠른 편은 아님",871778130,5
3,0,옛날에 폰가게에서 구입하다가 너무 덤탱이 맞아서 몇년을 약정의 노예로 살았거든요...,862344369,5
3,1,배터리도체감차이가꽤 있습니다 .,860519087,5
3,1,중간중간 길 찾기를 하고 사진을 수십 장 찍었는데도 배터리가 줄어드는 속도가 생각보다 더딥니다.,857899395,5
3,0,기존에 통신사 통해 기기변경하려고 알아봤는데 조건이 생각보다 까다로웠어요.,849591822,5
3,0,아이폰17은 구매할만한 제품인가?,848627829,5
3,1,배터리: 30시간 동영상 시청이 가능하다는데..,843505919,5
3,-1,128기가는 너무 적어서 진짜 힘들더라구요,836402800,5
3,-1,물론 제가 폰을 자주 만지지는 않지만 기존에 효율성이 너무 떨어졌어서 하루에 충전을 두세번 기본으로 했어야 했거든요..,787908609,5
3,0,"최근에 소프트웨어 업데이트하신분들은
전 폰이 ios26.0.1이라 데이터 이동시킬때 오류가 나고 오래걸려요!!",786484903,5
3,0,이런경우 바로 마이그레이션하지말고 아이폰17버전을 26.0.1로 업데이트 후에 마이그레이션을 시도하셔서 시간을 아끼시길 바랍니다,786484903,5
3,0,쓰던 폰 버전이 낮으면 오류없이 빠르게되지만 이전폰의 버전이 더 높으면 오류가 잘나더라구요!,786484903,5
3,1,18까지 존버 하려했는데..,786484903,5
3,0,주변에서 13쓰던 친구들이 하나씩 폰에 문제가 생기더라구요..,786484903,5
3,0,아이폰 유심 옮길 때 주의 사항!,834776929,5
3,0,"유심 보호 서비스 신청했을 시에는 무조건
해제하고 넣어야 합니다…!",834776929,5
3,0,부가서비스 -> 유심 보호 서비스 상태 확인하고 가입 안 되어 있으면 그냥 해도 되는데 가입되어 있으면 꼭 가입 해지하고 옮겨야 해요.,834776929,5
3,0,그냥 옮기면 새폰에 유심 인식이 안 된다고 하더라고요 ㅠㅠ,834776929,5
3,0,- 무음모드 설정하는 버튼이 바뀌었는데 이거 너무 아쉬워요….,834776929,5
3,0,그리고 이 버튼 음량 버튼이랑 헷갈려서 소리 키울 때 계속 누르게 되네요ㅠㅠ,834776929,5
3,0,- 차이점은 아닌데 핸드폰 구매 2일 차에 카트라이더 깔아서 했는데 좀 렉이 걸리네요..ㅠㅠ,834776929,5
3,1,아니 근데 이거 충전용 선(양쪽 다 c 타입)만 줬는데 지금의 충전기 머리는 USB 타입이어서 이거랑 안 맞아요…. ㅠㅠ,834776929,5
3,1,충전기 머리 새로 사야 할 듯….,834776929,5
3,1,아님 노트북 충전기로 충전해야 할 듯합니다.,834776929,5
3,1,"최근들어 사용하던 14프로 폰의 배터리가
너무너무 빨리 닳더라구요 ㅠㅠ",830585549,5
3,1,근데 배터리값 왜이렇게 올랐나요!!!!!!,830585549,5
3,1,진짜 15만원정도 하는 배터리 교체 비용에 깜놀해버렸어요.,830585549,5
3,0,"원래 아이폰은 프로가 압도적으로 사양이 높기로 유명한데
이번 시리즈는 프로 디자인이... 너무 제스타일이 아니었어요...",830585549,5
3,0,남편이 잘 사용하고 있는줄 알았는데 인터넷이 엄청 느리다고 하기에 제 폰이랑 비교해보니..,830495666,5
3,0,남편 폰은 일명 ㅇ줌액정같이 누렇더라고요ㅠ,830495666,5
3,0,"왜 미리 얘기 안했냐고 하니 자기는 원래 이런줄 알았다고;;
교환 시기를 놓쳐서 그냥 사용중인데 뭔가 사용하면서도 찝찝한 느낌 ㅠㅠ

화면이 좀 누래도 괜찮다고는 하는데 뽑기를 잘못한건지 뭔지는 모르겠습니다.",830495666,5
3,1,"단점
- 이거는 개인적인 느낌인데, 배터리가 새 핸드폰 치고는 
되개 빨리 닳는 느낌이었어요.",816701616,5
3,1,"분명 배터리 성능은 100%인데
기존 아이폰13을 3년간 쓰면서 느끼지 못했던 속도로
닳는다는 느낌을 받았구요.",816701616,5
3,0,"기존 아이폰13은 성능이 85%인데
현 아이폰17의 100%와 정말 큰 차이 안난다고 느껴졌달까요...",816701616,5
3,0,게다가 폰은 워낙 비싸고 예민한 제품이잖아요?,809451678,5
3,0,폰이 아니라 '물결' 같아요,809451678,5
3,0,"갤럭시에선 이것저것 보정 앱 써야 했는데, 아이폰은 그냥 찍으면 끝.",810671794,5
3,1,"남편이 항상 출근할 때 풀충으로 나가서 회사에 도착하면
배터리가 15~20%밖에 없다고 그랬거든요",797146991,5
3,0,저도 모르게 폰이 바꾸고 싶었던건지...,792367737,5
3,0,요새 자주 핸드폰을 떨어뜨려서 액정이 박살 났더라구요 ^^...,792367737,5
3,0,저는 핸드폰은 함부로?쓰기도 하고 아이도 제 핸드폰을 자주 만지니 긁힘이 자주 생기곤 했는데...,792367737,5
3,1,하 고버벅임 이1도 없어요 .,791687896,5
3,0,아이가 핸드폰 액정을 다 깨먹어서 ...ㅠㅠ,852492151,5
3,0,"(이건 핸드폰 업데이트를 계속 안했어서, 업데이트 하면 다 되는건진 모르겠음)

[알뜰폰 자급제 이심 이동]
프리티 알뜰폰 자급제 사용중인데,
핸드폰에서 이심 이동 인증이 안되서 고객센터 전화연결로 핸드폰 정보 확인 후 이심",787424346,5
3,1,"배터리는 하루 정도는 괜찮은데, 게임하거나 화면 밝기 풀로 하면 저녁 즈음엔 조금 부담 느껴질 것 같아요.",777092388,5
3,0,"17버전 고질현상인 측면 터치 씹힘은 매우매우 불편하고 화납니다

카톡할 때마다 진짜 전송버튼 두번씩 눌렀거든요^^....",776341344,5
3,0,17버전 고질적인 측면 터치 씹힘,776341344,5
3,1,세 번째로는 발열과 배터리 지속 시간이 조금 아쉽습니다.,775880396,5
3,1,"물론 과열될 정도는 아니지만, 체감상 예전 모델보다 미세하게 뜨겁게 느껴질 때가 있습니다.",775880396,5
3,0,"사진, 어플, 배경 화면등등그냥

똑같 은폰 이됩니다.",775688754,5
3,1,하루 종일 손에서 놓을 수가 없어요.,772161148,5
3,1,이젠 보조배터리도 잘 안 가지고 다닙니다.,772161148,5
3,1,넘 부족해서 맨날 사진 지우는게 일이었거든요. ㅠㅠ,772161463,5
3,1,하루 종일 손에서 놓을 수가 없어요.,772161463,5
3,-1,이젠 보조배터리도 잘 안 가지고 다닙니다.,772161463,5
3,1,"앱 실행 속도도 느려지고, 배터리 효율이 78% 정도밖에 남지 않아 하루 종일 충전을 반복해야 하는 상황이 되었죠.",768078785,5
3,1,배송시 충전잔량이 80퍼정도?,842698894,5
3,0,자주 있는 건 아니지만 갑자기 꺼질 때가 있어서 메시지 확인하다가 끊기는 상황이 생기면 살짝 당황스럽더라고요,867657992,5
3,1,하루종일 유튜브+카톡+사진찍기 해도 저녁에 30% 남아있는 건 진짜 처음이에요ㅋㅋ,815483242,5
3,1,하루 종일 붙잡고 있어요ㅋㅋ,815483242,5
3,0,진짜 사진 찍어서 인스타 올릴 때마다 &quot;폰 뭐야?&,815483242,5
3,0,"100미터 멀리서 봐도 걍 아이폰ㅎㅎ
그냥 그런 숏츠 믿지마세요",813325503,5
3,0,제가 기존 사용폰이 작아서..,813325503,5
3,1,"문의하니 오래 사용하다보면 배터리가 부풀어 뒷면 들뜸이 발생할 수 있다고 안내받았고,
뒷면 심한 스크래치는 납득할 수 없어 재검수 요청하였으나",876419165,3
3,0,"제미나이에게 물어보니 삼성이 자연스런 색감 추구한다는데
흠...",856381093,3
3,0,"뭔가 명도 채도 낮다보니
구형폰으로 겜하는 느낌 같아서 울트라 살 걸 후회합니다",856381093,3
3,0,다른건 만족하는데 저처럼 큰 폰 쓰시다가 작은거 쓰시면 좀 답답하실꺼예요 ㅠ,869699664,4
3,0,가벼워요 유심데이터 이동이 복잡했어요 하라,856393221,4
3,1,배터리가 너무  빨리 닳아요,876355822,4
3,0,핸드폰 개별 음량 조절 안됨,884675667,5
3,0,유튜브 뮤직은 놔두고 카톡만 제발 줄이고 싶은데 다 같이 음량이 조절되기 때문에 에어팟끼고 음악 들으면서 카톡오면 귀청 떨어집니다,884675667,5
3,0,"난청이슈 
거기다 다같이 음량 조정이 되니까 밤에 잘때 자꾸 이메일이고 싹다 소리나서 잠 설치기 일수 무음전환 해놓는데 진동 옴 또 진동 안오게 해놓음",884675667,5
3,0,옆에 있어도 전화온지 모르기때문에 진동으로 안 할 수가 없음,884675667,5
3,0,"공휴일에는 제발 알람 좀 안 울렸음 좋겠는데 
대체공휴일등은 뭐 설정할 수도 없어서 월화수목금 열심히 울려됨",884675667,5
3,-1,핸드폰을 많이 사용하지 않는데도 여태 5만원 내외의 요금을 냈었는데요,874221908,5
3,0,"(아이폰 17 프로의 경우, 자체 녹음 기능을 켜면 상대방에게 ""이 통화는 녹음됩니다""라는 안내 멘트가 송출되어 실사용 시 민망하거나 불편한 상황이 생길 수 있습니다.)",870382641,5
3,1,"크기는 작은데 왤케 무겁나ㅜㅜㅜ

배터리가 커서 그런지도...",860479278,5
3,0,근데 한 가지 주의할 점은 소중한 새 핸드폰인 만큼 액정이나 카메라 렌즈에 기스 나면 피눈물 나잖아요?? ㅋㅋㅋ,858960537,5
3,1,데이터 이전에 하루를 통으로 날렸다,856385797,5
3,0,"삼성 스마트스위치를 써서 옮기긴 했는데, 앱마다 로그인을 다시 해야 하고, 일부 데이터는 이전이 안 돼서 수동으로 옮겨야 했거든요.",856385797,5
3,0,새 폰 개통하는 날 다른 계획은 아예 잡지 마세요.,856385797,5
3,0,"유심보호서비스 때문에 전화 개통이 안 된 사연

그것도 모자라 또 하나의 복병이 있었습니다.",856385797,5
3,0,유심을 꽂았는데 전화가 아예 터지질 않는 거예요.,856385797,5
3,0,유심보호서비스가 활성화된 상태에서 다른 기기에 유심을 꽂으면 보안 정책상 차단이 되거든요.,856385797,5
3,0,통신사 앱이나 고객센터에서 서비스를 일시 해제한 다음에 개통해야 합니다.,856385797,5
3,1,C to C 케이블 하나가 전부예요.,856385797,5
3,0,제가 트롯을 자주 듣는데 음질이 아쉬웠거든요.,856354545,5
3,0,벨소리조차 쩌렁쩌렁 울립니다.,856354545,5
3,0,벨 소리가 안 들려서 전화 못 받았단 소린 못 할듯하네요.,856354545,5
3,0,이제 저는 아이폰으로 다신 안가요~~~,855869605,5
3,0,갤럭시로 넘어가서 그런지 진짜 미칠뻔..,855869605,5
3,0,"그냥 연락처, 메모장, 문자메세지 기록 그게 다인것 같았어요.",855869605,5
3,0,심지어 통화내역은 깨~끗 안옮겨져요.,855869605,5
3,-1,진짜 앨범 쭉 드래그해서 파일저장해서 ssd로 옮기고 또 저장하고 이걸 10번 이상은 반복한 것 같아요.,855869605,5
3,0,이제 아이폰 안돌아간다.......,855869605,5
3,0,"내 생활에서 가장 편하게 써야하는게 휴대폰인데 인생에 반 이상을 갤럭시만 쓰고 살아서 그런가 아이폰은 안 되는 게 왜 이렇게 많은지,, 편리함보다는 답답함이 더 많았어요.",855869605,5
3,1,기존 핸드폰이 조금씩 버벅거리기 시작하고 배터리 성능이 많이 떨어졌었는데.,855547890,5
3,0,"1. 유심보호서비스 해제
: 이거 해제 안하고 옮겼더니 새폰에서 통화가 안되더라구요^^;",855369081,5
3,1,배터리도 하루 동안 사용하기에 부족함이 없었고  여러 작업을 동시에 해도 버벅임,878541207,5
3,0,통신사에서 휴대폰을 변경하려다 여러가지 요,883946958,5
3,1,"조금 걱정스러운 부분은 충전할때 발열이 느껴져서
자거나 외출시 충전해두기는 불안할것같아요ㅠ",856124744,5
3,0,갤럭시 유저인데 핸드폰 바꿀 때가,872273510,5
3,0,제가 이폰으로 찍은 사진같이 첨부할께요,875694586,5
3,0,오히려 전에 쓰던 폰에서 더 오타가 많았던 것 같아요.,859010199,5
3,0,"불편함 많았지~~~앱을 깔기워해선 앱을 지워야만 했고 사진도 중복되고 흔들리고 하면 삭제해야만 했으니 ㅜㅜ
용량부족 ㅜㅜ 칩을 넣었어도 ㅜㅜ 그런데 몬가를 삭제하니 푹 늘어난 용량.",857311905,5
3,0,먼저 개통하신분이 쓴 유심보호~~~가입을 해제하라는 글..나도 마찬가지다 ㅜㅜ,857311905,5
3,0,근데 ㅋ 가입했던 앱을 하나하나 다시 로그인을 해야하는 복병.,857311905,5
3,0,"이건 또 무슨말인고 ㅜㅜ

그때 sk정보유출때 바꾼 칩이 그러한가보다 ㅜㅜ.",857311905,5
3,0,"아, “유심보호서비스” 신청해놓으신 분은 꼭 해제 후 유심 교환하셔야해요!!",856469284,5
3,0,유심 도난방지 잠금 되어 있으신분들은 기존 휴대폰 전원끄시고 유심빼세요,875902958,5
3,0,그 이유는 폰 옮길때 재설정해야하는 번거로움이 귀찮았다ㅠ,881075668,5
3,0,보험들구 항상 보험기간이 끝나면 폰이 망가지더라구요.,882452743,5
3,1,처음 데이터 옮길 때 발열은 정상이니 너무 걱정하지 마세요!,867705612,5
3,1,25W는 조금 시대에 뒤떨어지는 느낌이랄까요?,878816555,5
3,1,"더이상 베터리가 풀충전이 3시간밖에 버티지못하고, 아이가 떨어트려",856030988,5
3,0,갤럭시는 펜달린거 좀 더 가볍게 만들어줘..,855564480,5
3,0,고민은노노 엄마가 그전모댈을 오랫종안사용했어요,876179691,5
3,1,고장없이 너무나 잘사용했지만 배터리소진은 따라잡을수가 없더라구요,876179691,5
3,-1,데이터 옮긴다고 한참을 틀어놨는데도 뱌커리가 거의 안달았네요.,877340475,5
3,0,갑자기 핸드폰을 바꿔야했는데..,877332948,5
3,0,물론 저처럼 전화메시지카톡만 하는 사람이 이렇게 비싼폰을 사야,880171235,5
3,1,인터넷에 도는 엑시노스 발열도 크게 못 느끼겠어요.,877095144,5
3,0,휴대폰 공부 새로해야 되겠어요,881670798,5
3,0,예전에 미사용 중고폰샀다가 돈도 얼마 차이 안나는데 괜히 샀더라구요,877180041,5
3,0,핸드폰이 맛이 가기 시작..,874494189,5
3,0,파손되거나 이상한폰 올까봐ㅠ,857273087,5
3,1,근데 쓰다보니 배터리 지속시간이 좀 짧아지는 거 같기도..,854098114,5
3,0,유튜브 검수영상 보면서 핸드폰 이리저리 만지는데 진짜 무게가 넘사..,789291534,5
3,0,받자마자 고객센터 전화할 수준입니다.,811529335,1
3,0,"옛 휴대폰 보상해준다고 해서 보냈더니, 시세의 반값으로 후려치고, 반송해 달랬더니 흠집내서 보냈네요.",756707298,1
3,0,"구매 후 2달 사용하였는데 내장 화면 가운데
검은색 그을림이 생기면거 액정이 먹통이",778715060,2
3,0,갤럭시 노트23 쓰다가 바꿨는데 가격대비 정말 실망입니다!,783423442,3
3,0,폰 본체는 신기할 정도로 얇은데 카툭튀가 너무 심합니다.,768087540,4
3,0,"아무래도 딱 접히면 안정성이나 이물질 유입이 적어지니 꼭 단점이라 할순 없겠지만 한번에 열기도 힘들고
열때마다 폰을 놓칠까하는 불안함이 큽니다.",768087540,4
3,0,그놈의 블루투스 비콘 방식의 근태체크만 아니었어도...,884131203,4
3,0,자급체폰을 써보면 불필요한 쓰레기앱들이 안깔려서 두 번 다시 통신사 매장 폰은 안쳐다보게 되거든.,884131203,4
3,0,이놈의 스마트폰 제조사들은 왜 메모리카드 확장 못하게 만들어서 추가 비용 나가게 만드는지.,884131203,4
3,0,"이거 쓰면
 일반 바형 스마트폰이 답답하게 느껴짐",871981458,5
3,0,제가 이전 폰 가입 방법 몰라서 쌩 돈내고 갈아서(ㅠㅠ) 다른 분들은 저처럼 하지 마시라고 공유드리는겁니다!,862932868,5
3,0,"잔고장 이좀 많고
폴더블폰 의 고질병이있다는단점등등..",842643453,5
3,0,지금까지 폰 많이 바꿔봣지만...,838726935,5
3,0,"사실 예전에 폴드5를 사용했던적이 있었는데, 보내버린 이유는.. 핸드폰을 3cm?",838331983,5
3,0,핸드폰 액정이 나가버렸는데요..,838331983,5
3,1,"-배터리/충전은아쉬운 면이

있

음",826609647,5
3,0,예전 갤럭시에서 느꼈던 미세한 버벅임은 이제 옛말이더라고요.,821909384,5
3,0,예전 폴드3는 주머니에 넣으면 부담스러웠거든요,814892676,5
3,1,( 물론하루종일게임 돌리면부족하겠 지만 요.),805873153,5
3,0,너무 무겁다 힌지 부분이 회복이 안된다 등등 문제가 더 많은 폴더블 폰이었습니다.,794615840,5
3,0,통화녹음 안되는거 아이폰의 가장 큰 단점이었죠!,768849944,5
3,0,usb충전선 한개랑 유심칩 빼는 핀?,768849944,5
3,1,"-^;

<4. 배터리 빨리 닳음>
.",768849944,5
3,1,"아무것도 안하고 그냥 두는데도 배터리가 실시간으로
조금씩 깎여있긴 해요.",768849944,5
3,1,없이 잘 돌아가는데 발열이 조금 있는 건 어쩔 수 없는 것 같아요.,757484704,5
3,0,얇기 휴대폰의 전체적 두께가 너무 얇다고 느껴집니다.,752254479,5
3,0,갤럭시워치와  재연동시  오류뜹니다,751711020,5
3,0,티머니를 워치와 연동하는대  폴드3에서  잘되던 티머니갤럭시워치가  폴드7 에서  오류가  난  상황..,751711020,5
3,0,"2. 앱 관련 조치

앱 재설치: 스마트폰과 워치에 설치된 '티머니 갤럭시워치' 앱을 모두 삭제한 후 다시 설치해 보세요.",751711020,5
3,0,앱 캐시 삭제: 스마트폰의 '티머니 갤럭시워치' 앱 설정에서 캐시를 삭제해 보세요.,751711020,5
3,0,워치와 스마트폰을 모두 재부팅해 보세요.,751711020,5
3,0,기존폰에서  업그레이드 안된상태로  옮겨져서  오류뜬 경우였네요  (제 경우),751711020,5
3,0,쓰던기기 블루투스제거   워치제거후  쓰던기기는 잠시 꺼두시고  재  부팅 or  재 다운로드,751711020,5
3,0,내년 폴드8을 기다렸으나...,749513812,5
3,1,"2)배터리가 조루일까봐 걱정

그렇게 마음 먹고 사고싶은 거 꾹 참고 있었는데요",749513812,5
3,-1,그런데 노트10 약6년을 썼는데요,749513812,5
3,-1,결국 6년 동안에 spen 사용한 거는 딱 2번밖에 없었어요,749513812,5
3,0,일반폰 사용하던 저로서는 아무리 얇아졌다고 해도 역시 무거워요,749513812,5
3,0,휴대폰 가격은 냉장고랑 맞먹는데 말이죠 ㅜ,746986451,5
3,0,"아이폰 빠이, 갤럭시 안녕!",744642358,5
3,0,안그럼 번거롭게  유심뺏다가 다시 넣었다가 해야해요!!!,772404062,5
3,1,화면이 커서 그런지 사용량이 많으면 하루를 꽉 채우기는 조금 빠듯합니다.,873750385,5
3,1,연결시 무선보다 케이블 사용 추천합니다.,747786398,5
3,1,그리고 처음부터 발열감이 느껴지는데 불량은 아니겠죠^^;,745034824,5
3,0,아참 근데 모든건 무선으로 옮겼는데 쓰던폰에서 요기로 유심을 옮겨도 ㅠㅠ뭔가 잘못되었는지 여기서 막히네요 낼 대리점가서 해보려구요.,746978271,5
3,0,"실제 받고보니 액정 2개 합친 두께가 
일반 핸드폰 1개두께라니...",744553255,5
3,0,애플은 더이상 쓸 이유가 없다ㅠ,785849483,5
3,0,2. 가벼운 폰은 아니라는거..,813852095,5
3,0,3. 아저씨 폰이라고 자주 들음..,813852095,5
3,1,"배터리는 나가는 속도 빠른 편 아니고, 하루종일 쓰면 저녁엔 충전해야 하는 정도?",803522811,5
3,1,"배터리는 하루 종일 무난히 버티지만, 고화질 영상이나 게임을 오래 하면 저녁쯤엔 충전이",752618798,5
3,0,"이북 리더기도 있는데 더이상 안써도 되고요, 졸지에 이북리더기, 갤럭시 탭은 모두 당근행 갔습니다.",750097567,5
3,0,"확인, 결제할때 등만 커버화면 씀.",759537553,5
3,1,"7. 발열문제

처음 몇일동안 발열이 있었어요",759537553,5
3,1,싹 다 설정하고 나니 절대 발열이 없네요???,759537553,5
3,1,25W 충전 속도: 이게 제일 답답해요.,777670787,5
3,0,"200만 원짜리 최신 폰인데, 충전 속도가 너무 느려서 급하게 나갈 때 답답함을 느낍니다.",777670787,5
3,1,실행할때성능쓰로틀링 (발열로 인한 성능저하)현상 이있다는의견도 있었습니다.,817342048,5
3,0,"예전에 폴드3는 무거워서 얼마 쓰지도 못하고
중고로 팔았었는데..",744815646,5
3,0,"접으면 폰, 펼치면 태블릿… 이거 반칙 아닌가

처음엔 괜히 계속 접었다 폈다 하게 됨",862595088,5
3,0,- 어디가면 슬며시 폰을 펼쳐서 관심유도(?)를 하십니다ㅋㅋㅋㅋㅋ,751591532,5
3,0,대화면을 경험하면 다시는 일반 폰으로 돌아가,798822880,5
3,0,"비추천 대상: 휴대폰을 단순히 전화, 메시지 용도로만 사용하고 얇고 가벼운 폰을 선호하시는 분들은 일반 바(Bar) 타입 스마트폰이 더 적합할 수 있습니다.",798822880,5
3,0,옮기시기전에 보호기능 가입 되어있으신경우 해제하고 옮기시를 권유드려요!,744801914,5
3,1,써있는게 1시간4분이지 충전하면서 하니 시간 더 걸림..,833636805,5
3,0,그리고 패드처럼 연결없는 자체 dex 모드 지원은 하지않습니다. ㅠ,781632652,5
3,1,처음엔 원래 쓰던 25 울트라로 돌아가야,745002065,5
3,1,배터리 충전 속도 25w로 좀 아쉬움,744657136,5
3,0,폴드8이 나온다고 하더라도 이젠 못 삽니다 ㅋㅋㅋ,760359116,5
3,0,오래동안 폴드2 사용자였는데 이번에 그냥 폴드 제품군으로 눌러앉게 만들었네요.,744587339,5
3,0,그냥 집 앞 휴대폰 대리점에서 사는게 좋을듯 싶어요.,783352420,1
3,0,보상판매 할거면 무조건 애플 매장으로 가세요,790581381,1
3,0,뽁뽁이 한장 밑에 깔고 상자는 커서 아이폰은 지 맘대로 돌아다니고...,826097912,1
3,0,"i OS제한시스템커 스터마이

즈가A nd
roi d에비해제한적 입니다.",851545567,5
3,0,"근데 아이폰 박스를 감싸고 있는게 아니라
그냥 위에 올려만 뒀더라구요..",787497704,5
3,1,미적 갬성을 버리고 발열잡는데 올인하더니 그 효과는,787497704,5
3,0,"이것마저도 아이폰 감성이라는 사람도 있던데
수정보완해야할 점들은 제발 다 같이 강하게 요구해야합니다;;",787497704,5
3,0,"갤럭시는 점점 더 빛반사 잡고 고스트 거의 없애줬는데
아이폰은...갤럭시보다 더 비싼 놈이 이러니...",787497704,5
3,1,"기존 갤땡 울트라25 사용했었고, 속도 저하 게임핑이라고 하죠.",770403752,5
3,1,발열이 심해지면 성능 저하가 매우 두드러지게 나타납니다.,770403752,5
3,1,냉각 시스템 기대하지 않았습니다.,770403752,5
3,1,"근데 갤땡과 비교 발열이 아예 없다는 거는 거짓말이고,

괜찮은데 속도 저하 현상 없는데?",770403752,5
3,0,가끔 중간에 사라진다는 말도 있고 가격대가 높은 최신형 아이폰은 특히 걱정이 되더라구여,769094462,5
3,1,다만 안드로이드에 비해 시간이 지,769094462,5
3,0,"이젠 아이폰 구매하면 주로 실버나 화이트로 구매하는데
블루 오렌지 빼고는 대부분 품절,,
1테라로 용량도 여유롭게 두고 쓰려 했더니 이건 시도조차 못해봄ㅜ",769094462,5
3,1,기존에 12 pro 모델은 5년째 사용하다보니 베터리 효율 72퍼.?,768147226,5
3,0,휴대폰 이름값 못하는거 같네요,768147226,5
3,-1,그리고 16프맥 보다 스피커가 좀 답답한 감이 있네요 ㅎㅎ,767800273,5
3,1,하루종일 폰 만지고있어도 배터리 소진되는 속도가 확실히 느리고 발열 걍 없다고 봐야함ㅋㅋ,772632393,5
3,1,-> 핸드폰을 사용안하고 가만히놔두면 체감상  6시간 동안 8~10프로 정도만  사용된거 같았어요.,798204908,5
3,1,-> 사용해도 12시 부터 8시까지  18프로 정도 밖에 안썼드라구요.,798204908,5
3,1,진짜 충격적으로  배터리 소모가 적어요,798204908,5
3,1,"오래 가는 배터리, 떨어지는 온도, 커져가는 카메라섬.",769884283,5
3,0,개인적으로 역대 가장 못생긴 아이폰이 아닐까 싶어요.,769884283,5
3,1,예전 모델은 저녁쯤 되면 슬슬 불안했거든요.,777134843,5
3,0,이런 말도 많지만 아이폰만 쓰다보니 가끔 부모님 안드로이드폰 봐줄때 어렵더라구요.,771677194,5
3,1,Q. 발열은 심한 편인가요?,767849060,5
3,1,그냥 별로 사용 안하고 대기 진행시 3일 가까이도 사용 가능해요,777205613,5
3,1,"- 배터리 충전은 잘때 하는데,충전알림이 계속 떠요.
   자지말고 놀자는것 같어요.",769437741,5
3,0,"이제 애플에서 쓸만한건 아이패드 뿐....  

ㅉ",849549859,5
3,0,"근데 전화통화할때 소리가 작게 들리긴 하더라구요..

✅️",786484163,5
3,0,기종변경할때 유심보호서비스 해제를 먼저하고 했어야하는데 원래하듯이 그냥 정보 다 옮기고 넘어간것 보고 기존기기 초기화한후에 전화되는지 확인을 늦게 해서 전화가 안되요,770095018,5
3,0,저처럼 실수하는일 없도록 꼭 유심보호서비스 해제 먼저하시고 기기변경하세요,770095018,5
3,0,이정도가 애플 맛 아임미끄아,770267178,5
3,0,애플이 이갈고 만든게 티가납니다.,769497222,5
3,-1,스피커가 좀 먹먹한 소리가 나서 실망임,767861184,5
3,0,5년만에 바꾼 핸드폰인데 차이가 뭐죠...,824341547,5
3,1,"배터리 건강도 떨어지고, 하루 종일 버티던 사용시간이 예전만 못했어요.",854023260,5
3,0,아.....통신이 안되네요.,778329760,5
3,0,"(SKT) 아 유심안심보호
서비스 에스케이티 해킹사건이후 유심안심보호 서비스가입 이것이 문제 였습니다.",778329760,5
3,1,또 고사양 게임이나 장시간 촬영하면 발열이 느껴질 때가 있었어요.,771721857,5
3,0,다시는 60hz으로 돌아갈 수 없을 것 같아요.,875617475,5
3,0,새 폰이 맞나 의심이 들 정도입니다.,872743808,5
3,0,"좋은 칭찬을 받았는데도 중고가가 떨어지는 갤럭시… 1년 안되고 풀박스에, 싼 가격으로 S25울트라를 보낸 제 자신을 생각을 할 수록 눈물이 납니다..",872743808,5
3,1,유선 전송 속도가 여전히 프로에 비해 느리다는 점.,833058294,5
3,1,"배터리 지속력도 하루 종일 써도 남음 많고, iOS 최적화 덕분에 시스템 버벅임",771220867,5
3,1,"발열 도이전세대보다확실히
줄어서장시간게 임이나동영상 편집 을해도 불편 함 이거의없어요.",792070792,5
3,0,아이폰 17 ios 업데이트를 몇시간 했나봐요 ㅠㅠ,884864267,5
3,0,집에 와이파이까지 느려서 오래 걸렸어요,884864267,5
3,1,배터리는 약간 호불호가 있어요.,851317175,5
3,1,(고장안남. 밧데리 아직 88프로임...),854858966,5
3,0,"-   애플 생태계의 편리함과 안정성을 중요하게 생각하는 분들!

✨",810125012,5
3,0,"더구나 ㅋㅋ 폰가게에서 폰 하고오면 뭔가모를 그
찝찝함 이랄까요",848254287,5
3,1,정도 썼는데 배터리가 너무 빨리 닳고 혼자 멈추고 이래서 쿠팡에서 아이폰 17을 구경하다가 아 안되겠다,833470314,5
3,1,미니는 10분?만 릴스나 숏츠보면 막 15퍼씩 달고 이랬는데 어제 저녁에 충전해서 오늘 아침까지핸드폰했는데도 91퍼 90퍼?,833470314,5
3,0,"중고가 방어력
아이폰은 시간이 지",849438011,5
3,0,"한 번 쓰면 예전 폰 못 돌아갈 듯.

✔️",868728527,5
3,0,"한번은 1자로 펴지질않고 힌지에서 소리가나서교환했는데
두번째 온것도 힌지에서 핸드폰펼칠때마다 삐걱삐걱 소리나고 
화면 두개가 서로 딱 맞질않고 움직입니다.",826411567,1
3,0,ㆍ  해당 폰은  온도 45도까지 올라간다니  조심해서  사용하세요,747084163,1
3,0,"@@@@ 쿠팡에서 Z 플립 7을 구매하면 안 되는 이유 @@@@

1. 새 폰이 아닌, 남이 한 번 등록했던 폰이 왔음
ㄴ 증거로 동일 단말 복수 명의 문자가 날라옴 (USIM 착용 시)",858723141,1
3,-1,두달도안되서 액정이나갔어요 ㅠ,813999524,3
3,-1,엄마가 쓰고 있는 플립6는 비교적 오래 가는 편인데 최신형인 제트7은 ㅋㅋㅋㅋ 너무 빨리 닳음.,773521689,4
3,0,그래서 사진용으로 아이폰 들고다님....,773521689,4
3,0,다만 페이스 ID 인식이 조금 느리고 안 되는 경우도 많고.,836506175,4
3,0,사람 많은 지하철 같은 곳에서 핸드폰을 다 펴고 들고 있기에는 좀 크다는 생각이 들잖아요.,836506175,4
3,0,삼성이 왜이랬을까 이걸산 내가 밉다 그냥 5 쓸걸....,745927107,4
3,1,다른 리뷰와 마찬가지로 발열이좀 있네요,809113276,4
3,1,또 배터리는 하루 사용은 가능하지만 영상이나 SNS를 많이 보면 조금 빨리 닳는 느낌이 있습니다.,860189849,5
3,0,"혹시 이어폰으로 업무 많이 보시는 분들
무선 버z같은거 쓰실텐데 상대방이 바람소리, 잡음으로 너무 시쓰럽고 못알아 듣겠다고 하더라구요...",832419277,5
3,0,다른 폰은 쳐다도 안 봐요.,829631320,5
3,1,"배터리가 드디어 정신 차림: 예전엔 점심 먹고 나면 얘가 ""주인님... 배고파요...""",829631320,5
3,1,"그거 꾸미다가 하루 다 가고, 배터리도 미세하게 더 빨리 닳더라고요. ㅋㅋㅋ",829631320,5
3,1,클라우드 정리 스트레스 없음,824083042,5
3,0,그러나 어느순간부터 아*폰의 불편함이 느껴지기 시작했습니다.,794431227,5
3,0,핸드폰을 나에게 맞추고 싶었으며 디자인도 점점? 예전의 특색과 방향성은 다 상실한채 브랜드의 아이덴티티마져 소실했다고 생각이 들기시작했습니다.,794431227,5
3,0,예전이나 아*폰이 낫지 지금은 무조건입니다.,794431227,5
3,0,근데 이제는 아*폰이 매력없게 느껴집니다.,794431227,5
3,1,"C타입
☀️운영체제: 안드로이드


:
☀️☀️배터리 수명이 다 된 건지 과열이 되어 손이 데일 정도로 계속 뜨거워져서 
서비스 센터 가니 배터리 교체하고 하더라구요.",782579264,5
3,0,"제가 플립을 싫어하는이유는 3를 1년 쓰면서 5번 망가졌고
보험비도 3번 다쓰고 교체까지 하면서 이런쓰레기가또있나했어요 ㅋㅋㅋㅋ",818162821,5
3,1,이 정도 발열은 S 25 쓸 때도 있었거든요,750758013,5
3,0,이걸 포기못해서 아이폰 못 넘어가겠다라는게 확 체감되더라고요.,750058165,5
3,0,"단점
1. 피려면 두 손으로 공손하게
옛날 사람이라면 피쳐폰을 한손으로 휙 열던걸 기억하실거에요.",750058165,5
3,0,이 단점은 기존 아이폰 유저만 해당할거 같네요.,750058165,5
3,-1,5년6개월정도 사용하다보니..,748056975,5
3,-1,하긴 저같은 60대 아줌마도 샀으니까요,746282348,5
3,0,몇년전 에어팟 주문할때도 그러더니 이건 좀 개선해야할거 같습니다,800373252,5
3,1,"예전에는 이어폰, 충전기 본체도 줬는데 요즘엔 그런것도 없네요",800373252,5
3,0,-소리가 너무 까랑까랑 하게 나서 귀가 아픔.,745461410,5
3,0,-누워서 핸드폰 하면 팔이 저림,745461410,5
3,1,배터리는 하루 반쯤 느낌. 과하게 쓰면 하루.,745553289,5
3,1,배터리가 너무 오래가서 좋더라구요ㅠㅜ,812510949,5
3,0,멀쩡한 신랑 갤럭시S24도 접어버리려고 하니까요ㅋㅋ,745232607,5
3,0,이전 폰은 그냥 접힌 게 눈에 보이거든요..,744936084,5
3,0,접히는 스마트폰이 과연 실사용에 편할까,762683968,5
3,-1,를 기대했는데 웬 노답 메탈 삼형제를 출시했길래 삼성 감다뒤?,755403556,5
3,1,엑시노스 넣은건 좀 열받긴 해요ㅠ,755403556,5
3,1,안드로이드 오토 연결하면 진짜 터질듯 뜨거워져서 조수석에 통풍시트 틀어드리고 엎어둔 채 운전합니다;;,755403556,5
3,0,"단점 

여성용 휴대폰이라는 이미지가 강합니다",797015392,5
3,1,"그리고 남자들의 제일 단점 차량 무선충전기에 제대로 안착이
안되서 매번 이리갔다가 저리갔다가 충전 맞춰놓기 힘듭니다 

ㅠ",797015392,5
3,0,폰을 거의 닫지를 않아서...,803758397,5
3,0,아이폰에서 넘어간 사람입니다,824172826,5
3,1,풀충하고 하루종일 쓰다가 자기전에 20퍼-30퍼 정도 돼요.,835918091,5
3,0,여러분의 스마트폰에 대한 모든 기준을 버리십시오.,774634370,5
3,0,이것은 단순한 '폰'이 아닙니다.,774634370,5
3,-1,외부액정 커버도 이미 붙였는데 버리게 되었고 이틀 왕복 주유비에.. 데이터 다시 옮기는 번거로움까지... 제가 운이 좋지 않았나봅니다,750515270,5
3,0,와이프가 아이랑 물놀이 하다가 핸드폰이 침수가 되었네요..,753410324,5
3,1,엑시노스냐 스냅드래곤이냐 하더니 지금은 별말없어요,753410324,5
3,1,배터리 타임은 여전히 아쉬울 수 있어요!,824069146,5
3,1,"발열 관리가 조금 필요해요! 
    고사양 게임을 오래 돌리면 윗부분이 뜨끈해지는 게 느껴집니다.",824069146,5
3,0,"싫은점
- 처음에 아이콘이 아이폰이랑 달라서 어색했던거?",760466053,5
3,1,3는 오래 쓰면 발열이 좀 있었는데 ..,748250815,5
3,0,일반 스마트폰보다보호옵션이 좀까다로워 요.,788085171,5
3,0,일반 바형 폰은 꾸미는거에 뭔가 한계적?,830063450,5
3,0,폰 하나 달랑 넣어놓으시면^^..ㅋㅋ,801564993,5
3,1,전 케이스 원래 안 끼고 사용해요,835089922,5
3,1,고속버스 타고 2시간 30분 내내 유튜브보고 폰만 했는데 30-35퍼정도 닳아있었던거같음,811561878,5
3,0,"어머님이 스피커 폰으로만 통화하시는데, 접힌 상태에서는 스피커 폰이 안되고, 펴야지만 되더라고요.",769456730,5
3,1,계속 쓰던거이긴한데 이번에 배터리는확실히 기존꺼보다는 딸리는것같네요.,849410027,5
3,0,"삼성
화이트랑 실버 색상 내주는게 그렇게 어렵냐",747359552,5
3,0,갤럭시가 아이폰보다 움직이는 사람이라던지 찍기가 너무 힘드네요,778216508,5
3,0,사진이 흔들려나와서 사진을 찍을땐 기존 쓰던 폰으로 찍고 있어요,778216508,5
3,0,"폰 많이 보는데 하루는 그냥 가요 물론 불안해서 보배 맨날 챙겨다니는건 안비밀,, 아무튼 카메라는 안좋은 거 알고사서..ㅎ",795120999,5
3,0,옛날에 폴더폰 쓰는 느낌이에요ㅋㅋㅋ,746356569,5
3,1,비싼제품에 몇천원 안하는 충전기가 없다는게 아이러니 합니다,764634673,5
3,1,오후 두신가 시켰는데 밤에왔어요;,752851731,5
3,1,"하지만 배터리는 아쉽고, 발열과 카메라는 평범한 수준.",746638471,5
3,1,그 외에 빠떼리가 생각보다 빨리 줄고 발열도 잇는 거 같아요.,748096192,5
3,1,엑시노스 탑재여서 별로다 어쩐다하지만 어쩌겠습니까,751105381,5
3,0,"아이폰은 수십수백 선택해도 알아서 30개씩 나눠 전송해줘서 몰랐는데 갤럭시는 무조건 30개씩 끊어서 전송해야 함..

✅",857525641,1
3,0,난 반대로 갤럭시 전송 속도 보고 놀람....,857525641,1
3,0,"아이폰은 너무 빨라서 갤럭시는 너무 느려서;
같은 공간 같은 무제한요금제 같은 통신사인데
폰 하나 다르다고 이렇게까지 달라지나 싶음",857525641,1
3,0,새로 산 폰으로도 해보니 역시나..,857525641,1
3,0,"평소에 휴대폰 쓰면서
폰 잠금해제 할 때든
결제할 때든
보안해제를 제일 많이 쓰는데
지문도 안돼~ 얼굴인식도 안돼~
어쩌라는건지

맥세이프 구간 만큼 노트펜 못 쓰는 것도 구림

❓삼성페이 > 애플페이 써서 필요성 못 느낌
❓통화녹음 > T전화처럼 통신사 전화어플 쓰면 똑같음
❓",857525641,1
3,0,폰만사세사용하는건데핸드폰가지고있는실사용자를위주해야지...,855429611,1
3,1,일찍 배송받아 앱설치하고 사용해보니 앱스토어 실행후 설치 열기 작업중 핸드폰 액정상단 좌측부분이 너무 뜨거워 손으로 잡고 잇다가는 데일정도로 뜨거워지네요,855613070,1
3,0,이놈들아 멍청한놈들아 전원도 안들어오는거 보내고 잠이와?,869303317,1
3,1,충전하는중발열생김  한앱을10분이상사용하면발열상황이와요,855771666,2
3,-1,2주정도 지났는데 이제 거의 안되네요.,860354078,2
3,0,근데31일만에 메인보드 사망 핸폰 자체는 너무 좋으나 31일만에 유튜브 보던중 갑자기 먹통 전원 꺼짐,883513035,2
3,0,아이폰 쓰다가 넘어왔는데ㅜ아직 적응이 안되네요,856189021,4
3,0,"어쩔수없이 아이폰이랑 비교가 되는데
어플을 켰을때 자연스럽지 않고 튐 현상이라던지
어ㅊ플에 알람 갯수가 떠야하는데 생겼다가 없어졌다 한다던지
실행중인 앱들 확인했을때 비번 걸어놓은 어플들이 블러처리 없이 다 보인다던지 
갤러리같은 경우리에도 하단바에 미리보기로 움직이면
사진이 어두워졌다 밝아졌다 하던지 블러처리 됐다가 돌아오던지해요",856189021,4
3,0,제폰만의 문제인진 모르겠는데 거슬리는 부분이 상당히 많네요,856189021,4
3,1,배터리는 오래 가긴 하지만 사용하는 만큼 빨리 닳긴 해요,859192853,4
3,0,백오십만원도 넘는 폰을....작동 잘 되길 바래야 하는지...,870263628,4
3,0,아이폰에서 넘어왔는데 생각보단 흠...,858053398,4
3,0,와이프와 같은걸 쓰다가  와이프핸드폰  화면이  가네 마네,871289140,5
3,0,다 넘어온 줄 알았는데 종종 안 옮겨지는 앱들이 있어서 하나하나 수동으로 다시 잡느라 애 좀 먹었습니다.,862989548,5
3,1,그리고고사양게임 을 오래플레이할때 기기발열이다,862820991,5
3,0,"얼마전 휴대폰 케이스가 깨졌다고 

새로시켜달라하여 교체할때보니 카메라가 

흔들리고 뒷커버도 흔들리고...",870329986,5
3,0,내년 갤럭시S27 시리즈 때 디자인 및 카메라 풀체인지 소식이 있지만 정말 자동차도 아니고 5년째 엇비슷한 디자인이라뇨...,861235666,5
3,0,애플의 클린업 기능은 정말 삼성과 비교하면 처참한 수준이라...,861235666,5
3,0,요정도 느낌은 살짝 있는데 무슨 글씨 하나 하나 확대해서 볼 것도 아니고 휴대폰을 정말 길게 길게 사용헤도 길어야 4~5년입니다.,861064660,5
3,0,"어모니 폰인데…

- 가격은?",860573287,5
3,0,개인적으로 핸드폰때문에 카드발급하는걸 너무싫어하는 편입니다!,860073019,5
3,0,"저는 기존폰에 처음 사생활 보호필름을 꼈다가 일주일도 못쓰고 
버렸거든요 ㅠㅠ",860073019,5
3,-1,남편이 핸드폰을 한 5년 정도 썼나 봐요.,860243569,5
3,0,단점은  제가 남편의 핸드폰을 보질 못하는 거 그게 단점입니다,860243569,5
3,0,그래서 다시 로그인하고..머 인증하고 그런건 귀찮아요,858126637,5
3,1,왜? 일반하고 플러스만 엑시노스 일까?,856191998,5
3,1,고급사양인 울트라에만 스냅드래곤을 넣었을까?,856191998,5
3,1,세월이 흐르다 보니 하루에 배터리 충전을 두 번씩 해야 하는 건 기본이고 최근엔 가끔 터치까지 먹통이 되더라고요.,855464687,5
3,0,너무 단출해서; 근데 요즘 폰은 다 그런거 같더라고요,871112003,5
3,1,그리고 기본 구성품에 충전기 헤드가 빠져 있다는 점은 여전히 조금 야박하게 느껴졌어요.,879255594,5
3,0,"아이폰 감성 못 잃어~~ 하면서 살고 있었는데
어느 순간 아이폰의 불편한 점들이 확 느껴지더라구요",859395549,5
3,0,"사용하던 핸드폰이  자꾸만 먹통상태로 ..ㅜㅜ
하루 한번이던게 두번 세번
사용중이다 꺼지는  횟수도 너무 많아져서 
결국  교체..",858137887,5
3,0,새폰으로 나노유심 옮기실때 기존폰에서 유심보호서비스 해제하시고 옮기세요,857095807,5
3,0,물론 유심 옮길땐 폰 전원 끄고 하셔야합니다,857095807,5
3,0,해당 기능이 제대로 동작하지 않습니다!ㅎ,855248145,5
3,0,그리고 또 하나 펜이 휴대폰보다 살짝 튀어나와 있던데 이거 원래 이런걸까요?,858216279,5
3,1,예전에는 충전기도 기본이었는데 요즘은 충전기도 없네요.....ㅠㅠ,857968498,5
3,0,아이폰에 저장 해 두었던 메모는 삼성폰으로 넘어가질 않네요....ㅠㅠ,857968498,5
3,0,아이폰 끼리는 될텐데 기종이 완전 달라서 그런감....ㅠㅠ,857968498,5
3,0,주로 외산폰만 사용했습니다.,875017507,5
3,0,솔직히 아이폰 17보다는 못한 것 같습니다.,875017507,5
3,0,아이폰이나 샤오미 인공지능 정말 악몽 그 자체입니다.,875017507,5
3,0,"이유는, 유심변경으로 유심보호서비스가 가입이 되어있어서 인식을 못했다고함.",858368537,5
3,1,"기존에 쓰던 폰이(S22) 배터리도 빨리 닳고 
사진도 점점 아쉬워지고..",875997750,5
3,0,"새 폰 사고 2년이 되면 케이스 버리는 사람이라, 술 마시고 사진에서처럼 플립3 전면을 깨먹었습니다.",857858839,5
3,1,"참고로 울트라만 스냅드래곤이네, 과거에 엑시노스는 발열이 심했었네",857858839,5
3,1,아쉬운 점은 배터리가 좀 빨리 닳는 것 같았어요.,875901681,5
3,-1,저희 아부지께서 휴대폰을 거의 6년?,864241544,5
3,0,아이폰은 오랫동안 사용하면서도 오타가 잦았어요.,857728040,5
3,0,네이버 키보드 어플을 사용하면서 오타가 줄긴 했지만 여전히 스트레스였습니다.,857728040,5
3,0,갤럭시 디자인의 고정관념도 있을테고..,855438233,5
3,1,"[기타]
발열: ⭐️⭐️⭐️⭐️
발열 자체는 있지만 없는 수준이라는 표현이 적절합니다",855438233,5
3,1,그래서 케이스를 씌우고도 차에 무선충전이 잘 안되는 경향이 있습니다.,858172864,5
3,1,차에서도 유선충전만 해야 할 것 같습니다.,858172864,5
3,0,(아이패드로 릴스틀고 폰으로 통역 눌러서 했음. 폰에서 영상틀고 통역은 안되서... 내가 할줄 모르는것일수도 있음),857285595,5
3,1,"게임하면 여전히 뜨끈한건 비슷하고,
Qi2 25W 충전이 좀 오락가락 하는데... 버그인지 충전기 문제인지 참 난감하네요.",856780795,5
3,1,아직 25W 인증 케이스가 많지 않은게 아쉽...,856780795,5
3,0,노트 20 울트라 사용하다 토요일 오전에 액정이 깨져버렸다.,880863965,5
3,0,분이 커져가서 당장 교환할 전화기가 필요해졌다.,880863965,5
3,-1,스피커 사운드는 아이폰보다 많이 안좋습니다.,856578704,5
3,0,"2. 볼륨 조절
볼륨 한단계 한단계가 소리 너무 큼",855703316,5
3,0,"2단계가 시끄러워서 1단계로 줄이면 너무 줄어들고
1단계가 잘 안들려서 2단계로 올리면 넘 시끄러움",855703316,5
3,0,아이폰과 비교하는건 바보 같은 일입니다.,876625023,5
3,0,"쿠팡 대처능력 정말 .. 아이폰을 구매하였는데 냅두고 있다 다음날 마이그레이션으로 
전에폰에 있던 데이터를 다 넘겨서 쓰던 폰은 초기화를 해서 팔고 
새로 산 17프로에 액정필름을 덮고 케이스를 끼다가 
카메라를 봤는데 카메라 안에 이물질 같은게 있더라고요?",790743988,1
3,0,고객센터에 전화를 하니 새 휴대폰을 보내드릴테니 데이터를 옮기고 처음 받았던 폰을 초기화해서 밖에 내놓으라고 했습니다,790743988,1
3,0,전에 쓰던 폰을 팔아서 여유분의 핸드폰이 없는데 그럼 저는 8일동안 핸드폰을 없이 사냐니,790743988,1
3,0,핸드폰 8일동안 없이 업무보며 살 수 있으시냐고,790743988,1
3,0,여러분 진짜 조금 귀찮더라도 애플 스토어 가서 사세요,790743988,1
3,0,그럼 내 핸드폰 데이터들은?????,810166388,1
3,0,이렇게 지저분한 아이폰 받아보긴 처음입니다,851287600,1
3,0,아이폰 기기에는 문제가 없지만 찝찝하네요,851287600,1
3,1,"14프로는 항상 뜨거웠어서;
- 근데 카메라랑 발열 빼면 메리트가 없음.",768934458,1
3,0,어떻게된게 아이폰상자 하나 딸랑 오냐 ㅋㅋㅋㅋ,776260191,1
3,0,뽁뽁이없이 그냥 아이폰을 상자에다 넣고 오시네요,775938915,1
3,0,수정: 쓰던 아이폰 assurant한테 보냈는데 완전 사기꾼입니다…,767515538,1
3,0,그동안 애플 잘 팔려서 걍 아주 맘대로 하시나봐요~,780198514,1
3,0,저 안에서 폰이 얼마나 굴렀을까요??,854246555,1
3,0,제가 받은 폰은 셀룰러 느림 이슈에 더해서 와이파이도 너무 느려서 실생활에서 사용할수 없을정도입니다,774621378,1
3,0,렉도 너무 많이 걸리고 핸드폰이 느려요..,795375516,1
3,0,최신폰인데 너무 당황스럽네요;;,795375516,1
3,0,내구도가 보급형 미만 나무 재질의 옷장에 살짝 톡 부딪혔는데 옆면에 변형 생김(기스+찌그러짐) 2년 후에는 갤럭시로 갈아탈 예정,830269744,1
3,0,"와이프랑 같이 17프로 구매
내폰은 이상 없으나 와이프폰은 첫번째 측면전원버튼 잘 안눌리는 불량품이라 교환신청해서 받았더니 카메라섬에 눈에바로 보이는 스크래치 두번이나 하자품받았는데 다음 교환은 8일뒤라는 안내
폰은 만족스러운데 대처가 너무 별로
기존폰 처리했으면 도대체 어떻게 하라는건지?",878418740,1
3,0,폰자체는 대만족인데 갑자기 폰사라진 와이프 옆에서 보고있자니 내가 다 화가나서 적어봅니다,878418740,1
3,0,전화할때 내 목소리가 안들림;;;;,867545860,1
3,0,폰바꿨더니 더 렉걸려서 열받음,787933340,2
3,0,어쩔수 없이 운영체제 때문에 쓰지만.. 할말없는 기기가 되어버렸네요,834858350,2
3,0,애플은 지는 해가 되는것 같네요,834858350,2
3,0,진짜 중국에서 만든 핸드폰같아요,767707106,3
3,0,잘쓰던 기존폰 보상으로 보냈는데 유선충전 불가로 0원?,783413969,3
3,0,잘충전하면서 쓰던폰 데이터 재설정 하고 보냈는데 유선충전 불가는 동의하기가 어렵고 많이 아쉬운 부분입니다.,783413969,3
3,0,아이폰 싫어하는 사람 손!?,835939730,4
3,1,"✅구매한 이유
원래 14프로 사용 중이었는데…
배터리도 너무 빨리 닳고 사진 찍을 때 초점이 안 맞아서 너무 답답했어요ㅠ",788511017,4
3,0,안에서 폰이 얼마나 굴렀는지 종이상자 내에 찍힘까지 있더라고요,825811963,4
3,0,"폰 바꾸는 거 자체를 별로 안 좋아하고  
17 디자인이 너무 구려 보여서 안 사고 싶었는데  
카메라 고장 + 충전 안 됨 +",833568263,4
3,1,"배터리 이슈까지 겹쳐서  
어쩔 수 없이 갈아탔습니다.",833568263,4
3,0,기존 핸드폰이 현저히 기능이 떨어지니..,836594331,4
3,0,설정 들어가서 검색하면 결과 없다고 뜨네여,862685720,4
3,0,저사양 게임 하는데도 버벅 거려서 결국 고민 끝에 교환 신청 했습니다 구매 후 체크가 필요합니다,862685720,4
3,0,그리고 이번 아이폰 마감 말 많던데 저도 위에 쪽 틈이 있어서 보고 속상...,793028491,4
3,0,아이폰은 11 /15 외에는 안 써봤는데 둘 다 너무 별로였음.,783760393,4
3,0,근데 13 /17 두 모델은 와이프한테 선물해준건데.,783760393,4
3,0,"역시 아이폰 비싸요, 아이폰 이제 감성은 저 멀리.

디자인도 그다지 이쁘지 않네요",769878203,4
3,0,"기능도 새롭지 않고 가격 비싼 핸드폰 그이상, 그이하도 아님",769878203,4
3,1,빨리와서 좋은데 발열이 너무 심해요...,773800646,4
3,0,누워서휴대폰 보지마세요. ...,873013603,5
3,0,"혹시그대로쓰다가렌즈에기스날수도있고 ,생각 
보다아이폰17프로를생폰 으로 쓰시는 분들이 많이계시던데. . .",873013603,5
3,0,"정말

...비싼 휴대폰이라 떨어뜨리면 .. .",873013603,5
3,1,"배터리사이클횟수를생각해서,

너무자주 충전기 꽂지마셔요.",873013603,5
3,1,"하루 종일 사용해도 저녁까지 버팀
•",872962610,5
3,0,"체감
이거 쓰다가 다른 폰 보면 “왜 이렇게 끊기지?”",872962610,5
3,0,폰 하나로 평가 받는 세상이라니요ㅜㅜ,869644831,5
3,0,사과폰은 아이들에게는 신분같은 존재인가봐요?,869644831,5
3,1,대신 배터리는 깡패 수준입니다.,869140507,5
3,0,특히 아이폰 같은 제품은 누가 한 번 썼던 걸 받게 될까 봐,864261492,5
3,0,"AI 에이전트도 그렇지만, 통화 시 자동녹음이 안 되는 점과
녹음 시에 안내 문구가 나가는 점이 굉장히 아쉬워요.",864464441,5
3,0,처음에 유심칩 끼우니 계정도 만들어야 하고 시간이 좀 걸리네요...,860102592,5
3,0,폰에 대해 잘 모르는 폰알못이라 대리점 가서 호갱 당할까 봐,849671538,5
3,0,"사실 제가 폰에 대해 잘 모르는 기계치라 오프라인 매장 가면
이것저것 부가서비스 가입하라고 할까 봐",849671538,5
3,0,왜 그 많은 선물 중에 아이폰 17이냐?!,848475788,5
3,1,"[배터리]
미니 배터리… 
반나절이 안가요..",848475788,5
3,1,배터리만 해도 답답함이 수직 하강했습니다,848475788,5
3,0,그냥 이런 휴대폰인이라고 생각됩니다.,848475788,5
3,0,"한손에 휴대폰이 안쥐어지거나 바지에 휴대폰이 들어가지 않아욬ㅋㅋㅋㅋㅋ 

이런거 때문에 미니를 샀었던 건데..",848475788,5
3,1,"고장만 안 나면 오래 쓰는 편이라 계속 사용할 생각이었는데, 4년정도 쓰니까 카메라가 바로 고장나네요",846508323,5
3,1,3) 배터리는 사용패턴 따라체감갈림,833662214,5
3,1,"라이트 유저는충분한데카메라
/영상/게임많이 하면 생각보다

빨리 닳는느낌 도있 어요 .",833662214,5
3,1,예전엔 배터리 강박(?) 같은 게 있어서 100에서 조금만 떨어져도 충전하곤 했었는데 그게 배터리에 안좋다고 하더라구요~?,828352394,5
3,1,"제가 원래 13을 사용하면서 
크게 불편한 점은 없었는데 
영상편집 한편하고 , 촬영 하고 , 하루 사용하면 집으로 퇴근하는길에 보면 
10프로 되서 꺼질랑 말랑 했거든요 ....",827033599,5
3,0,하필이면 핸드폰이 망가졌습니다.,822539778,5
3,0,"성능은 참 좋은데
기존에 갤럭시를 썻더래서 그런지...",822064386,5
3,1,성능 좋은 기기로 바꾸면 배터리 소모가 심할까,820005528,5
3,1,"또르르
배터리 효율도 상당히 떨어진 상태라 출장이나 여행시 불편함이 많았습니다",819396814,5
3,0,"가까이서 찍을 때 초점이 왔다 갔다 하면서 
원하는 타이밍을 놓칠 때가 종종 있는데, 
이건 이전에 쓰던 아이폰에서도 느꼈던 부분이라 
아이폰 특성인가 보다 하고 포기하게 됩니다 (진짜 불편)",818948387,5
3,1,"14프로 쓸 때 사진은 괜찮았는데 영상 찍거나 오래 쓰면 배터리 빨리 닳고, 여름엔 진짜 손이 뜨거워질 정도라 스트레스가 꽤 있었거든요.

✔️",816717428,5
3,0,"몇 년을 썼는지 이제는 폰이 시도 때도 없이 멈추고 버벅대는, 이른바 '곧 운명하실 것 같은' 징조를 보여서 더 이상 미룰 수가 없었죠.",815153470,5
3,0,그래서 이번에 폰 바꾸면서 아기한테 절대 폰 안쥐어줍니다..ㅋㅋ,808424203,5
3,0,"아쉬운 점
무게나 두께가 아주 가볍진 않아서, 휴대폰을 늘 주머니에 넣고 다니는 제겐 때때로 묵직하게 느껴졌어요.",805077134,5
3,-1,"소형폰 그리울 수는 있는데, 배터리 자유를 한번 맛보면 안 돌아갑니다.",859831888,5
3,0,"아이폰17은 셀룰러 이슈가 있어서 많이 고민했는데
실제 사용을 이틀정도 했는데 크게 체감은 안되는데 제가 무딘건지..",794261577,5
3,1,그동안 아이폰13으로 버티다가 배터리때문에 맨날 보배들고 다니고 스트레스를 너무 받았었는데요,788200387,5
3,1,"(아! 그리고 배터리가 진짜 빨리 닳아서 충전기는 매일 갖고 다녀야 될 정도였어요,,;;)",788739284,5
3,1,"- 13미니는 오래 쓰기도 했지만, 풀충하고 출근하면 중간에 한번 충전 해줬어야 했거든요. (충전 안하면 퇴근할 때 20%미만)",787095394,5
3,0,15프로 쓰는 남편이랑 똑같은 것을 찍어도 확실히 별로더라구요....,787095394,5
3,1,하루 종일 사진 찍고 영상 보고 SNS를 해도 퇴근할 때까지 버티는 수준이에요.,786171608,5
3,1,또 아이가 자는 모습을 동영상으로 찍을 때도 저장 공간이 금방 차서 늘 정리,785639743,5
3,1,"하루 종일 유튜브+사진+SNS 돌려도
밤까지 20~30% 남아요.",785280412,5
3,1,그런데 요즘 남편이랑 같이 게임을 돌려보니까 렉이 좀 걸리고 발열도 심해지더라구요.,782921873,5
3,1,하루 종일 이것저것 해도 저녁쯤 돼서야 20~30% 남는 수준이에요.,777270199,5
3,1,그리고 베터리가 진짜깁니다.,775205946,5
3,1,"예전폰은 한번이상외부에서 풀 충전을
했어야했어요 .",775205946,5
3,-1,256에도 충분하고 데이터 다 옮겼는데도100기가도 안차네요,773444039,5
3,0,"구매동기/
12프로 4년8개월 사용중이었고 ios26으로 업데이트하니 감당을 못해 잠금화면 푸는것도 오래걸리고 노래틀어놓고 인터넷하거나 사진편집하면 못버티고 앱이 꺼졌습니다.",772537646,5
3,0,"주의.

3. 갤럭시급 ai 불가.",772537646,5
3,0,셀룰러이슈는 잘 못 느끼겠음.,772537646,5
3,0,"저는 유심인줄 알고 새 핸드폰으로 다 옮겨지면  기존 핸드폰에 
’esim 삭제 및 데이터 삭제‘
’esim 유지 및 데이터 삭제‘

이렇게 버튼 뜨는데 생각없이 esim삭제 해서 새핸드폰에서 문자 전화 수신이 안되었네요...",772199829,5
3,0,(기존 핸드폰도 esim이 없어서 안돼요 ㅎㅎ),772199829,5
3,1,"보정 기능

⭐단점
① 충전 속도가 여전히 아쉽게 느껴짐",770986347,5
3,1,② 기본 저장 용량 선택 시 금방 부족할 수 있음,770986347,5
3,0,"애플은 박스를 딱 맞게 해줘서 안전해보이던데,,,

다른 리뷰 보니 휴대폰 박스도 더러워진 분들도 있던데 저도 그러네요,,,",769919131,5
3,0,"애플 정품이라고 해도 뭔가 못 믿더운 느낌,,,,?",769919131,5
3,1,배터리배터리는하루 정도는무난하 게갑니다.,769254567,5
3,0,그래도 왜… 아이폰프로로 갔느냐…?,768746984,5
3,0,"이건 아이폰 색상 있는 모델들 대부분 그렇지만, 잘 만든 케이스가 아니면 색이 덜 돋고 지문도 좀 묻음.",768563514,5
3,1,"충전 속도 한계
공식 발표된 20분 50% 충전은 고출력 USB-C 어댑터 사용 시이고, 기본 동봉 충전기는 없거나 약할 가능성.",768563514,5
3,1,무선 충전은 편하긴 한데 유선 대비 속도 덜함.,768563514,5
3,0,아이폰 17 프로는 인기가 없음,768470581,5
3,1,"장시간 사용시 
       손에 열이 전달되는 경우가  거의 사라짐..",769310230,5
3,1,"우리집은 죄다 C타입인데 
조카만 오면 8핀 안가져와서 충전 못하던 날들.",830404605,5
3,1,"오래 쓰고 싶으신 분은, 꼭! 배터리 최대 충전 80으로 제한하고,
단축어 설정으로 30미만 저전력모드 저절로 켜지고
30이상은 저전력모드 자동으로 꺼지는 기능 꼭 해두세요.",776770246,5
3,1,"4. 배터리 체감 상승 하루 종일 써도 충분히 버티는 느낌
(게임 많이 안 하면 이틀도 가능)

단점
1. 가격 부담 솔직히 비쌈.",881100562,5
3,0,저 5년만에 바꾸는거 같아요,770446944,5
3,0,"(네, 맞습니다. 변기 옆에 뒀다가 케이스 맞고 튕겨나가 액정이 사망했습니다... )",809296042,5
3,0,"비싼 아이폰, 그냥 사지 마세요!",809296042,5
3,0,갤럭시만 쓰셨던분들 아이폰에 적응 못한다?,882817521,5
3,0,갤럭시에 비해 안되는거 몇가지?,882817521,5
3,0,애플 케어 플러스도 정말 고민했지만 케어 가입은 ㄴㄴ (저는 폰 분실 한번도 없고 그렇다고 파손도 없었던... 보험료 아까워요. 교체해준다해도 리퍼라...저는 그닥...),861492537,5
3,0,"특히 인물 모드는“아이폰으로찍었 다”는
 느낌 이거의안 나요 .",817249522,5
3,1,5년정도 쓴 12프로는 배터리가 몇시간도 못가고 사진 2배줌하면 계속 화면이 흔들려서 쓸 수가 없더라고요ㅜㅜ,859672410,5
3,0,그러던 어느 날 제 iPhone 홈버튼이 죽어 버렸습니다ㅠㅠ,773902702,5
3,0,홈버튼이 죽으니까 엄청 난감 하더라구요.,773902702,5
3,1,"배터리는 반나절도 못 가고, 카메라는 밤만 되면 노이즈가 심했고, 앱 전환 속도도 확실히 느려졌어요.",827110929,5
3,1,배터리는 스트레스가 사라졌어요,827110929,5
3,1,배터리도 발열이 전화하면서 다른거 해도 그렇게 높지 않음,786745062,5
3,0,애플 너무 싫음 몇백짜리 팔면서 설명서도 없고 이틀동안 생쇼하다가 핸드폰 불량이라는걸 깨닫고 새로 받았음,844939934,5
3,1,"마이그레이션하고 나서 발열이 좀 있길래 뒀다가 써봤는데 발열감이 전 왜 느껴지는지 ;; 이게 불량인건지 그냥 메신저랑 sns만 했는데 ;;
그리고 배터리도 프로맥스라인을 썼을 때랑 비슷?",832666031,5
3,0,비싸도 아이폰만 쓰게되는 이상한 매직,832666031,5
3,0,이제 큰 폰은 못 쓸 것 같아요.,848757732,5
3,1,"2.배터리생각 보다크게차이안

나요 .",787299775,5
3,0,이 부분 때문에 너무 버전업 되어서 적응 못한건지 기기 하자인지 몰라서 서비스센터 다녀왔어요.,803205874,5
3,1,유선 이어폰 단자가 없어 무선 기기 사용이 기본이었음,847843673,5
3,0,잘못된 투자로 거지가 되어 8개월 쓴 16프로 팔고 XS 몇 달 사용해 왔어요.,809432678,5
3,0,색감은 점점 아이폰만의 색을 잃는 것 같아 아쉽지만... 셀룰러도 이슈 있다더니 진짜 가끔 짜증나네요.,809432678,5
3,-1,스피커도 16프로 대비 안 좋아진 것 같고.,809432678,5
4,0,"4. 카메라
카메라 빵점 드려요.",864032593,1
4,0,카메라 줌 하니깐 이물질 보임 잘 확인하시길,805702283,1
4,0,카메라 안에 미세먼지도 들어가있고.....,877334100,1
4,0,"색감 자연스럽고 선명함

 아쉬운 점
	•	망원 카메라 없음
	•",850621483,4
4,0,"2배 이상 줌하면 화질 저하 체감
	•	체감상 3~4배가 한계

특히 여행 가서 멀리 있는 건물이나 풍경 찍을 때는 망원이 없는 게 확실히 아쉬웠어요.",850621483,4
4,0,"바랍니다.(화면, 소리, 흠집, 등)

#",781693722,4
4,0,"뽑기가 잘못됫어요
카메라 화질이 왓다",882814814,4
4,0,"함)

⚠️ 맥스 유저가 느낀 솔직한 단점
1.화면 크기
맥스의 6.7인치(혹은 6.9인치) 광활한 화면으로 OTT나 게임을 즐기던 분들에겐 확실히 화면이 작게 느껴짐.",878686381,5
4,0,▶️ 홈 화면 관리 및 알림,878686381,5
4,0,"숫자 숨기기
빨간 숫자 배지가 거슬린다면 설정 - 알림",878686381,5
4,0,"단순 가성비는 좋겠지만, 영상/사진 퀄리티나 디스플레이 예민한 분들은 결국 후회합니다.",878686381,5
4,0,"광학줌또는 고급카메라설정이부족해서사진에진짜특화된 작업을원하시  는

분

에겐 아쉬움 있
	어요.•",849421187,5
4,-1,S iri 나일부iOS기능은기대 만큼 능숙하 지않다는 평가도있어요 .,849421187,5
4,0,카메라도 체감 차이가 커요.,839213450,5
4,0,네번째 - 카메라 화질.. ㅎㅎ,787908609,5
4,0,"근데 모양은 15.16과 같아서 그립갑이나 크게 달라진게 없고
오려 두개의 카메라라서 책상에 내려놓고 타이핑할때 수평이 
안맞아서 불편하더라구요? ㅠㅠ",786400155,5
4,-1,이 버튼으로 줌 같은 것도 조절 가능하다고 하는 데 그것까지 잘 안 쓸 거 같아요..,834776929,5
4,0,"근데 최근들어서는 인스타그램 게시글 몇개 보면
2~3프로씩 팍팍 닳아지는게 심상치 않더라구요.",830585549,5
4,-1,"▶️ 아쉬운점
망원 렌즈 없는것(크롭 2배줌은 가능),
USB2.0지원이라 PC연결해서 전송속도가 완전빠르지 않다(는데, 개인차...)
프로에서 지원하는 PRORes  영상기능?",819873055,5
4,0,"현상이 너무 심하다는걸 느끼게 되면서
갑자기 찍는 사진마다 마음에 들지 않는 현상까지 이르게
되었습니다 ㅋㅋ",816701616,5
4,0,"아쉬운점/유의 사항 •기본형이 라“프로	”	급망원카메라 ,고급 영상기능 ,고급렌즈등은 없어요.",807652811,5
4,0,"다만밤에영상 촬영 할때가로등 이나강한 빛이있으면  렌즈
반사
때문 에U FO 처럼보이는
빛번짐현상 이나타날수 있어요",862644919,5
4,0,"밝은 LE D환경 에서는이런 카메라 오류가드물게발생 하기도 한다고알려져
있어요",862644919,5
4,0,"4. 아쉬운 점 

밝은 야외 직사광선 노출 시 화면이 약간 답답하게 느껴질 때 있음",777092388,5
4,0,"망원카메라가 없는 것

아니 초광각 진짜 안 쓰고 필요없다구요ㅠㅠ",776341344,5
4,0,그래도 망원 하나때문에 50만원을 태울 자신이 없어서 일반라인에 잔류..,776341344,5
4,0,"문제
‼️ 다이나믹 아일랜드로인해 더 멀어진 상단바

--------

세상에.. 한 달 정도 쓰다보니 사진 찍을 때 왜 이렇게 터치를 안 하면 초점이 잘 안 맞지..? 싶었는데

라이다센서가 없어서 그렇네요...",776341344,5
4,-1,"해졌고, 동영상 촬영 시 손떨림",771280409,5
4,0,줌 사진은 디지털이라 멀리 있는 피사체 촬영할 때 한계가 있어요.,823430287,5
4,0,기본 카메라가 거의 DSLR 수준이에요ㅠ,815483242,5
4,0,"하고, 카메라는 그냥 예술이에요!",815483242,5
4,-1,"촬영한 동영상 재생시 심각한 노이즈 발생합니다
영상 첨부합니다",856389560,1
4,-1,"다른 동영상들도 촬영 후에 재생시 저렇게 되는데
답변 바랍니다",856389560,1
4,-1,가벼운데 색감이 너무 파랗게 느껴지네여,856381093,3
4,0,화질 빼고는 크기도 적당하고 만족하는데... 아무리 울트라여도 s21울트라보다 화질이 떨어지다니 급 나누기 너무 심한거 같네요,855798501,4
4,0,아무리 찾아봐도 없길래 검색해봤더니 울트라만 되는거......,859010822,4
4,1,S펜 미지원인 점도 체크해야 함.,883393103,5
4,0,사진 찍는 갬성이 없어진 느낌이지만.. 제가 못찍는거겠죠?,882475722,5
4,0,"화면도 점점 검댕이 생기고

잔상은 안 없어지고.",860479278,5
4,0,"카메라 성능도 진짜 역대급인데, 줌을 당겨도 화질 깨짐",858960537,5
4,0,사진 배경에 모르는 사람 찍히면 쓱- 지우는 기능 아시죠?,858476800,5
4,-1,사진+동영상은 어떻게 옮겼느냐?,855869605,5
4,0,암막커튼 쳐놓고 햇빛이 왜 안들어오지?,855369081,5
4,0,단점은...카툭튀....카메라가..툭 튀어나와있어요...,859010199,5
4,0,근데 프라이버시 화면은 울트라에만 그 기능이 있어서 좀 실망스러웠어요.,855898637,5
4,0,카메라 툭튀 적응하면 되고.,855366611,5
4,-1,"그 흔들림없이찍는 그거는 동영상에 사람달리는 그거버튼맞고
가로로 찍어야적용입니당",857858046,5
4,0,s26은 사생활 보호 액정 아닙니다^^,873606079,5
4,0,"카메라는 무난하게 좋은데 줌이 엄청 좋다거나 하지는 않고, 보정을 자체적으로 많이 해준다는데(광고를 보면 빙글빙글 돌려도 피사체를 잘 따라가는 등) 설정이 좀 필요한 것 같아요.",876666386,5
4,0,"카메라는 야간이나 실내 촬영에서 차이가 느껴지고, 흔들림",842335824,5
4,1,"S펜 빠지고 너무 비쌈 S펜,  UDC.",744674786,3
4,0,디자인이나 카메라 성능 올라간건 좋음,744674786,3
4,0,단지 화면 크다는 메리트 제외하고!특히 스피커 찍어낸 소리!!,783423442,3
4,0,바닥에 놓으면 기울어지고 보통 남성분들 주머니에 넣고 다니실건데 카툭튀가 너무 심하니 주머니에 넣다가 카메라가 걸립니다.,768087540,4
4,0,영상 2ㅡ3개 정도 보고나니 알겠는데 아직 익숙하지가 않아서 자꾸 접고 쓰게되네요,768087540,4
4,1,S Pen 미지원: 전작 대비 화면 내구성 및 두께 개선을 위해 제외된게 아쉽네요,840909938,5
4,0,"예전엔커버화면이너무길쭉해서 오타 도많이나고답답

해서억지로펼쳤거든요 ?",805873153,5
4,0,"200 만원이 넘는기기
인데카메라스펙을울트라랑동급으로안 맞춰주는 건여전히불만 입니다.",805873153,5
4,1,6 .S펜 :여전히 따로논다,805873153,5
4,0,말리는분 :카메라성능이최우선 인분(그냥울트라 가세요).,805873153,5
4,0,"3) 전면 화면 폭 좁음

앞면(커버디스플레이)이 폭이 좁아서
문자 입력 시 여전히 오타가 조금 발생함.

4)",804647422,5
4,1,"그리고 아쉬운 단점은
✔️S펜이 지원되지 않는다는 점입니다‼️",790017768,5
4,0,"하지만 내부 정면 카메라에 풀 스크린이 아닌 카메라가 있어 
영상 볼 때 한번씩 눈에 너무 확 뛰어 예민 한 분들은 생각을 좀 더 많이 해보셔야 합니다.",752254479,5
4,1,화면이 넓고 큰 만큼 좋지만 이번에는 펜이 따로 없는 것이 매우 아쉽고 솔직히 이 화면에 왜 없는지 의문이 들정도로 생각이 듭니다.,752254479,5
4,0,"야간 사진은 전작보다 확실히 나아졌지만, 아주 어두운 곳에서는 여전히 노이즈가 좀 보입니다.",751385826,5
4,0,"줌은 10배까지는 깔끔하지만, 20배 넘어가면 화질 저하가 조금씩 티가 나요.",751385826,5
4,0,"3. 카메라 성능

200MP 메인 카메라는 디테일이 말도 안 돼요.",747350142,5
4,0,내부 화면 지문메인 디스플레이는 유분이 잘 묻어요.,747350142,5
4,-1,이건 색이 아니라 ‘무드’다.,744830955,5
4,1,그리고 아쉬운건 s펜이 안된다는거...,744941294,5
4,0,난 고해상도의 카메라는 필요없는데 ....,749878428,5
4,0,"다 좋은데 인스타볼때 ,,,
크게 보이지만 사진이나 동영상이 잘려보이는건 
어찌해야되는지 모르겟슴ㅠ",856100465,5
4,0,맥세이프 카드케이스 붙이면 카메라가 커서 약간 밀림,798717870,5
4,-1,사진에 다 안 담기는 자태.,824436119,5
4,0,이제는 작은 화면을 보면 답답하게 느껴질 정도예요.,845683117,5
4,0,"/ 카메라 보정 심함

———————",747235177,5
4,0,"단점 (솔직하게)

화면 펼쳤을 때 타이핑이 살짝 어색할 수 있음",748871003,5
4,1,노트에 비해 너무 작아서 눈 피로감이 생김.,759537553,5
4,0,카메라도 체감 차이꽤큽니다.,745262850,5
4,0,"아쉬운건 전면 화면에 필름없이 노출되어 있는것(급하게 로켓배송)과 
메인화면 상단에 특허 분쟁 어쩌구에 갑자기 사라진 UDC...적응되겠죠 ;;",745096502,5
4,0,"가볍고 큰화면, 메인화면 접힌 자국은 더이상 의식하지 못하게되는 많은 변화들....",745096502,5
4,0,":
​힌지가 아무리 좋아져도 화면의 '주름'은 그대로입니다.",777670787,5
4,-1,4400mAh 용량이 대화면을 감당하기엔 조금 부족합니다.,777670787,5
4,0,다만초망원촬영 시디지털줌에서 는디테일 이떨어지는 걸느낄 때가가끔있 었습니다.,817342048,5
4,-1,"다만 아쉬운점이라면
1. udc 없어염..",812877750,5
4,0,2. 영상 비율에 적절하지 않아요..,812877750,5
4,1,그건 바로 s펜 미지원이죠.,769702327,5
4,0,금액이 비싼거랑 생각보다 카메라가 오잉?,744566430,5
4,0,카메라 필름을 붙여서 그런건지 아님 원래 그런건지는 모르지만 엄청 좋다는 생각은 안들더라구요,744566430,5
4,1,어차피 s펜은 있어도 잘 안씀.,744960408,5
4,0,장점 3 단점 3 1. 액정 화면이 넓어짐,744773280,5
4,1,"5. 배터리 용량이 늘지 않아 아쉬움

6. S펜 사라짐",744773280,5
4,0,"폴드7 다른 말 필요한가 유투브에서 많이들 하는말 뭐 카툭튀가 어떠니 펀치홀이 생겼느니 s펜이 안되느니
다 소용없습니다",821575061,5
4,1,S-Pen 사용 불가로 S펜 하드 유저들은 많이 아쉬울 수 있음.,744657136,5
4,0,다만 카메라는 보기 안이뻐요.,745615597,5
4,0,사진도 예전이랑 버전이 다르게 만들어서 찍을때 화면 흔들림이 넘 심함.,836204252,3
4,0,"카메라성능좋은만큼일반사용자기준 에서는 기능을다활용못
하는느낌도있 었음 .",880683049,5
4,0,영상 촬영 시 피사체 초점이 바뀔 때마다 화면이 미세하게 흔들리거나 화질이 뭉개지는 현상이 늘 아쉬웠어요.,848888093,5
4,-1,"유튜브로 볼 땐 투톤 컬러 별로였는데
실물 받아보니 투톤은 크게 거슬리지 않고
그냥 알루미늄 자체가 좀 보기 싫을 뿐...",787497704,5
4,0,아직까지 고스트 현상이 여전해서 야간 촬영은 짜증납니다.,787497704,5
4,0,"*2주 써보니 쨍한 날엔 줌 괜찮은데 저조도에서 별로네요

❤️",787497704,5
4,-1,"카메라쪽 오렌지 색상은 이뻤는데, 몸통쪽 투톤 컬러는 정말 못봐주겠더라고여, 아.. 아..",768147226,5
4,-1,출력이 아쉬운거지 그렇다고 음질이 나쁜 건 아닙니다,767800273,5
4,0,렸는데 아무래도 제건 너무 오래되어서 화질이 거의 지글지글 맛탱이가 갔었거든,862546666,5
4,0,"욬ㅋㅋㅋ
근데 리얼 전문가가 카메라로 찍은것처럼 나와요..",862546666,5
4,0,글고 카메라 뒤에 튀어나온거?,862546666,5
4,0,인물 사진이나 야간 촬영에서 차이가 느껴짐.,846886061,5
4,0,카메라 범프가 커 케이스 없이 사용 시 흔들림이 느껴졌음.,846065873,5
4,0,–i OS26 업데이트를쓰 면서일부사용자들 은배터리 최적화나특정 기능에서체감차이가 있다는의견도있으니( 특히U I애니메이션이 배터리를더쓰 는경우 )그런부분은주의 깊게설정해야 해요 .,827300505,5
4,0,"기대보다사진 이선명하 지않 았다는의견 도보였고,특히일부촬영조건 에서디테일이 아쉽다는후기도있 었음.",847842944,5
4,0,전면카메라 가기대만큼초점 이안정적이 지않다는 체감도일부사용자후기에서보였음.,847842944,5
4,0,"최신기 기경험자체 는훌륭하지만 ,크 기와카메라부분은 기대치에따라평가 가조금달라질수 있다는느낌이었 음.",847842944,5
4,0,"사진은 진짜 잘 나와요 
•",815797558,5
4,0,특히	카메라범프쪽모서리 에서 .•,797899753,5
4,0,"기존의강한 색감 (예:선명한블루톤 )을선호하던 사용자에겐 깊고 어두운블루	가약간밋밋 할수
	있	음.",797899753,5
4,0,일단 화면 크기부터 확실히 달라요,834741429,5
4,0,"특히모서리나
	카메라섬주변은코팅이나 마감이 까지 기쉬운 듯해요 .",803584842,5
4,0,"아직일부환경(아래

조명, LED 조명등)에서카메라 가art efa c t(특이한노이즈/왜곡등)를보인다는리포트 도있 으므로,매우  특수
한조명 환경 에서사진을많이찍 는분은참고 하시는 게좋아요.",767674965,5
4,0,일상 사진 퀄리티 차이 확실해요.,834035675,5
4,0,- 비싼 신제품 샀다고 카메라쪽이 보이도록 흔들고 다녀요.,769437741,5
4,0,디자인은 어차피 케이스 씌워서 사용해서 중요하지 않지만 너무큰 카메라 섬은 제응이 안되네요,818334841,5
4,0,무대 조명 계속 바뀌고 어두웠다가 갑자기 확 밝아지고 그러잖아요?,849662847,5
4,0,카메라는 프로가 뛰어나긴 한듯하고요.,788689875,5
4,0,별 차이가 없어요.(( 몰론 카메라 1배 기준으로 말씀드리는 겁니다. )),872743808,5
4,0,"아쉬운 점
​망원 렌즈의 부재(줌을 많이 쓰신다면 프로로 가셔야 해요).",833058294,5
4,0,"[아쉬운 점]
카메라를 엄청 세세하게 따지는 사람한테는 아쉬운 부분도 있을 듯했음.",863092319,5
4,-1,"다른 분들 리뷰 사진을 보면
같은 현상이 흔해 보였습니다",820373412,5
4,0,그리고 카메라도 13미니가 진짜 안좋거든요,833470314,5
4,0,확대하면..근데 17은 확대해도 거의 깨짐이없고 무슨 얼굴에 모공까지 자세하게 잘보여서 사진을 못찍겠어,833470314,5
4,-1,"그리고 카메라 버튼이 오른쪽에 생겼는데 화면키고 카메라 키는 방법에 적응이되어그런지 이거는 1도 사용하지않고잇습니다 ㅋㅋ



+",833470314,5
4,0,영상이 두개를찍었는데 한개밖에올라가질않네요,826411567,1
4,0,"다른분들은 다 좋다는 평인데
z플립 3 보다 카메라 화질이든 그냥 화면이든 흐리멍텅한게 제가 받은게 불량인건지 
같은사진 띄우고 비교해보면 너무 다릅니다.",746251661,3
4,0,다들 화질 좋다는게 이해가 안가네요.,746251661,3
4,0,"- 긍정적 : 
  커버와 메인 화면 커짐, 두께 얇아짐",747076221,3
4,0,"- 부정적 :
  힌지 필름 들뜸, 충전시에 발열, 카메라 성능 아쉬움, 
  생각보다 무거움",747076221,3
4,-1,- 캠코더 촬영하는 듯한 동영상.,773521689,4
4,0,- 제일 최악인 단점으로는 카메라임.,773521689,4
4,0,전에 쓰던 폰은 s23이라 화질도 너무 좋고 색감도 예뻐서 풍경 사진 찍는 거 너무 좋아하는데 이건 무슨 확대도 10배줌이 끝이고 10배 줌을 해도 이상한 AI로 변환 돼서 색감도 개이상하고 사람은 더 이상하게 찍힘.,773521689,4
4,0,카메라가 정말 별로라서 ㅋㅋ 동영상 찍고 1배 줌 이상은 절대 안함,773521689,4
4,0,커버 화면 꾸미기에 너무 진심이지 마세요.,829631320,5
4,0,"3. 커버 디스플레이, 여행 중 체감 차이 큼",824083042,5
4,0,"1을 사용해보면 7의 주름은 주름이 아니네요.

☀️",782579264,5
4,0,"확대해서 축소해서 촬영해도 간간이 다 깨져 픽셀이 분리됐는데 
그런게 덜하고.",782579264,5
4,0,- 그리고 카메라 화질은 확실히 S 시리즈보다는 떨어지는 편입니다.,750758013,5
4,-1,확대해 보면 살짝 노이즈도 있구요,750758013,5
4,-1,"단점 :광학줌이 부재하고 ,저조도성능

에서도 제한 적인 개선이유일 한약점 입니다.",750487501,5
4,0,"<♡

✅️갤럭시 z플립7 일반인의 솔직한 후기
-커버 디스플레이 잘 안쓰게 됨",745461410,5
4,0,"( 좀 더 써봐야 알 것 같음)
-카메라가 어쩔땐 흐리게 어쩔땐 선명하게 찍힘.",745461410,5
4,1,"-키보드가 짱커서 좋음 , 네일한 사람들은 알겠지만 타자 치기 쉽지않음",745461410,5
4,0,"물론 슬림한디자인이라 어쩔수 없다곤 하지만
너무 카메라가 튀어나와서 좀 불안하긴 해요.",745205222,5
4,0,플렉서블 디스플레이 특성상 내구성에 민감할 수 있음,803956913,5
4,0,#사용하기 더 편리해짐 #액정깨질까무서움 #,809680229,5
4,0,"(예전쓰던거는 20% 남아있었음)

그리고 아쉬운건 카메라..",773567952,5
4,0,플립6 쓰시는 분꺼랑 비교하면 너무 어두워요....,773567952,5
4,-1,검색해보니 플립7의 문제점 중 하나더라구요,773567952,5
4,0,그래도 크게 신경 안 쓰고 썼는데 이번에는 보려고 해도 잘 눈에 안 띄어요ㅎㅎ,744936084,5
4,-1,플립5 카메라가 많이 안 좋았거든요...,744936084,5
4,0,아..카메라 는 절대 기대하지 마세요,880246794,5
4,0,일단 가볍고 외부화면 커진건 좋은데 특별하게 활용을 잘 안해요,803758397,5
4,0,다른것보다 카메라 화질이 진짜 구려요,803758397,5
4,-1,대신아쉬운점은 이번에는 색이..넘  단순?,745974297,5
4,0,옛날 플립은 접히는 부분이 티나고 그러던데 요즘 나오는건 그냥 화면이랑 다를게 없어요.,752974529,5
4,0,특히 어두울때에는 더더 심했구요..,810348355,5
4,0,"카메라
접어서 찍는 로우앵글샷이 예술!",746371672,5
4,0,몰랐는데 7부터 화면이 옆으로 넓어졌네요,811561878,5
4,0,그리고 커버화면쓰는거도 익숙하지않아서 의식해야써지고요 ㅎㅎ,748135115,5
4,0,이쁘고 다좋은데 카메라가 아주별로에요,748135115,5
4,0,목표물을 집중해서 찍어야대는데 주변이선명하고 찍을려는부위는 흐려요,748135115,5
4,0,고장은 안났는데 터치도 잘 안먹히고 화면이 필터 씌운것처럼 뿌옇게 되는 경우들이 빈번하게 발생해서 이젠 바꿔야겠다 싶더라고요~,769933698,5
4,0,한몇달 쓰면서 카메라부분에 이물질이 들어가서 검은점이 생기더라고요,792319383,5
4,1,"맥세이프 케이스 끼고
맥세이프 그립톡 착용했더니
자력이 닿는 그 구간만큼
노트 펜 인식 안됨^^

✅",857525641,1
4,0,"얼굴인식은
마스크 쓰거나 얼굴 일부 가려져있으면
인식 못함ㅋㅋㅋㅋㅋ",857525641,1
4,0,"무쓸모

✅카톡 사진전송 한번에 30개 밖에 안됨",857525641,1
4,0,사진 결과물은 아이폰 보다 구림...,857525641,1
4,0,"아이폰15프로랑 갤S26울트라 카메라 켜고 비교해봤는데
15프로는 색감을 그대로 구현하는 반면
울트라는 실제 색감을 그대로 담지 못함",857525641,1
4,0,"전면카메라 화질 구린 것도 한 몫..
 
✅",857525641,1
4,0,"거의 80도는 돌려야 화면이 안보인다해야하나 
내용이 안보이는게 아니라 밝기 좀 낮춘정도로 보여서 저만 민감한건지..",855881377,1
4,1,이틀동안 잘쓰고 있었는데 s펜 캡처할라고 꺼내고 나서부터 터치가 안되네요,856660108,3
4,0,그리고 검수 해보는데 눈에 띄는 문제는 없는데 카메라에 먼지 하나가 보여서 섭 센테 가봐야할꺼,855868115,4
4,-1,필름씌우니까 지문 인식도 잘안됨,856189021,4
4,0,카메라부분이 튀어나와 테이블에 내려놓았을때 뒤뚱거려요...,870263628,4
4,0,설정 하나로 시야각을 제한해 대중교통이나 공공장소에서 옆 사람이 내 화면을 볼 수 없게 만듭니다.,876492899,5
4,0,종전 폰의 낮은화질로 인한 시력저하로 고생했기에...,881679909,5
4,0,"일부사용 자들 은새로운개인정보 보호화면( Priv ac yD isp la y)기능이눈 에피로감을 주거나 텍스트가흐릿하게  보인다는의견도 있고 ,또일부리뷰에서는이전모델 대비큰혁신 이없다는지적 도있 습니다.",862820991,5
4,0,센서는 그대로이나 렌즈가 조금 커졌고 같은 조건하에 빛을 조금은 더 받아들이기 위해 밝기를 키운 걸로 보이는데 카메라 센서는 여전히 재탕에 재탕...,861235666,5
4,0,그래서 카메라 센서 업그레이드 부분역시 아쉽다고 평하고 싶습니다.,861235666,5
4,-1,"애니메이션 넘어가는 것들을 봐도요 ㅎㅎ



➡️",861064660,5
4,0,"이번에 삼성광고에서 주력으로 밀고있는 ‘프라이버시 보호 기능’을 써봤는데 확실히 따로 착용하는 ‘사생활보호 필름’보다는 나은데, 화면 화질 자체가 낮아진달까요?",860573287,5
4,0,"지하철이나 버스에서 그때그때 키고 끄면서 쓰기 좋으나, 매일 사용하기엔 눈도 침침해지고 화면화질도 미묘하게 낮아져서, 많이는 안 쓸 것 같네요.",860573287,5
4,0,저는 만족스러운 기능이지만 눈 피로감이나 화면 흐림을 느낀다는 의견도 있어서 호불호가 갈리더라구요..!!,860399616,5
4,0,"특유의 어두움과 자글자글한 액정이 도저히 못참고
폐기했었습니다....",860073019,5
4,0,2. 밝기가 보호기능 껐을때 대비 어두워진다,860073019,5
4,0,"25울트라 쓰면서 제일 아쉬운데 카메라 인데요, 사진은 잘찍히는데
뭔가 어둡게 찍히는느낌이 있었어요.",860073019,5
4,0,"( 데스크탑 컴퓨터와 가격 비슷 )
            2. 카메라 성능은 그다지 좋은지 모르겠음",859602545,5
4,0,"3.  화면 프라이버시 기능, 나에게 필요 없음",859602545,5
4,0,"다만 몇가지 제약은 있으나, 옷 스타일이나 배경, 사람 지워줘",859326831,5
4,0,정말 다각도로 보려고 해도 안 보이더라고요.,858676575,5
4,0,"알림창에서 버튼만 딱 누르면 정면에서 보는 내 눈에는 선명한데, 옆 사람 각도에서는 화면이 까맣게 변해서 아무것도 안 보임.",858549774,5
4,0,부담스러운 카툭튀: 카메라 기능은 잘 안 써도 물리적인 렌즈가 크고 튀어나와 있어서 책상 위에 생폰으로 올려두고 화면 터치하면 덜덜거림.,858549774,5
4,0,내돈내산 / 화면 어두움 사실인지 확인해봄,857622172,5
4,0,이 기능은 옆에서 화면 잘 안 보이게 하는 기능이에요.,857622172,5
4,0,옆 각도에서 보면 화면 더 어둡게 보여요,857622172,5
4,0,카메라 돌출 꽤 있는 편이에요,857622172,5
4,0,특히 카메라 돌출은 생각보다 있는 편이에요.,857622172,5
4,0,화질 선명도 차이가 굉장히 많이 납니다.,857352152,5
4,0,그리고 그걸 작동하면 순간적으로 화면이 약간 어두워지긴 하더라구요..,856692571,5
4,-1,"줌 기능을 써봤는데, 멀리 있는 간판 글씨까지 깨짐",855649574,5
4,0,"야간에 찍어도 노이즈 없이 밝게 나오고, 영상 촬영 시 손떨림",855649574,5
4,0,"□화면
이번 s26 울트라 화면 문제로 언급이 많이 되는데요",858113507,5
4,0,오히려 화면 밝으면 너무 눈부시고 시려요ㅠ,858113507,5
4,0,가장 크게 느낀 부분은 카메라 돌출임.,855488014,5
4,0,사진을 더 많이 찍어봐야 알 것 같긴 하지만 지금까지는 기대했던 만큼의 변화는 아닌 느낌임.,855488014,5
4,0,그런데 사진을 찍다보면 화면이 순간적으로 깨지면서 줌이 잡히는데 원래그런건지 불량인건지 난감합니다;;;;;,855389192,5
4,0,"색감 선명
✔ 야외 시인성 좋음",855224419,5
4,0,"카페처럼 사람 많은 곳에서 휴대폰 사용할때
옆에서 화면이 보일까 신경 쓰일 때가 있는데
이 기능을 켜두면 측면에서 볼때 화면이 잘 안 보이더라구요",859195893,5
4,0,"사진과 영상을 많이 찍어서 울트라를 구매한거라 그 부분에서만 보자면 사진 화질이 꽤 좋아졌지만, 호환 문제로 인해 제가 주로 쓰는 편집 프로그램으로 영상을 불러 왔을 때 영상이 세피아처럼 되면서 쓸 수가 없습니다.",856258370,5
4,-1,"기능은 추가된게 많지만, 사진에서 특정 물체를 선택 이동 시키는 단순한 기능조차 선택한 일부가 제멋대로 삭제되거나 하는 등 제가 막상 필요했던 부분이 제대로 구현되지 않아서 엄청 좋다거나 하는 실감은 하지 못하고 있어요. 

(프라이버시 보호)",856258370,5
4,0,"첨부된 사진중 꺼진것처럼 보이는 화면이 사실은 켜져있는 화면이에요...ㅋㅋㅋ

•",855490005,5
4,0,한가지 적응 안되는건 툭 튀어나온 카메라에요..,876406004,5
4,0,"베젤최소화: 전면디스플레이의 베젤이더욱얇아져몰입감

이상당합니다.",877856471,5
4,0,야외 가독성: 주말에 애들이랑 공원 나들이 가면 햇빛 때문에 화면 안 보여서 손으로 가리고 찍으셨죠?,877420929,5
4,0,똑똑한 AI 편집: 사진 구석에 찍힌 모르는 사람이나 지저분한 장난감?,877420929,5
4,1,펜을 쓸 때는 그립톡을 잠깐 떼고 사용해야 하더라구요,870517056,5
4,0,"프라이버시 디스플레이, 즉  화면까매지는기능이 안됩니다............ㅎㅎ.",855248145,5
4,0,지하철에서 제 화면 볼 때마다 은근 신경이 쓰였거든요..,856937869,5
4,-1,"기존에 쓰던 Z Flip은 측면 버튼으로 지문 인식을 했는데, 
화면 지문 인식 방식이라 그런지 강화필름 때문인지 지문 인식이 잘 안 될 때가 가끔 있습니다",856937869,5
4,0,쨍한 화면의 느낌이 아니고 약간 흐리멍텅한 느낌? 쓰는데는 지장없음,856134415,5
4,0,"옆에서 보면 화면 잘 안 보이게 하는 기능 있는데
아직까지는 엄청 유용한지 잘 모르겠음",857292783,5
4,0,카메라 성능이 개선된 것이 별로 없다고 하는 말이 맞는 것 같습니다.,875017507,5
4,0,딱하나 카메라가 튀어나와있어서 책상위에 올려놓으면 기울어져있고 덜커덕 거린다고 해야하나?,860221421,5
4,0,그린고 폰 들고있다보면 카메라 렌즈에 손가락이들어가야,860221421,5
4,0,조금 안정적이게 들고있을 수있는데 카메라가 좀 지저분해진다는 부분이 있어요,860221421,5
4,0,화면은 넓은데 무게는 너무 가벼워요.,859319238,5
4,1,"S펜도 있어서 메모하거나 간단하게 필기할 때 유용하고 

전체적으로 속도도 빠르고 버벅임",858210469,5
4,0,"- 메인은 사생활 설정인데요, 개인적으로 설정을 키면 화면이 좀 뿌옇게 보여요",858579462,5
4,0,- 그렇다고 사생활이 크게 잘 가려지진 않는거 같습니다,858579462,5
4,0,근데 저는 화면이 전반적으로 어둡게 느껴져서 잘 안 쓰게 되더라고요.,855786150,5
4,0,"1. 겉면부 스크래치 및 도장 탈락 확인
2. 디스플레이 픽셀 결함 확인
3. 카메라 초점 정상작동 확인
4. 음량 조절시 정상작동 확인
등등",855369246,5
4,-1,유튜버들이 요약 잘해놨습니다,855650395,5
4,0,이제 작은 화면으로는 못 돌아갈 것 같아요.,877733537,5
4,0,거기가 프라이버시 디스플레이 ...,858487717,5
4,0,"플립에서는전원버튼

지문 인식을 사용 했었 는데이모델은
액정지문인식이다 보니 아직 은좀불편하네요.",860553233,5
4,-1,"그리고다른분들후기에서보던 것처럼화면이살짝어두워보이는느낌 도있더라고요

.",860553233,5
4,0,100배 줌: 이전보다 흔들림,864672146,5
4,1,"좀 무거운편이고
s펜이 리모컨기능안되는거 극혐 책볼때넘기는게최고였는데
카메라 가까이찍는거랑 멀리찍는거 성능미쳤음",857855728,5
4,-1,"그 흔들림없이찍는 그거는 동영상에 사람달리는 그거버튼맞고
가로로 찍어야적용입니당",857855728,5
4,0,프라이버시 디스플레이는 역시 신기한데 아직은 그 쓰임새가 제겐 애매하네요.,856601454,5
4,0,"5. 디스플레이 (신기능 있음)

울트라만 프라이버시 디스플레이 탑재

이게 뭐냐면:

옆에서 보면 화면 안 보임",861598600,5
4,0,"지하철이나 카페에서 개인정보를 지키기에 탁월하지만, 기능을 켜면 정면 밝기가 약 20~30% 정도 감소하는 특성이 있습니다.",857373976,5
4,0,집옥상에서 시청까지 4키로정도인데..,856778178,5
4,0,화면 반이 날아가서 사용하기 어려워졌는데 시간이 지날 수록 깨진 부,880863965,5
4,0,카메라 성능이 좋아져서 그런가요?,877303078,5
4,0,스냅드래곤이 들어가서 드런지,856434879,5
4,0,화질 논란: 기능을 켰을 때 화면이 약간 어두워지거나 입자감이 느껴진다는 평이 있습니다.,856251926,5
4,0,* 디스플레이 밝기 저하: 프라이버시 기능을 켜면 화면의 픽셀 절반을 제어하는 방식이라 전체적인 밝기가 살짝 어두워지는 느낌을 받을 수 있습니다.,857156701,5
4,0,얇기 때문인지 카메라 때문인지 몰라도 기술적으로 진동세기가 만족스럽지 않습니다 .,856578704,5
4,0,무게중심이 카메라쪽에 쏠립니다,856578704,5
4,1,"잘쓰고있지만~ 불편한 점 몇가지

1. S펜, 스피커 위치
폰케 씌운 기준으로 S펜 꺼내기 좀 어렵고 (한번에 쇽샥 빠지는 쾌감 X)
스피커가 가로로 잡고 게임할때 손 닿는 위치에 있어서
막혔다 열렸다 하니 쉬웅쉬웅 소리남
음질도 좀 노이즈 낀거같이 들림..",855703316,5
4,0,"3. 카메라 위치
카메라가 너무 크고, 튀어나왔고, 자리를 많이 차지해서
폰을 쓰다 보면 손가락이 대놓고 카메라에 닿음",855703316,5
4,0,"아마 사진 찍을 타이밍이 오면 지문이 덕지덕지 묻어
뿌연 사진을 찍게 될것임",855703316,5
4,0,카메라 성능이 좋으면 뭐함?,855703316,5
4,0,프라이버시 모드?는 눈아파서 도저히 못씀..,877772333,5
4,0,"향상된 모드 사용하면 정면아니면 위,아래, 좌우 하나도안보여요.",855253177,5
4,0,프라이버시 기능도 정면 시야각이 너무 어두움.,857811155,5
4,0,처음엔 깨진건가 했는데 카메라 안쪽에 뭐가 있었습니다,790743988,1
4,0,- 그래도 카메라는 정말 많이 좋아짐(광학크롭8배 매우 만족) 하지만 고스트플레어도 심해진 듯..,768934458,1
4,0,아니 처음받았을때부터 화면터치가 잘안되고 버벅거리길래 기분탓인가했는데 유튜브나 웹툰볼때 화면 저절로 뒤로가기눌러지고 혼자확대되거 막 난린데 이거 불량아닌가요?,787933340,2
4,0,"특히 화면 터치해도 초점이 자동으로 잘 안 잡히는 게 은근히 스트레스였고
영상 촬영할 때도 선명하지 않게 찍히는 경우가 많아서 결국 업그레이드 하기로 결정!",788511017,4
4,0,"줌 땡겼을 때 화질 저하가 꽤 눈에 보이고, 손 떨림에도 민감한 편이에요

✅",788511017,4
4,0,줌 촬영은 그냥 참고 쓰는 정도로 만족해야 할 듯ㅎㅎ,788511017,4
4,0,"3.카메라글리치보고 사례있 음아주 밝은L ED조명환경등일부특수조건에서사진일부가검은영역이거나이상하 게표현되는글  리치
가보고된바있 고,A pp le 이소프트웨어패치 를약속 한상태임.",771006806,4
4,0,"다른사용자분들도 카메라 부분이 튀어나와서
불편하다고들 하시든데 ..",836594331,4
4,0,다 괜찮은데 카메라가 너무 어두워서 화질이랑 썩 좋은 줄 아직 잘 모르겠네요,796231359,4
4,0,"아쉬운 점 & 적응이 필요한 부분 
*​카메라 버튼 적응기: 새로 생긴 버튼을 문질러서 줌",875467474,5
4,0,"아쉬운점은 카메라 부분이많이튀어나와 

있어요",873013603,5
4,0,"책상에놓 을때도카메라 부분이 튀어나와있어,딸깍딸깍 흔들림 이있 어서  신경쓰이더라구요",873013603,5
4,0,"“카메라 하나로 일상 퀄리티가 완전히 달라짐”
✔️“버벅임",872962610,5
4,0,"음식사진
대충 찍어도 색감 살아있어서 맛있어 보임.",872962610,5
4,0,"사진 많이 찍어도 급격히 안 닳음
•",872962610,5
4,0,"디스플레이
스크롤 할 때 부드러움부터 다름.",872962610,5
4,0,"미니를 처음 살때 카메라가 그렇게 다를까 싶었는데,
미니..의 확대한 카메라 화면 보면 진짜 노답이었어요 ㅋㅋㅋ",848475788,5
4,0,"멀리 있는 피사체를 확대해도 깨짐이 적고, 흔들림",839595785,5
4,0,"카메라 성능이좋은 만큼일반사용 자입장 에서는기능  을
다활용 못하는 느낌 도있 었음 .",880687397,5
4,0,그리고 카메라 검은점도 생긴 것..,819396814,5
4,0,특히 줌 당겨 찍을 때나 멀리 있는 걸 찍을 때 디테일이 흐려지는 게 계속 신경 쓰이더라구요.,819241728,5
4,0,"노치 디자인과 AOD 미지원
노치로 인해 영상이나 게임에서 화면이 온전히 쓰이지 않는 느낌이 있었고, 항상 화면을 켜야만 시계·알림을 확인해야 하는 점이 아쉬웠습니다.
•",818973238,5
4,0,"카메라 성능 자체는 좋은데, 
자동초점 잡히는 부분은 여전히 불편하다고 느껴져요.",818948387,5
4,0,고해상도 덕분에 인물 사진 찍을 때 피부 질감이나 배경 흐림,805077134,5
4,0,일상 사진 찍을 때도 흔들림,800896425,5
4,-1,공식 이미지나 유튜브 리뷰에서 봤던 그 색이 아닙니다.,799770584,5
4,0,"인물 사진 찍을 때 피부 표현이 훨씬 덜 인공적이고, 빛 번짐",789128866,5
4,-1,뭔가 선명하지 않은 느낌? 그렇다고 xs처럼 감성있는 색감이 나오는 것도 아니구요.,787095394,5
4,0,"어두운 실내에서 아이 사진을 찍으면 노이즈가 많고, 초점이 흔들려서 순간을 예쁘게 담기 어려웠어요.",785639743,5
4,0,그런데 아쉽게도 뒤쪽 카메라섬 부분에 아주 살짝 기스가 있어서 바로 교환 요청을 했습니다.,782921873,5
4,0,"'다이나믹 아일랜드'
17 Pro 정도 됐으면 이젠 UDC(언더 디스플레이 카메라)로 '트루 풀스크린' 넣어줄 법도 한데...",782304138,5
4,0,"넷플릭스 볼 때마다 살짝 거슬리네요.


✅",782304138,5
4,0,그리고 인물 모드의 배경이 자연스럽게 흐림,779411229,5
4,0,"아쉬운 부분을 굳이 꼽자면,
밝은 조명 아래서 화면 반사가 살짝 신경 쓰이고, 프레임 부분에 미세한 스크래",777270199,5
4,0,특히 인물 모드의 배경 흐림,777140225,5
4,0,다만 망원 렌즈가 없어서 공연 같은 데서 줌 땡기면 화질이 깨지는 건 아쉬움.,775553693,5
4,0,"단점
망원 렌즈 없음 (줌 땡길 때 실망)",775553693,5
4,0,너무 밝아서 영상볼때 빼고는 밝기 50%로만 하고 사용합니다..,774694402,5
4,0,옆으로 돌려찍으면 눈이 이상한 곳 보고있잖아요.,772537646,5
4,0,실내에서는 최대 밝기가 너무 밝아서 저는 살짝 내려놓구요.,772537646,5
4,0,"햇빛 쨍할때 진짜 하나도 안보일때가 있었는데
이젠 안그래요.",772537646,5
4,0,카메라섬 약간 부끄러우면서도 자랑스러운 이것.,772537646,5
4,0,"디스플레이
화면은 그냥 끝판왕.",772089524,5
4,0,"사진을 찍을 때 색감이 자연스럽고, 영상 촬영 시 손떨림",770054217,5
4,0,"사람들은 카메라 섬이 너무 별로라며 안이쁘다고 하지만 저는 카메라 섬보다 투톤인게 더 별로인 것 같더라고요,,,
투톤 때문에 오히려 카메라 섬은 괜찮아 보이는,,,?",769919131,5
4,0,이제는 60Hz 화면을 보면 역체감이 심하게 느껴질 정도입니다.,768780236,5
4,0,카메라 품질도 확실히 일반 모델과 차이가 나고 야간 촬영이나 줌,768744064,5
4,0,라이더 센서가있으니 이게 프로에있는 센서자나요,767752450,5
4,0,아이폰은 카메라가 많이 발전했지만 줌 땡겼을 때 화질이 구린 것 같아요,769593577,5
4,0,카메라 렌즈에 지문 자국이 많이 남는 것도 단점으로 꼽을 수도 있을 것 같습니다.,826337871,5
4,1,"그래도 뭐 안에만 깨끗하면 괜찮지 라는 생각으로 
썼는데 
찝찝ㅠㅠㅠ 왜냐면 터치가 잘 안되더라고여ㅠㅠㅠ
속상하다",770446944,5
4,0,저처럼 갑자기 화면이 나가버려서 백업을 못 하는 분들이 계실 수 있어요.,809296042,5
4,0,"망원 ( 8×줌등 )기능이 탑재됐 다고 는하지만, 실제 저조도조건이나극단적 확대상황에서는
	기대만큼의 성능향상이체감되지않는다",793986196,5
4,-1,"영상도 4K로 찍으면 깔끔하고, 편집할 때도 끊김",785915955,5
4,0,일단 폰 카메라가 조금 튀어나와있긴 하더라구요,809940363,5
4,0,새폰인데도 초점을 잘 못잡는거 같기도하고 사진 편집 기능도 다른 업체만 못한거 같고요.,859672410,5
4,0,사진도 별로 찍지 않습니다.,773902702,5
4,0,야간촬영하면 원래 몇초기다려야,769544228,5
4,0,카메라는 ‘세대 차이’가 아니라 ‘급 차이’였어요,827110929,5
4,0,"성능 ·
카메라·배터리전부만족했어요✔️",827110929,5
4,-1,"사실 오렌지도 보면 화사하니 이쁜데
제가 그런 계통 색을 선호하지 않고, 
무난하게 실버 갈라 그랬는데 실버는 실물이 너무 실망인 ㅠ 
등 부분이 너무 둥둥 떠요;",768597474,5
5,-1,며칠 사이로 금액이 내려가다니 너무하네요,873278721,1
5,3,다른 분들은 잘 알아보고 사세요ㅠㅠㅠㅠ,852915416,1
5,0,점점 떨어지고 있는 가격을 보니 가슴이 쓰립니다...,845107177,3
5,1,아니 그래도 100만원 넘는건데 뾱뾱이 하나 없이 그냥 와서 좀 그렇네요.,775937228,4
5,2,"전자는 기기값을 할인 받는 대신 고가 요금제를 몇 개월간 쓰고, 또 2년동안 약정이 걸립니다.",875277464,5
5,0,하다 가격이 너무 부담스러운거에요 ㅠㅠ,874939027,5
5,1,(무이자 3 개월 로긁어버림 .. .!),874939027,5
5,2,"물론 요즘 대리점이나 통신사 가서 잘 찾고 싸게 구매 가능한건 알지만, ,, 왠지 거기서 사는건 또 휴대폰요금을 
더 큰걸 써야하고, 또 약정할인에, 꼭 .... 결국은 제값에 휴대폰을 다 사오는 기분이랄까요?",874932287,5
5,0,"단점
가격이 역시 부담스러운 편이에요.",865407104,5
5,0,아쉬운점 : 가격이 아무래도 부담이 되긴 합니다.,850380322,5
5,2,"선택약정 할인 적용이 안 되고, 일정 기간 고가 요금제 유지에 부가서비스까지 유료로 가입해야 하는 조건이었습니다.",849591822,5
5,1,"아쉬운점(단점)
- 무서운 가격(보상판매를 하게된다면 어느정도 타협 가능)
- ㅅㅅ페이 결제에 습관이 들어있어 사용 초반에는 카드를 안챙기고 나가서 다시 돌아간적이 한두번이 아님^^;",845447662,5
5,1,"물론 현재는 이런 실수는 없지만 페이 결제에 대한 아쉬움은 있음

▪️",845447662,5
5,1,아쉬운 점 하나는 신한카드가 아직 애플페이 등록이 안 된다는 거예요.,842479232,5
5,0,17프로 라인은 너무 비싸게 나왔더라구요ㅠㅠ,786400155,5
5,0,특히 주말에는 가격이 대체로 올라가는 느낌이예요.,833784618,5
5,4,"다만 가격대가 높은 편이고, 충전 어댑터가 기본 구성에 포함되지 않는 점(사실 이건 조금 오래되긴 했지만요 ㅎㅎ)",818495977,5
5,4,아쉬웠던 점은 항상 그렇듯 가격이 높다는 점… 그리고 기본 구성품이 충전 케이블만 있어서 충전기 따로 구매해야 해요.,812774234,5
5,1,30만원정도의 차이가 다더라구요!,792587564,5
5,0,기계 가격이 저렵하다고 느낄정도예요.,792386063,5
5,2,"이심 재발급비 청구 됨
알뜰폰 업체마다 다르니 확인 필요!",787424346,5
5,0,두 번째는 수리비 부담이에요.,775880396,5
5,2,마지막으로는 통신사 혜택 제한이 있습니다.,775880396,5
5,0,다만 초기 구매 비용과 수리,775880396,5
5,0,가격은 저렴한줄 알았는데 크게 차이 없었구요,863924805,4
5,1,120만원도 싼건 아닌데 걍 다해주지ㅜㅜ,859010822,4
5,2,통신사 복잡한 부가서비스나 요,883203582,5
5,0,앱 유료결제는 뭔가 추가 비용이라 꺼려졌습니다.,882475722,5
5,2,대리점에서 구입하면 약정기간이 있고 초기 몇달은 비싼 요금제로 계약을 해야 하잖아요,874221908,5
5,0,그리고 가격은 솔직히 조금 비싼 편입니다.,876175386,5
5,0,s25가 쌌으면 그걸 샀겠지만ㅜㅜ 생각만큼 가격이 안떨어짐,860479278,5
5,1,진짜 10개월도 말이 채운거지,855869605,5
5,0,막상 시세를 알아보면 S25 미개봉품과 신제품 S26의 가격 차이가 생각보다 얼마 나지 않습니다.,869163901,5
5,0,"총평

가격 : ⭐️⭐️ 요즘 핸드폰 너무 비싸요,,",867561522,5
5,-1,근데 가격이 2만원 더 떨어졌더군요.,884569384,5
5,0,"단점
가격대 있음 (약 130만~140만원대)",876488214,5
5,2,"휴대폰 성지 할부원금에 비싼 요금제 몇개월쓰고, 또 요금제 변경하고...",877095144,5
5,0,그리고 다음년도는 분명 반도체이슈로 엄청 비싸질듯 ㄷㄷㄷ,855564105,5
5,0,마진이 적어서 포장비가 적거나 인건비가 아까워 그러는거면 차라리 가격을 좀 더 올리시는게 맞을 것 같습니다.,811529335,1
5,-1,좋아하는 기능은 빠졌는데 가격은 270만원...,744674786,3
5,0,"그나마 좀 괜찮다싶은 케이스는 6ㅡ10만원까지하는데
기본적으로 가성비는 떨어집니다.",768087540,4
5,3,"이럴거면 굳이 살 이유가ㅜㅜ
차차 익숙해지겠죠.",768087540,4
5,2,"거기다 몇달 간 비싼 요금제 유지해야하고, 내가 알뜰통신사를 모르는 것은 아니나...",884131203,4
5,1,"2년 후에 얼마를 보상해준다고 높은 금액으로 현혹 해놓았는데

지금 하는 꼬라지를 보니 2년 후엔 0원 이런 소리할 것 같네요.",747472731,4
5,0,인터넷에 찾아보니 이미 악질 가격 책정에 대한 후기가 여럿 있었네요,747472731,4
5,0,할인 행사와 라이브방송 등으로 가격 변동이 조금씩 있더라고요.,869065523,5
5,0,세 번째는 '비싼 가격대'예요.,821909384,5
5,0,가격대비 구성품이 단촐합니다..,768849944,5
5,0,"가격은 200만원대라서,, 부담 확실히 있음",852573985,5
5,3,"그거로 사자니
급한모양이요 ㅋ",752873876,5
5,1,매장가서 약정을 하고 할인을 받을까.,763371978,5
5,0,2. 이 비싼 가격 줄 만한가? (가성비 vs 가심비),872799773,5
5,0,거기에 비싼가격도 한몫했던거 같구요,771343371,5
5,0,"단점  
- 가격대가 상당히 높아 부담이 될 수 있습니다.",837386564,5
5,0,가격도 부담이 있는 편이라 가성비를 따지는 분들에게는 고민이 될 수 있습니다.,873750385,5
5,0,용량 2배 안해주더라도 그냥 좀더 저렴한 가격에 판매했으면 하는?,747836736,5
5,3,사야하나 말아야하나를 고민하게 만들긴합니다.,747836736,5
5,0,"폴드 단점으로는,
1. 사악한 가격..",813852095,5
5,0,"* 여전히 높은 가격: 개선된 부분이 많지만, 여전히 높은 출고가는 구매를 망설이게 하는 요인입니다.",749859805,5
5,0,3. 최대 단점인데 너무 비쌈.,770305588,5
5,0,휴대폰이 일케 비쌀 일인가 싶게 비쌈.,770305588,5
5,1,천원주고 사도 아까울때가 있지요.,759537553,5
5,0,가격은 진짜 사악하긴 한데...,744932506,5
5,0,"대학생기념으로...
그런데아직은비싸요",855278268,5
5,0,단점가격 이 확실히부담됐음 .,880683049,5
5,-1,1TB는 오바인가 했는데 전혀요.,851775631,5
5,0,"첫째, 가격이 상당히 높아요.",794719782,5
5,3,16 쓰시는 분들은 고민해보세요.,777163956,5
5,0,나도 가격이 잘 안떨어진다는 장점이 있어요,769094462,5
5,0,"<아쉬운점>
:가격 이확실히높은편 입니다 .",767849729,5
5,0,"단점
가격대가 높아서 선물용으로는 부담이 되는 편임.",846886061,5
5,4,기본 구성품이 간소해서 추가 액세서리 비용이 더 들어갈 수 있음.,846886061,5
5,0,"단점
가격대가 높아 선물로는 부담이 되는 편이었음",843928143,5
5,0,"단점
가격대가 높아 부담이 있는 편임.",846065873,5
5,0,가격은 솔직히 부담됩니다 ㅋㅋ,851335684,5
5,0,"단점
가격 부담은 확실히 있었음",854873492,5
5,1,200만원이 훌쩍 넘는게 뽁뽁이로 한겹에 쌓여 덜그럭거리게 와서 괜히 거창하게 오면 오히려 누가 훔쳐갈까 이렇게 보낸 고도의 전략이려니 하고 받았어요.,771677194,5
5,0,단점 : 엄청 비싼 가격..,797831118,5
5,0,가격이 비싸다는게...단점아닌 단점이죠,820081763,5
5,3,그냥 여유롭다 하면 사세요 쪼들린다,770108006,5
5,3,좀싸게 구매하고 싶은데 ㅠㅠ,842027016,5
5,1,일 이십만원 짜리도 아닌데 말이죠.,778329760,5
5,1,3️⃣ 결제시 쿠페이머니로 결제한다,798287319,5
5,0,완벽함에는 대가가 따릅니다.,874489355,5
5,1,카드할인과 쿠폰할인이 맞물리는 어느 시점이 있음.,854858966,5
5,1,카드 할인 + 적립까지 있어서 체감가 낮음,863140341,5
5,1,"분명 설명은 이렇게 들었는데
마지막 요금 때릴땐 플러스고 말 장난 조금씩 섞인 그...",848254287,5
5,4,"3 )충전악세서리별매

충전기/케이블은기본 구성
에없고따로구매해야비용 추가입니다.",832668727,5
5,0,"가격이 확실히 부담돼요
	•",831134875,5
5,0,"아쉬운 점

❌ 가격이 저렴한 편은 아님
❌",868728527,5
5,0,다시 주문했더니 도로 가격이 올라갔어요.,753554133,3
5,0,"5나 6 도 아니고 3보다 화질이 별론데 
가격은..
왜 있던 기술도 적용을 못 시키는건지 모르겠네요.",746251661,3
5,0,- 성능에 비해 너~~~~~~무 비쌈.,773521689,4
5,0,사악한 수리비: 보험은 필수.,829631320,5
5,0,"단점

가격대가 높아 부담스러울 수 있음",803956913,5
5,0,: 저렴한데 스펙은 고급이다.,851098630,5
5,2,저렴한 기종에 노예계약만(심지어 못된 심보 대리점만났는지 과잉 부가서비스 추가) 하시곤 하셔서 이제 제가 살펴드리고 있습니다.,875504627,5
5,1,"타 사이트에서 할인을 받던, 여기서 카드할인을 받던 그 금액이 다 비슷하더라고요..",751143373,5
5,1,"요즘 단통법ㅍㅖ지되면서 다양한 혜택들로 유혹했지만, 비교해보면 똑같더라구요",747709807,5
5,2,통신사나 다른데는기본 케이스부터 해서 이것 저것 그래도 쫌,855868115,4
5,0,같이 사용중인 17프로맥스에 비하면 모든게 딸립니다 성능에비해 너무 비싼 가격,856560525,4
5,0,"4️⃣ 단점
가격이 높은 편이라 부담이 있습니다.",882181588,5
5,0,"4.  제미나이 사진 편집기능 놀라움

 단점 :  1. 가격이 어마어마 하게 비싸다.",859602545,5
5,0,이때 아니고 지금 금액보니 엄청 비싸네요,858336781,5
5,0,"단점: 여전히 묵직한 무게(여성분들은 처음엔 좀 무겁게 느끼실 수도?), 그리고 살짝 사악한 가격(하지만 6년 쓴다 생각하면 충분히 투자할 가치 있음).",877420929,5
5,1,예전에 카드할인 많이 해줬는데 그런부분은 좀 아쉽네요,858137887,5
5,0,- 가격이 부담스러울 수 있음,879913844,5
5,0,"단점

가격이 올라서 부담이 됩니다.",876143867,5
5,0,"할부로 하더라도 꽤 부담되는 금액인 것이

아쉽죠.",876143867,5
5,0,매년 계속 오르는 기기 가격도 조금 아쉽긴 하네요.,857896452,5
5,0,단점은 때 하나 가격입니다.,882768632,5
5,0,"단점
​가격: 성능만큼 사악해진 가격...",864672146,5
5,0,가격대가 있는 편이라 선물용으로는 부담이 조금 있음,874576088,5
5,0,같아서 악세사리까지 구매했는데 가격이 장난아니게 비싸네요ㅠ,874753526,5
5,0,고가의 물건이라 그런 생각이 들었네요,858924598,5
5,0,"200만 원을 훌쩍 넘는 가격 때문에 ""성능은 인정하지만 너무 비싸다""는 의견이 가장 많습니다.",857156701,5
5,2,한 줄 평: 비싼 요금제에 묶이기 싫다면?,865237293,5
5,1,한 달에 3먄 3챤 원씩 수수료 낸 경우 입니다.,819018951,1
5,1,3개월이 지난 지금 확인해 보니 한 달에 3먄 3챤 원 가량의 이자 가나가고 있었습니다.,819018951,1
5,1,"네, 제가 카드 내역서를 늦게 확인한 탓도 있겠지요",819018951,1
5,0,고가의 상품이고 데이터는 안타깝지만 정책이 그러하다는 답변 뿐.,810166388,1
5,1,아니 한두푼하는것도 아니고 살다살다,791456214,1
5,0,"그리고 실기스 잇다면서
36만5천에 판매하겟냐",795078432,1
5,0,"일방적으로 가격을 35프로씩이나
다운시키고 현금 받겟냐 아님",795078432,1
5,3,어차피 사실거 하루빨리 구입하세요,767515538,1
5,1,급해서 그냥 쓰지만 10만원짜리도 아니고..,809448802,1
5,3,살까말까할때는 말까지만 그래도 사야한다면 비싼거!,770429681,3
5,2,대리점 가기도 귀찮고 더 비싸게 사는 기분이랄까요,833928037,3
5,0,아쉬운 점을 굳이 꼽자면 가격대가 높은 편이라는 점입니다.,851517977,4
5,0,하지만 가격이 많이 비싸졌어요,867401480,4
5,3,급해서 정가 다주고 삼 ㅠㅠ 너무 비싸요,847197692,4
5,-1,근데 정가주고 구매했는데 바로 3프로 할인하는건 뭐임,830739683,4
5,0,다 좋으나 역시 가격이 문제다ㅋㅋ,824091475,4
5,0,"단점
가격은 솔직히 부담되죠 ㅜㅜ",882245178,5
5,0,(비싸서 당연한 걸 수도 있어요...^^),881553292,5
5,0,"구매 전 솔직한 고민 포인트
성능은 완벽하지만, 가격이 정말 만만치 않다는 게 가장 큰 진입장벽이에요.",880313439,5
5,0,"4️⃣ 단점
가격이 확실히 부담되는 편이에요.",880311059,5
5,0,그러면매입 할시기에 감가상각이많이까질수 있으니조심하세요!!,873013603,5
5,3,"* *단순변심
으로 매입하시려는분 들,,2 
주이상 쓰시고, 결정하세요 ..",873013603,5
5,0,"5. 결론: ""돈값은 하지만 무리는 금물""
자급제로 170만 원 가까이 태우면서 ""이게 그만한 가치가 있나?""라고 자문한다면, 솔직히 반반입니다.",869140507,5
5,1,"비싸긴 해도 매일 쓰는 물건이라 만족감은 높지만, 통장 잔고 보면 가끔 현타 오는 딱 그런 현실적인 플래",869140507,5
5,0,물론 가격은 솔직히 가볍지 않습니다.,856083628,5
5,1,그리고 카드할인이나 이런게 들어가면 기기값 좀 내려갈텐데..,860102592,5
5,4,기존 충전기가 없는 분들은 추가 지출이 있을 수 있으니 참고하세요.,853673003,5
5,1,"●단점
[초기 비용]: 자급제 특성상 기기값을 한 번에 결제해야 하므로,
카드 할부의 노예가 되거나 통장 잔고가 순식간에 사라짐 ㅠㅠ",849671538,5
5,0,아쉬운 점은 가격대가 상당히 높은 편이라 초기 부담이 크다는 점입니다.,848250448,5
5,4,또한 기본 구성품이 단출해 충전 어댑터 등은 별도로 준비해야 합니다.,848250448,5
5,0,가격에 비해 초라한 구성..ㅎ,845000800,5
5,-1,1T ?까지는필요할까 싶어요.,836727870,5
5,0,"단점(호불호/아쉬운점)
1) 가격은 역시부담 됨좋 긴한데 “폰 한대값”

이

너무세긴 합니다…2)",833662214,5
5,-1,마음같아선 1TB로 가고 싶었지만 너무 비싸요....,828352394,5
5,0,"2️⃣ 속도·카메라·감성 다 중요한 분들


✅ 단점

1️⃣ 가격이 사악하다.",822317379,5
5,0,가격은 진짜 매번 느끼지만 부담이 커요.,819241728,5
5,1,"내돈내산 솔직리뷰입니다❤

⚠️",808424203,5
5,2,"대리점 가면 괜히 비싼 요금제를 강요받는 경우도 많고, 부가서비스도 한두 개는 껴야 한다는 분위기 때문에 부담스러운 경우가 많았거든요.",800896425,5
5,0,하지만 살짝 부담되는 건 가격이랑 크기예요~,780923117,5
5,0,아무래도 가격이 높은 제품인데 신경을 더 써주셔야 할 것 같구요,779411229,5
5,4,"(케이블만 줘서 충전기 또 사야 함)
가격 여전히 비쌈… 학생 입장에선 부담 크죠",775553693,5
5,0,"기본 17이 성능 차이도 있는데 가격이
동결이라니……ㅋㅋㅋ 억울한..",814088979,5
5,0,물론 가격은 확실히 부담돼요.,772923817,5
5,3,웬만하면 그냥 공홈에서 사세요,769919131,5
5,-1,"주의할 점

서비스센터 수리비 / 보증 정책 확인 필요

처음 언락(unlock) 상태인지, 혹시 통신사 락이 걸렸는지 체크

충전기, 케이블 등 부속품 구성 확인 필요 — 번들 악세서리가 적을 가능성 있음",768563514,5
5,2,저는 통신사 대리점에서 약정이나 부가서비스까지 끼워 파는 방식이 늘 불편했어요.,767541035,5
5,0,단점이라면 가격이 너무 높아서 결제할 때 살짝 마음 아픈 정도… 그리고 영상 오래 보면 발열은 조금 있는 편 정도?,797657531,5
5,0,쿠팡에서도 100만원대~ 시작이라 부담 있음,881100562,5
5,4,케이블 머리는 따로 구매 해야되요,770446944,5
5,0,"단점
가격대가 높아 선물로는 부담이 되는 편이었음",843926490,5
5,0,"● 아쉬운 점
가격대는 확실히 부담되는 편입니다.",837838871,5
5,0,"단점: 가격이 높은 편이라 부담됨, 기본 용량이 아쉽게 느껴 수 있고, 스크레치가 심하다는 평이 많음",825232743,5
5,0,"단점
	•	가격이 확실히 비싼 편임
	•",825232743,5
5,0,가격이 높아 초기 지출이 큼 ㅠ,767713570,5
5,0,"이렇게 되면 체감 실구매가가 훨씬 낮아지니, 구매 전에 반드시 확인해 보세요!",809296042,5
5,0,아쉬운점및유의 사항•가격이꽤높 아요.,793986196,5
5,1,약정2년 노예에서 벗어날수있어요.,861492537,5
5,4,또한 기본 구성품이 간소화되어 충전기 등은 별도 구매가 필요할 수 있습니다.,868088316,5
5,0,2점은 무게와 스크래치 취약 및 가격 상승입니다.,771000163,5
5,3,고민할바에는 바로 사는게 맞아요,859969185,5
5,0,금액을 보는데 어마어마하네요.,773902702,5
5,0,가격이 꽤 나가는 편이니까요.,847459975,5
5,1,"솔직히1

3프로도아직 쌩쌩 하게잘돌아가는데백만원넘게더주 고바꾼다고생각 하 면살짝후회
될수 도 있어요.",787299775,5
